{"ts":1738772957806,"action":"PROJECT_OPENED","tags":{"PROJECT_NAME":"MSS_Timeplex"}}
{"ts":1738772959780,"action":"IDE_DEACTIVATED"}
{"ts":1738772964290,"action":"IDE_ACTIVATED"}
{"ts":1738772978510,"action":"IDE_DEACTIVATED"}
{"ts":1738772986194,"action":"IDE_ACTIVATED"}
{"ts":1738772997352,"action":"IDE_DEACTIVATED"}
{"ts":1738773013768,"action":"IDE_ACTIVATED"}
{"ts":1738773202237,"action":"IDE_DEACTIVATED"}
{"ts":1738773386625,"action":"IDE_ACTIVATED"}
{"ts":1738773407544,"action":"FILE_CLOSED","file":"/Assets/Scripts/Dialogue/Dialogue.cs","tags":{"FILE_LINE_OF_CODE":"23"}}
{"ts":1738773407544,"action":"FILE_OPENED","file":"/Library/PackageCache/com.fries_and_seagull.fries/Fries/Inspector/KiiValuePair.cs","tags":{"FILE_LINE_OF_CODE":"12"}}
{"ts":1738773414938,"action":"FILE_CLOSED","file":"/Library/PackageCache/com.fries_and_seagull.fries/Fries/Inspector/KiiValuePair.cs","tags":{"FILE_LINE_OF_CODE":"12"}}
{"ts":1738773414938,"action":"FILE_OPENED","file":"/Assets/Scripts/Dialogue/Dialogue.cs","tags":{"FILE_LINE_OF_CODE":"23"}}
{"ts":1738773443532,"action":"FILE_CLOSED","file":"/Assets/Scripts/Dialogue/Dialogue.cs","tags":{"FILE_LINE_OF_CODE":"27"}}
{"ts":1738773443532,"action":"FILE_OPENED","file":"/Library/PackageCache/com.fries_and_seagull.fries/Fries/Inspector/KiiValuePair.cs","tags":{"FILE_LINE_OF_CODE":"12"}}
{"ts":1738773462296,"action":"FILE_CLOSED","file":"/Library/PackageCache/com.fries_and_seagull.fries/Fries/Inspector/KiiValuePair.cs","tags":{"FILE_LINE_OF_CODE":"12"}}
{"ts":1738773462296,"action":"FILE_OPENED","file":"/Assets/Scripts/Dialogue/Dialogue.cs","tags":{"FILE_LINE_OF_CODE":"27"}}
{"ts":1738773509721,"action":"IDE_DEACTIVATED"}
{"ts":1738773512229,"action":"IDE_ACTIVATED"}
{"ts":1738773552526,"action":"IDE_DEACTIVATED"}
{"ts":1738773557309,"action":"IDE_ACTIVATED"}
{"ts":1738773583947,"action":"FILE_CLOSED","file":"/Assets/Scripts/DialogueSystem/Dialogue.cs","tags":{"FILE_LINE_OF_CODE":"7"}}
{"ts":1738773595266,"action":"FILE_OPENED","file":"/Assets/Scripts/DialogueSystem/Dialogue.cs","tags":{"FILE_LINE_OF_CODE":"7"}}
{"ts":1738773597377,"action":"FILE_CLOSED","file":"/Assets/Scripts/DialogueSystem/Dialogue.cs","tags":{"FILE_LINE_OF_CODE":"7"}}
{"ts":1738773623249,"action":"FILE_OPENED","file":"/Assets/Scripts/DialogueSystem/Dialogue.cs","tags":{"FILE_LINE_OF_CODE":"7"}}
{"ts":1738773631446,"action":"IDE_DEACTIVATED"}
{"ts":1738773634296,"action":"IDE_ACTIVATED"}
{"ts":1738773646237,"action":"FILE_CLOSED","file":"/Assets/Scripts/DialogueSystem/Dialogue.cs","tags":{"FILE_LINE_OF_CODE":"8"}}
{"ts":1738773646237,"action":"FILE_OPENED","file":"/Assets/Scripts/DialogueSystem/Structures.cs","tags":{"FILE_LINE_OF_CODE":"19"}}
{"ts":1738773648680,"action":"IDE_DEACTIVATED"}
{"ts":1738773654616,"action":"IDE_ACTIVATED"}
{"ts":1738773656057,"action":"FILE_CLOSED","file":"/Assets/Scripts/DialogueSystem/Structures.cs","tags":{"FILE_LINE_OF_CODE":"19"}}
{"ts":1738773656057,"action":"FILE_OPENED","file":"/Assets/Scripts/DialogueSystem/Dialogue.cs","tags":{"FILE_LINE_OF_CODE":"8"}}
{"ts":1738773662900,"action":"FILE_CLOSED","file":"/Assets/Scripts/DialogueSystem/Dialogue.cs","tags":{"FILE_LINE_OF_CODE":"9"}}
{"ts":1738773662900,"action":"FILE_OPENED","file":"/Assets/Scripts/DialogueSystem/Structures.cs","tags":{"FILE_LINE_OF_CODE":"19"}}
{"ts":1738773670104,"action":"FILE_CLOSED","file":"/Assets/Scripts/DialogueSystem/Structures.cs","tags":{"FILE_LINE_OF_CODE":"19"}}
{"ts":1738773670104,"action":"FILE_OPENED","file":"/Assets/Scripts/DialogueSystem/Dialogue.cs","tags":{"FILE_LINE_OF_CODE":"9"}}
{"ts":1738773677886,"action":"IDE_DEACTIVATED"}
{"ts":1738773742603,"action":"IDE_ACTIVATED"}
{"ts":1738773747612,"action":"IDE_DEACTIVATED"}
{"ts":1738773748241,"action":"IDE_ACTIVATED"}
{"ts":1738773749693,"action":"FILE_CLOSED","file":"/Assets/Scripts/DialogueSystem/Dialogue.cs","tags":{"FILE_LINE_OF_CODE":"9"}}
{"ts":1738773749693,"action":"FILE_OPENED","file":"/Library/PackageCache/com.fries_and_seagull.fries/Fries/Inspector/KiiValuePair.cs","tags":{"FILE_LINE_OF_CODE":"12"}}
{"ts":1738773757108,"action":"FILE_CLOSED","file":"/Library/PackageCache/com.fries_and_seagull.fries/Fries/Inspector/KiiValuePair.cs","tags":{"FILE_LINE_OF_CODE":"12"}}
{"ts":1738773757108,"action":"FILE_OPENED","file":"/Assets/Scripts/DialogueSystem/Structures.cs","tags":{"FILE_LINE_OF_CODE":"19"}}
{"ts":1738773808781,"action":"IDE_DEACTIVATED"}
{"ts":1738773875198,"action":"IDE_ACTIVATED"}
{"ts":1738773885698,"action":"FILE_CLOSED","file":"/Assets/Scripts/DialogueSystem/Structures.cs","tags":{"FILE_LINE_OF_CODE":"25"}}
{"ts":1738773885698,"action":"FILE_OPENED","file":"/Library/PackageCache/com.fries_and_seagull.fries/Fries/Inspector/KiiValuePair.cs","tags":{"FILE_LINE_OF_CODE":"12"}}
{"ts":1738773892841,"action":"FILE_CLOSED","file":"/Library/PackageCache/com.fries_and_seagull.fries/Fries/Inspector/KiiValuePair.cs","tags":{"FILE_LINE_OF_CODE":"12"}}
{"ts":1738773892841,"action":"FILE_OPENED","file":"/Library/PackageCache/com.fries_and_seagull.fries/Fries/Inspector/KeyValuePairPropertyDrawer.cs","tags":{"FILE_LINE_OF_CODE":"43"}}
{"ts":1738773905044,"action":"IDE_DEACTIVATED"}
{"ts":1738773908541,"action":"IDE_ACTIVATED"}
{"ts":1738773925996,"action":"IDE_DEACTIVATED"}
{"ts":1738773936897,"action":"IDE_ACTIVATED"}
{"ts":1738773994097,"action":"IDE_DEACTIVATED"}
{"ts":1738774007135,"action":"IDE_ACTIVATED"}
{"ts":1738774141219,"action":"IDE_DEACTIVATED"}
{"ts":1738774307920,"action":"IDE_ACTIVATED"}
{"ts":1738774309150,"action":"IDE_DEACTIVATED"}
{"ts":1738774320672,"action":"IDE_ACTIVATED"}
{"ts":1738774323740,"action":"IDE_DEACTIVATED"}
{"ts":1738774367973,"action":"IDE_ACTIVATED"}
{"ts":1738774372649,"action":"FILE_CLOSED","file":"/Library/PackageCache/com.fries_and_seagull.fries/Fries/Inspector/KeyValuePairPropertyDrawer.cs","tags":{"FILE_LINE_OF_CODE":"43"}}
{"ts":1738774372650,"action":"FILE_OPENED","file":"/Assets/Scripts/DialogueSystem/Structures.cs","tags":{"FILE_LINE_OF_CODE":"25"}}
{"ts":1738774407021,"action":"IDE_DEACTIVATED"}
{"ts":1738774482204,"action":"IDE_ACTIVATED"}
{"ts":1738774489074,"action":"IDE_DEACTIVATED"}
{"ts":1738774491538,"action":"IDE_ACTIVATED"}
{"ts":1738774529166,"action":"IDE_DEACTIVATED"}
{"ts":1738774613252,"action":"IDE_ACTIVATED"}
{"ts":1738774623772,"action":"IDE_DEACTIVATED"}
{"ts":1738774645513,"action":"IDE_ACTIVATED"}
{"ts":1738774658109,"action":"IDE_DEACTIVATED"}
{"ts":1738774777642,"action":"IDE_ACTIVATED"}
{"ts":1738774870769,"action":"IDE_DEACTIVATED"}
{"ts":1738774886130,"action":"IDE_ACTIVATED"}
{"ts":1738774891220,"action":"IDE_DEACTIVATED"}
{"ts":1738774898202,"action":"IDE_ACTIVATED"}
{"ts":1738774943848,"action":"IDE_DEACTIVATED"}
{"ts":1738775158452,"action":"IDE_ACTIVATED"}
{"ts":1738775159187,"action":"IDE_DEACTIVATED"}
{"ts":1738775159784,"action":"IDE_ACTIVATED"}
{"ts":1738775168743,"action":"IDE_DEACTIVATED"}
{"ts":1738775191683,"action":"IDE_ACTIVATED"}
{"ts":1738775199187,"action":"IDE_DEACTIVATED"}
{"ts":1738775250280,"action":"IDE_ACTIVATED"}
{"ts":1738775254349,"action":"IDE_DEACTIVATED"}
{"ts":1738775256933,"action":"IDE_ACTIVATED"}
{"ts":1738775287221,"action":"IDE_DEACTIVATED"}
{"ts":1738775316897,"action":"IDE_ACTIVATED"}
{"ts":1738775335263,"action":"IDE_DEACTIVATED"}
{"ts":1738775353733,"action":"IDE_ACTIVATED"}
{"ts":1738775356010,"action":"IDE_DEACTIVATED"}
{"ts":1738775356689,"action":"IDE_ACTIVATED"}
{"ts":1738775415735,"action":"IDE_DEACTIVATED"}
{"ts":1738775418779,"action":"IDE_ACTIVATED"}
{"ts":1738775591694,"action":"IDE_DEACTIVATED"}
{"ts":1738775608062,"action":"IDE_ACTIVATED"}
{"ts":1738775609341,"action":"IDE_DEACTIVATED"}
{"ts":1738775658573,"action":"IDE_ACTIVATED"}
{"ts":1738775680410,"action":"FILE_CLOSED","file":"/Assets/Scripts/DialogueSystem/Structures.cs","tags":{"FILE_LINE_OF_CODE":"32"}}
{"ts":1738775680410,"action":"FILE_OPENED","file":"/Library/PackageCache/com.fries_and_seagull.fries/Fries/Inspector/KiiValuePair.cs","tags":{"FILE_LINE_OF_CODE":"15"}}
{"ts":1738775688530,"action":"FILE_CLOSED","file":"/Library/PackageCache/com.fries_and_seagull.fries/Fries/Inspector/KiiValuePair.cs","tags":{"FILE_LINE_OF_CODE":"15"}}
{"ts":1738775688530,"action":"FILE_OPENED","file":"/Assets/Scripts/DialogueSystem/Structures.cs","tags":{"FILE_LINE_OF_CODE":"32"}}
{"ts":1738775758731,"action":"IDE_DEACTIVATED"}
{"ts":1738775785958,"action":"IDE_ACTIVATED"}
{"ts":1738775813513,"action":"IDE_DEACTIVATED"}
{"ts":1738775862386,"action":"IDE_ACTIVATED"}
{"ts":1738775897753,"action":"IDE_DEACTIVATED"}
{"ts":1738775899092,"action":"IDE_ACTIVATED"}
{"ts":1738775920573,"action":"IDE_DEACTIVATED"}
{"ts":1738775921257,"action":"IDE_ACTIVATED"}
{"ts":1738775934297,"action":"FILE_CLOSED","file":"/Assets/Scripts/DialogueSystem/Structures.cs","tags":{"FILE_LINE_OF_CODE":"38"}}
{"ts":1738775934297,"action":"FILE_OPENED","file":"/Library/PackageCache/com.fries_and_seagull.fries/Fries/Inspector/KeyValuePairPropertyDrawer.cs","tags":{"FILE_LINE_OF_CODE":"55"}}
{"ts":1738775937821,"action":"IDE_DEACTIVATED"}
{"ts":1738775943779,"action":"IDE_ACTIVATED"}
{"ts":1738776021057,"action":"FILE_CLOSED","file":"/Library/PackageCache/com.fries_and_seagull.fries/Fries/Inspector/KeyValuePairPropertyDrawer.cs","tags":{"FILE_LINE_OF_CODE":"55"}}
{"ts":1738776021057,"action":"FILE_OPENED","file":"/Assets/Scripts/DialogueSystem/Dialogue.cs","tags":{"FILE_LINE_OF_CODE":"9"}}
{"ts":1738776023611,"action":"FILE_CLOSED","file":"/Assets/Scripts/DialogueSystem/Dialogue.cs","tags":{"FILE_LINE_OF_CODE":"9"}}
{"ts":1738776023611,"action":"FILE_OPENED","file":"/Library/PackageCache/com.fries_and_seagull.fries/Fries/Inspector/KiiValuePair.cs","tags":{"FILE_LINE_OF_CODE":"15"}}
{"ts":1738776024692,"action":"FILE_CLOSED","file":"/Library/PackageCache/com.fries_and_seagull.fries/Fries/Inspector/KiiValuePair.cs","tags":{"FILE_LINE_OF_CODE":"15"}}
{"ts":1738776024692,"action":"FILE_OPENED","file":"/Assets/Scripts/DialogueSystem/Structures.cs","tags":{"FILE_LINE_OF_CODE":"38"}}
{"ts":1738776046568,"action":"IDE_DEACTIVATED"}
{"ts":1738776047648,"action":"IDE_ACTIVATED"}
{"ts":1738776063654,"action":"IDE_DEACTIVATED"}
{"ts":1738776063849,"action":"IDE_ACTIVATED"}
{"ts":1738776068046,"action":"IDE_DEACTIVATED"}
{"ts":1738776069655,"action":"IDE_ACTIVATED"}
{"ts":1738776074581,"action":"IDE_DEACTIVATED"}
{"ts":1738776074742,"action":"IDE_ACTIVATED"}
{"ts":1738776079545,"action":"IDE_DEACTIVATED"}
{"ts":1738776079667,"action":"IDE_ACTIVATED"}
{"ts":1738776085759,"action":"IDE_DEACTIVATED"}
{"ts":1738776085965,"action":"IDE_ACTIVATED"}
{"ts":1738776092449,"action":"IDE_DEACTIVATED"}
{"ts":1738776092628,"action":"IDE_ACTIVATED"}
{"ts":1738776113563,"action":"IDE_DEACTIVATED"}
{"ts":1738777356679,"action":"IDE_ACTIVATED"}
{"ts":1738777364463,"action":"IDE_DEACTIVATED"}
{"ts":1738777369604,"action":"IDE_ACTIVATED"}
{"ts":1738777575863,"action":"IDE_DEACTIVATED"}
{"ts":1738777691888,"action":"IDE_ACTIVATED"}
{"ts":1738777746350,"action":"IDE_DEACTIVATED"}
{"ts":1738777783621,"action":"IDE_ACTIVATED"}
{"ts":1738777834273,"action":"IDE_DEACTIVATED"}
{"ts":1738777902964,"action":"IDE_ACTIVATED"}
{"ts":1738777917750,"action":"IDE_DEACTIVATED"}
{"ts":1738777928751,"action":"IDE_ACTIVATED"}
{"ts":1738777931349,"action":"FILE_CLOSED","file":"/Assets/Scripts/DialogueSystem/Structures.cs","tags":{"FILE_LINE_OF_CODE":"34"}}
{"ts":1738777931349,"action":"FILE_OPENED","file":"/Library/PackageCache/com.fries_and_seagull.fries/Fries/Inspector/KiiValuePair.cs","tags":{"FILE_LINE_OF_CODE":"30"}}
{"ts":1738777948383,"action":"IDE_DEACTIVATED"}
{"ts":1738777959346,"action":"IDE_ACTIVATED"}
{"ts":1738778004044,"action":"IDE_DEACTIVATED"}
{"ts":1738778015114,"action":"IDE_ACTIVATED"}
{"ts":1738778018593,"action":"IDE_DEACTIVATED"}
{"ts":1738778018762,"action":"IDE_ACTIVATED"}
{"ts":1738778027874,"action":"IDE_DEACTIVATED"}
{"ts":1738778034280,"action":"IDE_ACTIVATED"}
{"ts":1738778035310,"action":"IDE_DEACTIVATED"}
{"ts":1738778095748,"action":"IDE_ACTIVATED"}
{"ts":1738778095841,"action":"FILE_CLOSED","file":"/Library/PackageCache/com.fries_and_seagull.fries/Fries/Inspector/KiiValuePair.cs","tags":{"FILE_LINE_OF_CODE":"32"}}
{"ts":1738778095841,"action":"FILE_OPENED","file":"/Library/PackageCache/com.fries_and_seagull.fries/Fries/Inspector/KeyValuePairPropertyDrawer.cs","tags":{"FILE_LINE_OF_CODE":"55"}}
{"ts":1738778101331,"action":"IDE_DEACTIVATED"}
{"ts":1738778102678,"action":"IDE_ACTIVATED"}
{"ts":1738778106835,"action":"IDE_DEACTIVATED"}
{"ts":1738778108077,"action":"IDE_ACTIVATED"}
{"ts":1738778125861,"action":"IDE_DEACTIVATED"}
{"ts":1738778149995,"action":"IDE_ACTIVATED"}
{"ts":1738778215408,"action":"IDE_DEACTIVATED"}
{"ts":1738778223979,"action":"IDE_ACTIVATED"}
{"ts":1738778225372,"action":"IDE_DEACTIVATED"}
{"ts":1738778266963,"action":"IDE_ACTIVATED"}
{"ts":1738778269681,"action":"FILE_CLOSED","file":"/Library/PackageCache/com.fries_and_seagull.fries/Fries/Inspector/KeyValuePairPropertyDrawer.cs","tags":{"FILE_LINE_OF_CODE":"58"}}
{"ts":1738778269681,"action":"FILE_OPENED","file":"/Assets/Scripts/DialogueSystem/Structures.cs","tags":{"FILE_LINE_OF_CODE":"34"}}
{"ts":1738778292468,"action":"IDE_DEACTIVATED"}
{"ts":1738778313330,"action":"IDE_ACTIVATED"}
{"ts":1738778314667,"action":"FILE_CLOSED","file":"/Assets/Scripts/DialogueSystem/Structures.cs","tags":{"FILE_LINE_OF_CODE":"34"}}
{"ts":1738778314667,"action":"FILE_OPENED","file":"/Library/PackageCache/com.fries_and_seagull.fries/Fries/Inspector/KiiValuePair.cs","tags":{"FILE_LINE_OF_CODE":"31"}}
{"ts":1738778330171,"action":"IDE_DEACTIVATED"}
{"ts":1738778332082,"action":"IDE_ACTIVATED"}
{"ts":1738778358815,"action":"FILE_CLOSED","file":"/Library/PackageCache/com.fries_and_seagull.fries/Fries/Inspector/KiiValuePair.cs","tags":{"FILE_LINE_OF_CODE":"31"}}
{"ts":1738778358815,"action":"FILE_OPENED","file":"/Library/PackageCache/com.fries_and_seagull.fries/Fries/Inspector/KeyValuePairPropertyDrawer.cs","tags":{"FILE_LINE_OF_CODE":"58"}}
{"ts":1738778378875,"action":"IDE_DEACTIVATED"}
{"ts":1738778382488,"action":"IDE_ACTIVATED"}
{"ts":1738778409401,"action":"IDE_DEACTIVATED"}
{"ts":1738778456462,"action":"IDE_ACTIVATED"}
{"ts":1738778460073,"action":"IDE_DEACTIVATED"}
{"ts":1738778460228,"action":"IDE_ACTIVATED"}
{"ts":1738778515204,"action":"IDE_DEACTIVATED"}
{"ts":1738778522196,"action":"IDE_ACTIVATED"}
{"ts":1738778607318,"action":"IDE_DEACTIVATED"}
{"ts":1738778616228,"action":"IDE_ACTIVATED"}
{"ts":1738778675846,"action":"IDE_DEACTIVATED"}
{"ts":1738778684359,"action":"IDE_ACTIVATED"}
{"ts":1738778687075,"action":"IDE_DEACTIVATED"}
{"ts":1738778738402,"action":"IDE_ACTIVATED"}
{"ts":1738779276604,"action":"IDE_DEACTIVATED"}
{"ts":1738779278494,"action":"IDE_ACTIVATED"}
{"ts":1738779311956,"action":"IDE_DEACTIVATED"}
{"ts":1738779313102,"action":"IDE_ACTIVATED"}
{"ts":1738779331708,"action":"IDE_DEACTIVATED"}
{"ts":1738779338068,"action":"IDE_ACTIVATED"}
{"ts":1738779352054,"action":"IDE_DEACTIVATED"}
{"ts":1738779388755,"action":"IDE_ACTIVATED"}
{"ts":1738779394785,"action":"FILE_CLOSED","file":"/Library/PackageCache/com.fries_and_seagull.fries/Fries/Inspector/KeyValuePairPropertyDrawer.cs","tags":{"FILE_LINE_OF_CODE":"65"}}
{"ts":1738779394785,"action":"FILE_OPENED","file":"/Library/PackageCache/com.fries_and_seagull.fries/Fries/Inspector/KiiValuePair.cs","tags":{"FILE_LINE_OF_CODE":"33"}}
{"ts":1738779407522,"action":"IDE_DEACTIVATED"}
{"ts":1738779411188,"action":"IDE_ACTIVATED"}
{"ts":1738779421156,"action":"IDE_DEACTIVATED"}
{"ts":1738779476175,"action":"IDE_ACTIVATED"}
{"ts":1738779484209,"action":"IDE_DEACTIVATED"}
{"ts":1738779549648,"action":"IDE_ACTIVATED"}
{"ts":1738779561625,"action":"IDE_DEACTIVATED"}
{"ts":1738779619669,"action":"IDE_ACTIVATED"}
{"ts":1738779621278,"action":"FILE_CLOSED","file":"/Library/PackageCache/com.fries_and_seagull.fries/Fries/Inspector/KiiValuePair.cs","tags":{"FILE_LINE_OF_CODE":"33"}}
{"ts":1738779621278,"action":"FILE_OPENED","file":"/Assets/Scripts/DialogueSystem/Structures.cs","tags":{"FILE_LINE_OF_CODE":"34"}}
{"ts":1738779629857,"action":"IDE_DEACTIVATED"}
{"ts":1738779634276,"action":"IDE_ACTIVATED"}
{"ts":1738779636052,"action":"IDE_DEACTIVATED"}
{"ts":1738779636863,"action":"IDE_ACTIVATED"}
{"ts":1738779667667,"action":"IDE_DEACTIVATED"}
{"ts":1738779672519,"action":"IDE_ACTIVATED"}
{"ts":1738779678931,"action":"IDE_DEACTIVATED"}
{"ts":1738779716041,"action":"IDE_ACTIVATED"}
{"ts":1738779719386,"action":"IDE_DEACTIVATED"}
{"ts":1738779721028,"action":"IDE_ACTIVATED"}
{"ts":1738779723302,"action":"IDE_DEACTIVATED"}
{"ts":1738779883682,"action":"IDE_ACTIVATED"}
{"ts":1738779888432,"action":"IDE_DEACTIVATED"}
{"ts":1738779889992,"action":"IDE_ACTIVATED"}
{"ts":1738779926209,"action":"IDE_DEACTIVATED"}
{"ts":1738780035608,"action":"IDE_ACTIVATED"}
{"ts":1738780071654,"action":"IDE_DEACTIVATED"}
{"ts":1738780076772,"action":"IDE_ACTIVATED"}
{"ts":1738780077917,"action":"IDE_DEACTIVATED"}
{"ts":1738780184262,"action":"IDE_ACTIVATED"}
{"ts":1738780184370,"action":"FILE_CLOSED","file":"/Assets/Scripts/DialogueSystem/Structures.cs","tags":{"FILE_LINE_OF_CODE":"34"}}
{"ts":1738780184370,"action":"FILE_OPENED","file":"/Library/PackageCache/com.fries_and_seagull.fries/Fries/Inspector/KeyValuePairPropertyDrawer.cs","tags":{"FILE_LINE_OF_CODE":"66"}}
{"ts":1738780248166,"action":"IDE_DEACTIVATED"}
{"ts":1738780392116,"action":"IDE_ACTIVATED"}
{"ts":1738780396736,"action":"IDE_DEACTIVATED"}
{"ts":1738780439184,"action":"IDE_ACTIVATED"}
{"ts":1738780482561,"action":"IDE_DEACTIVATED"}
{"ts":1738780484401,"action":"IDE_ACTIVATED"}
{"ts":1738780500738,"action":"IDE_DEACTIVATED"}
{"ts":1738780506308,"action":"IDE_ACTIVATED"}
{"ts":1738780513364,"action":"IDE_DEACTIVATED"}
{"ts":1738780577524,"action":"IDE_ACTIVATED"}
{"ts":1738780578134,"action":"IDE_DEACTIVATED"}
{"ts":1738780581231,"action":"IDE_ACTIVATED"}
{"ts":1738780586110,"action":"FILE_CLOSED","file":"/Library/PackageCache/com.fries_and_seagull.fries/Fries/Inspector/KeyValuePairPropertyDrawer.cs","tags":{"FILE_LINE_OF_CODE":"61"}}
{"ts":1738780586110,"action":"FILE_OPENED","file":"/Assets/Scripts/DialogueSystem/Dialogue.cs","tags":{"FILE_LINE_OF_CODE":"9"}}
{"ts":1738780587180,"action":"FILE_CLOSED","file":"/Assets/Scripts/DialogueSystem/Dialogue.cs","tags":{"FILE_LINE_OF_CODE":"9"}}
{"ts":1738780587180,"action":"FILE_OPENED","file":"/Assets/Scripts/DialogueSystem/Structures.cs","tags":{"FILE_LINE_OF_CODE":"34"}}
{"ts":1738780589004,"action":"FILE_CLOSED","file":"/Assets/Scripts/DialogueSystem/Structures.cs","tags":{"FILE_LINE_OF_CODE":"34"}}
{"ts":1738780589004,"action":"FILE_OPENED","file":"/Assets/Scripts/DialogueSystem/Dialogue.cs","tags":{"FILE_LINE_OF_CODE":"9"}}
{"ts":1738780591671,"action":"FILE_CLOSED","file":"/Assets/Scripts/DialogueSystem/Dialogue.cs","tags":{"FILE_LINE_OF_CODE":"9"}}
{"ts":1738780591671,"action":"FILE_OPENED","file":"/Assets/Scripts/DialogueSystem/Structures.cs","tags":{"FILE_LINE_OF_CODE":"34"}}
{"ts":1738780599478,"action":"IDE_DEACTIVATED"}
{"ts":1738784117788,"action":"IDE_ACTIVATED"}
{"ts":1738784410729,"action":"IDE_DEACTIVATED"}
{"ts":1738784460551,"action":"IDE_ACTIVATED"}
{"ts":1738784575225,"action":"IDE_DEACTIVATED"}
{"ts":1738784604941,"action":"IDE_ACTIVATED"}
{"ts":1738784637164,"action":"IDE_DEACTIVATED"}
{"ts":1738784792149,"action":"IDE_ACTIVATED"}
{"ts":1738785397332,"action":"IDE_DEACTIVATED"}
{"ts":1738785957390,"action":"IDE_ACTIVATED"}
{"ts":1738785964044,"action":"IDE_DEACTIVATED"}
{"ts":1738801450388,"action":"IDE_ACTIVATED"}
{"ts":1738801452651,"action":"IDE_DEACTIVATED"}
{"ts":1738801453484,"action":"IDE_ACTIVATED"}
{"ts":1738801453803,"action":"IDE_DEACTIVATED"}
{"ts":1738801475138,"action":"IDE_ACTIVATED"}
{"ts":1738801479114,"action":"IDE_DEACTIVATED"}
{"ts":1738802395074,"action":"IDE_ACTIVATED"}
{"ts":1738802671570,"action":"IDE_DEACTIVATED"}
{"ts":1738802673452,"action":"IDE_ACTIVATED"}
{"ts":1738802676408,"action":"IDE_DEACTIVATED"}
{"ts":1738802690879,"action":"IDE_ACTIVATED"}
{"ts":1738802733103,"action":"IDE_DEACTIVATED"}
{"ts":1738807981359,"action":"PROJECT_CLOSED","tags":{"PROJECT_NAME":"MSS_Timeplex"}}
{"ts":1739079521747,"action":"PROJECT_OPENED","tags":{"PROJECT_NAME":"MSS_Timeplex"}}
{"ts":1739079540049,"action":"IDE_DEACTIVATED"}
{"ts":1739079553714,"action":"IDE_ACTIVATED"}
{"ts":1739079566234,"action":"IDE_DEACTIVATED"}
{"ts":1739079606067,"action":"IDE_ACTIVATED"}
{"ts":1739079612598,"action":"IDE_DEACTIVATED"}
{"ts":1739079614253,"action":"IDE_ACTIVATED"}
{"ts":1739079618584,"action":"IDE_DEACTIVATED"}
{"ts":1739079640097,"action":"IDE_ACTIVATED"}
{"ts":1739079642249,"action":"FILE_CLOSED","file":"/Assets/Scripts/DialogueSystem/Structures.cs","tags":{"FILE_LINE_OF_CODE":"35"}}
{"ts":1739079642249,"action":"FILE_OPENED","file":"/Assets/Scripts/DialogueSystem/Dialogue.cs","tags":{"FILE_LINE_OF_CODE":"9"}}
{"ts":1739079667680,"action":"FILE_CLOSED","file":"/Assets/Scripts/DialogueSystem/Dialogue.cs","tags":{"FILE_LINE_OF_CODE":"11"}}
{"ts":1739079667680,"action":"FILE_OPENED","file":"/Assets/Scripts/DialogueSystem/Structures.cs","tags":{"FILE_LINE_OF_CODE":"35"}}
{"ts":1739079678248,"action":"FILE_CLOSED","file":"/Assets/Scripts/DialogueSystem/Structures.cs","tags":{"FILE_LINE_OF_CODE":"35"}}
{"ts":1739079678248,"action":"FILE_OPENED","file":"/Assets/Scripts/DialogueSystem/Dialogue.cs","tags":{"FILE_LINE_OF_CODE":"11"}}
{"ts":1739079692912,"action":"IDE_DEACTIVATED"}
{"ts":1739079697552,"action":"IDE_ACTIVATED"}
{"ts":1739079810510,"action":"FILE_CLOSED","file":"/Assets/Scripts/DialogueSystem/Dialogue.cs","tags":{"FILE_LINE_OF_CODE":"20"}}
{"ts":1739079810510,"action":"FILE_OPENED","file":"/Assets/Scripts/DialogueSystem/Structures.cs","tags":{"FILE_LINE_OF_CODE":"35"}}
{"ts":1739079820757,"action":"FILE_CLOSED","file":"/Assets/Scripts/DialogueSystem/Structures.cs","tags":{"FILE_LINE_OF_CODE":"35"}}
{"ts":1739079820757,"action":"FILE_OPENED","file":"/Assets/Scripts/DialogueSystem/Dialogue.cs","tags":{"FILE_LINE_OF_CODE":"20"}}
{"ts":1739079823697,"action":"FILE_CLOSED","file":"/Assets/Scripts/DialogueSystem/Dialogue.cs","tags":{"FILE_LINE_OF_CODE":"20"}}
{"ts":1739079823697,"action":"FILE_OPENED","file":"/Assets/Scripts/DialogueSystem/Structures.cs","tags":{"FILE_LINE_OF_CODE":"35"}}
{"ts":1739079850372,"action":"FILE_CLOSED","file":"/Assets/Scripts/DialogueSystem/Structures.cs","tags":{"FILE_LINE_OF_CODE":"40"}}
{"ts":1739079850372,"action":"FILE_OPENED","file":"/Assets/Scripts/DialogueSystem/Dialogue.cs","tags":{"FILE_LINE_OF_CODE":"20"}}
{"ts":1739080021083,"action":"FILE_CLOSED","file":"/Assets/Scripts/DialogueSystem/Dialogue.cs","tags":{"FILE_LINE_OF_CODE":"31"}}
{"ts":1739080021083,"action":"FILE_OPENED","file":"/Assets/Scripts/DialogueSystem/Structures.cs","tags":{"FILE_LINE_OF_CODE":"40"}}
{"ts":1739080043316,"action":"FILE_CLOSED","file":"/Assets/Scripts/DialogueSystem/Structures.cs","tags":{"FILE_LINE_OF_CODE":"40"}}
{"ts":1739080043316,"action":"FILE_OPENED","file":"/Assets/Scripts/DialogueSystem/Dialogue.cs","tags":{"FILE_LINE_OF_CODE":"31"}}
{"ts":1739080084370,"action":"FILE_CLOSED","file":"/Assets/Scripts/DialogueSystem/Dialogue.cs","tags":{"FILE_LINE_OF_CODE":"31"}}
{"ts":1739080084370,"action":"FILE_OPENED","file":"/Assets/Scripts/DialogueSystem/Structures.cs","tags":{"FILE_LINE_OF_CODE":"40"}}
{"ts":1739080364732,"action":"PROJECT_CLOSED","tags":{"PROJECT_NAME":"MSS_Timeplex"}}
{"ts":1739080380728,"action":"PROJECT_OPENED","tags":{"PROJECT_NAME":"MSS_Timeplex"}}
{"ts":1739080404287,"action":"FILE_CLOSED","file":"/Library/PackageCache/com.fries_and_seagull.fries/Fries/Inspector/KeyValuePairPropertyDrawer.cs","tags":{"FILE_LINE_OF_CODE":"61"}}
{"ts":1739080404288,"action":"FILE_OPENED","file":"/Library/PackageCache/com.fries_and_seagull.fries/Fries/Inspector/KiiValuePair.cs","tags":{"FILE_LINE_OF_CODE":"31"}}
{"ts":1739080407184,"action":"FILE_CLOSED","file":"/Library/PackageCache/com.fries_and_seagull.fries/Fries/Inspector/KiiValuePair.cs","tags":{"FILE_LINE_OF_CODE":"31"}}
{"ts":1739080407184,"action":"FILE_OPENED","file":"/Assets/Scripts/DialogueSystem/Dialogue.cs","tags":{"FILE_LINE_OF_CODE":"31"}}
{"ts":1739080407903,"action":"FILE_CLOSED","file":"/Assets/Scripts/DialogueSystem/Dialogue.cs","tags":{"FILE_LINE_OF_CODE":"31"}}
{"ts":1739080407903,"action":"FILE_OPENED","file":"/Assets/Scripts/DialogueSystem/Structures.cs","tags":{"FILE_LINE_OF_CODE":"57"}}
{"ts":1739080760300,"action":"IDE_DEACTIVATED"}
{"ts":1739080767669,"action":"IDE_ACTIVATED"}
{"ts":1739080809291,"action":"PROJECT_CLOSED","tags":{"PROJECT_NAME":"MSS_Timeplex"}}
{"ts":1739080819703,"action":"PROJECT_OPENED","tags":{"PROJECT_NAME":"MSS_Timeplex"}}
{"ts":1739080958254,"action":"IDE_DEACTIVATED"}
{"ts":1739080965325,"action":"IDE_ACTIVATED"}
{"ts":1739081134423,"action":"IDE_DEACTIVATED"}
{"ts":1739081163882,"action":"IDE_ACTIVATED"}
{"ts":1739081223211,"action":"PROJECT_CLOSED","tags":{"PROJECT_NAME":"MSS_Timeplex"}}
{"ts":1739081256840,"action":"PROJECT_OPENED","tags":{"PROJECT_NAME":"MSS_Timeplex"}}
{"ts":1739081285465,"action":"FILE_CLOSED","file":"/Assets/Scripts/DialogueSystem/Structures.cs","tags":{"FILE_LINE_OF_CODE":"115"}}
{"ts":1739081285466,"action":"FILE_OPENED","file":"/Assets/Scripts/DialogueSystem/Dialogue.cs","tags":{"FILE_LINE_OF_CODE":"31"}}
{"ts":1739081310713,"action":"FILE_CLOSED","file":"/Assets/Scripts/DialogueSystem/StaticDialogue.cs","tags":{"FILE_LINE_OF_CODE":"31"}}
{"ts":1739081310713,"action":"FILE_OPENED","file":"/Assets/Scripts/DialogueSystem/StaticDialogueStructure.cs","tags":{"FILE_LINE_OF_CODE":"5"}}
{"ts":1739081321063,"action":"FILE_CLOSED","file":"/Assets/Scripts/DialogueSystem/StaticDialogueStructure.cs","tags":{"FILE_LINE_OF_CODE":"5"}}
{"ts":1739081321063,"action":"FILE_OPENED","file":"/Assets/Scripts/DialogueSystem/Structures.cs","tags":{"FILE_LINE_OF_CODE":"115"}}
{"ts":1739081335373,"action":"FILE_CLOSED","file":"/Assets/Scripts/DialogueSystem/Structures.cs","tags":{"FILE_LINE_OF_CODE":"58"}}
{"ts":1739081335373,"action":"FILE_OPENED","file":"/Assets/Scripts/DialogueSystem/StaticDialogue.cs","tags":{"FILE_LINE_OF_CODE":"31"}}
{"ts":1739081336117,"action":"FILE_CLOSED","file":"/Assets/Scripts/DialogueSystem/StaticDialogue.cs","tags":{"FILE_LINE_OF_CODE":"31"}}
{"ts":1739081336117,"action":"FILE_OPENED","file":"/Assets/Scripts/DialogueSystem/StaticDialogueStructure.cs","tags":{"FILE_LINE_OF_CODE":"5"}}
{"ts":1739081354061,"action":"FILE_CLOSED","file":"/Assets/Scripts/DialogueSystem/StaticDialogueStructures.cs","tags":{"FILE_LINE_OF_CODE":"65"}}
{"ts":1739081354062,"action":"FILE_OPENED","file":"/Assets/Scripts/DialogueSystem/StaticDialogue.cs","tags":{"FILE_LINE_OF_CODE":"31"}}
{"ts":1739081363884,"action":"FILE_CLOSED","file":"/Assets/Scripts/DialogueSystem/StaticDialogue.cs","tags":{"FILE_LINE_OF_CODE":"31"}}
{"ts":1739081363884,"action":"FILE_OPENED","file":"/Assets/Scripts/DialogueSystem/StaticDialogueStructures.cs","tags":{"FILE_LINE_OF_CODE":"65"}}
{"ts":1739081367090,"action":"FILE_CLOSED","file":"/Assets/Scripts/DialogueSystem/StaticDialogueStructures.cs","tags":{"FILE_LINE_OF_CODE":"65"}}
{"ts":1739081367090,"action":"FILE_OPENED","file":"/Assets/Scripts/DialogueSystem/StaticDialogue.cs","tags":{"FILE_LINE_OF_CODE":"31"}}
{"ts":1739081382282,"action":"FILE_CLOSED","file":"/Assets/Scripts/DialogueSystem/StaticDialogue.cs","tags":{"FILE_LINE_OF_CODE":"31"}}
{"ts":1739081382282,"action":"FILE_OPENED","file":"/Assets/Scripts/DialogueSystem/Structures.cs","tags":{"FILE_LINE_OF_CODE":"58"}}
{"ts":1739081389817,"action":"FILE_CLOSED","file":"/Assets/Scripts/DialogueSystem/Structures.cs","tags":{"FILE_LINE_OF_CODE":"58"}}
{"ts":1739081389817,"action":"FILE_OPENED","file":"/Assets/Scripts/DialogueSystem/StaticDialogue.cs","tags":{"FILE_LINE_OF_CODE":"31"}}
{"ts":1739081394959,"action":"FILE_CLOSED","file":"/Assets/Scripts/DialogueSystem/StaticDialogue.cs","tags":{"FILE_LINE_OF_CODE":"30"}}
{"ts":1739081394959,"action":"FILE_OPENED","file":"/Assets/Scripts/DialogueSystem/Structures.cs","tags":{"FILE_LINE_OF_CODE":"58"}}
{"ts":1739081397881,"action":"FILE_CLOSED","file":"/Assets/Scripts/DialogueSystem/Structures.cs","tags":{"FILE_LINE_OF_CODE":"58"}}
{"ts":1739081397881,"action":"FILE_OPENED","file":"/Assets/Scripts/DialogueSystem/StaticDialogueStructures.cs","tags":{"FILE_LINE_OF_CODE":"65"}}
{"ts":1739081401470,"action":"FILE_CLOSED","file":"/Assets/Scripts/DialogueSystem/StaticDialogueStructures.cs","tags":{"FILE_LINE_OF_CODE":"64"}}
{"ts":1739081401470,"action":"FILE_OPENED","file":"/Assets/Scripts/DialogueSystem/StaticDialogue.cs","tags":{"FILE_LINE_OF_CODE":"30"}}
{"ts":1739081415253,"action":"FILE_CLOSED","file":"/Assets/Scripts/DialogueSystem/StaticDialogue.cs","tags":{"FILE_LINE_OF_CODE":"29"}}
{"ts":1739081415253,"action":"FILE_OPENED","file":"/Assets/Scripts/DialogueSystem/StaticDialogueStructures.cs","tags":{"FILE_LINE_OF_CODE":"64"}}
{"ts":1739081446323,"action":"FILE_CLOSED","file":"/Assets/Scripts/DialogueSystem/StaticDialogueStructures.cs","tags":{"FILE_LINE_OF_CODE":"64"}}
{"ts":1739081446323,"action":"FILE_OPENED","file":"/Assets/Scripts/DialogueSystem/StaticDialogue.cs","tags":{"FILE_LINE_OF_CODE":"29"}}
{"ts":1739081451815,"action":"FILE_CLOSED","file":"/Assets/Scripts/DialogueSystem/StaticDialogue.cs","tags":{"FILE_LINE_OF_CODE":"29"}}
{"ts":1739081451815,"action":"FILE_OPENED","file":"/Assets/Scripts/DialogueSystem/StaticDialogueStructures.cs","tags":{"FILE_LINE_OF_CODE":"64"}}
{"ts":1739081452920,"action":"FILE_CLOSED","file":"/Assets/Scripts/DialogueSystem/StaticDialogueStructures.cs","tags":{"FILE_LINE_OF_CODE":"64"}}
{"ts":1739081452920,"action":"FILE_OPENED","file":"/Assets/Scripts/DialogueSystem/Structures.cs","tags":{"FILE_LINE_OF_CODE":"58"}}
{"ts":1739081454564,"action":"FILE_CLOSED","file":"/Assets/Scripts/DialogueSystem/Structures.cs","tags":{"FILE_LINE_OF_CODE":"58"}}
{"ts":1739081454564,"action":"FILE_OPENED","file":"/Assets/Scripts/DialogueSystem/StaticDialogueStructures.cs","tags":{"FILE_LINE_OF_CODE":"64"}}
{"ts":1739081458646,"action":"IDE_DEACTIVATED"}
{"ts":1739081477835,"action":"IDE_ACTIVATED"}
{"ts":1739081506556,"action":"IDE_DEACTIVATED"}
{"ts":1739081506769,"action":"IDE_ACTIVATED"}
{"ts":1739081509830,"action":"FILE_CLOSED","file":"/Assets/Scripts/DialogueSystem/StaticDialogueStructures.cs","tags":{"FILE_LINE_OF_CODE":"64"}}
{"ts":1739081509830,"action":"FILE_OPENED","file":"/Assets/Scripts/DialogueSystem/StaticDialogue.cs","tags":{"FILE_LINE_OF_CODE":"29"}}
{"ts":1739081514371,"action":"FILE_CLOSED","file":"/Assets/Scripts/DialogueSystem/StaticDialogue.cs","tags":{"FILE_LINE_OF_CODE":"29"}}
{"ts":1739081514371,"action":"FILE_OPENED","file":"/Assets/Scripts/DialogueSystem/StaticDialogueStructures.cs","tags":{"FILE_LINE_OF_CODE":"64"}}
{"ts":1739081548774,"action":"IDE_DEACTIVATED"}
{"ts":1739081557841,"action":"IDE_ACTIVATED"}
{"ts":1739081594125,"action":"FILE_CLOSED","file":"/Assets/Scripts/DialogueSystem/StaticDialogueStructures.cs","tags":{"FILE_LINE_OF_CODE":"64"}}
{"ts":1739081594125,"action":"FILE_OPENED","file":"/Assets/Scripts/DialogueSystem/LocalizedDialogueStructures.cs","tags":{"FILE_LINE_OF_CODE":"5"}}
{"ts":1739081597124,"action":"FILE_CLOSED","file":"/Assets/Scripts/DialogueSystem/LocalizedDialogueStructures.cs","tags":{"FILE_LINE_OF_CODE":"5"}}
{"ts":1739081597124,"action":"FILE_OPENED","file":"/Assets/Scripts/DialogueSystem/StaticDialogue.cs","tags":{"FILE_LINE_OF_CODE":"29"}}
{"ts":1739081597982,"action":"FILE_CLOSED","file":"/Assets/Scripts/DialogueSystem/StaticDialogue.cs","tags":{"FILE_LINE_OF_CODE":"29"}}
{"ts":1739081597982,"action":"FILE_OPENED","file":"/Assets/Scripts/DialogueSystem/StaticDialogueStructures.cs","tags":{"FILE_LINE_OF_CODE":"64"}}
{"ts":1739081623938,"action":"FILE_CLOSED","file":"/Assets/Scripts/DialogueSystem/StaticDialogueStructures.cs","tags":{"FILE_LINE_OF_CODE":"64"}}
{"ts":1739081623938,"action":"FILE_OPENED","file":"/Assets/Scripts/DialogueSystem/LocalizedDialogueStructures.cs","tags":{"FILE_LINE_OF_CODE":"5"}}
{"ts":1739081641483,"action":"FILE_CLOSED","file":"/Assets/Scripts/DialogueSystem/LocalizedDialogueStructures.cs","tags":{"FILE_LINE_OF_CODE":"5"}}
{"ts":1739081641483,"action":"FILE_OPENED","file":"/Assets/Scripts/DialogueSystem/StaticDialogue.cs","tags":{"FILE_LINE_OF_CODE":"29"}}
{"ts":1739081645453,"action":"FILE_CLOSED","file":"/Assets/Scripts/DialogueSystem/StaticDialogue.cs","tags":{"FILE_LINE_OF_CODE":"29"}}
{"ts":1739081645453,"action":"FILE_OPENED","file":"/Assets/Scripts/DialogueSystem/StaticDialogueStructures.cs","tags":{"FILE_LINE_OF_CODE":"64"}}
{"ts":1739081651293,"action":"FILE_CLOSED","file":"/Assets/Scripts/DialogueSystem/StaticDialogueStructures.cs","tags":{"FILE_LINE_OF_CODE":"64"}}
{"ts":1739081651293,"action":"FILE_OPENED","file":"/Assets/Scripts/DialogueSystem/StaticDialogue.cs","tags":{"FILE_LINE_OF_CODE":"29"}}
{"ts":1739081664578,"action":"FILE_CLOSED","file":"/Assets/Scripts/DialogueSystem/StaticDialogue.cs","tags":{"FILE_LINE_OF_CODE":"28"}}
{"ts":1739081664578,"action":"FILE_OPENED","file":"/Assets/Scripts/DialogueSystem/Structures.cs","tags":{"FILE_LINE_OF_CODE":"58"}}
{"ts":1739081718894,"action":"FILE_CLOSED","file":"/Assets/Scripts/DialogueSystem/Structures.cs","tags":{"FILE_LINE_OF_CODE":"50"}}
{"ts":1739081718894,"action":"FILE_OPENED","file":"/Assets/Scripts/DialogueSystem/StaticDialogue.cs","tags":{"FILE_LINE_OF_CODE":"28"}}
{"ts":1739081731139,"action":"FILE_CLOSED","file":"/Assets/Scripts/DialogueSystem/StaticDialogue.cs","tags":{"FILE_LINE_OF_CODE":"28"}}
{"ts":1739081731139,"action":"FILE_OPENED","file":"/Assets/Scripts/DialogueSystem/LocalizedDialogueStructures.cs","tags":{"FILE_LINE_OF_CODE":"5"}}
{"ts":1739081732199,"action":"FILE_CLOSED","file":"/Assets/Scripts/DialogueSystem/LocalizedDialogueStructures.cs","tags":{"FILE_LINE_OF_CODE":"5"}}
{"ts":1739081732199,"action":"FILE_OPENED","file":"/Assets/Scripts/DialogueSystem/StaticDialogue.cs","tags":{"FILE_LINE_OF_CODE":"28"}}
{"ts":1739081735001,"action":"FILE_CLOSED","file":"/Assets/Scripts/DialogueSystem/StaticDialogue.cs","tags":{"FILE_LINE_OF_CODE":"28"}}
{"ts":1739081735001,"action":"FILE_OPENED","file":"/Assets/Scripts/DialogueSystem/StaticDialogueStructures.cs","tags":{"FILE_LINE_OF_CODE":"64"}}
{"ts":1739081742500,"action":"FILE_CLOSED","file":"/Assets/Scripts/DialogueSystem/StaticDialogueStructures.cs","tags":{"FILE_LINE_OF_CODE":"64"}}
{"ts":1739081742500,"action":"FILE_OPENED","file":"/Assets/Scripts/DialogueSystem/Structures.cs","tags":{"FILE_LINE_OF_CODE":"50"}}
{"ts":1739081747342,"action":"FILE_CLOSED","file":"/Assets/Scripts/DialogueSystem/Structures.cs","tags":{"FILE_LINE_OF_CODE":"38"}}
{"ts":1739081747342,"action":"FILE_OPENED","file":"/Assets/Scripts/DialogueSystem/StaticDialogueStructures.cs","tags":{"FILE_LINE_OF_CODE":"64"}}
{"ts":1739081820655,"action":"FILE_CLOSED","file":"/Assets/Scripts/DialogueSystem/StaticDialogueStructures.cs","tags":{"FILE_LINE_OF_CODE":"77"}}
{"ts":1739081820655,"action":"FILE_OPENED","file":"/Assets/Scripts/DialogueSystem/LocalizedDialogueStructures.cs","tags":{"FILE_LINE_OF_CODE":"5"}}
{"ts":1739081969868,"action":"IDE_DEACTIVATED"}
{"ts":1739081986918,"action":"IDE_ACTIVATED"}
{"ts":1739081993563,"action":"IDE_DEACTIVATED"}
{"ts":1739082309378,"action":"IDE_ACTIVATED"}
{"ts":1739082318116,"action":"FILE_CLOSED","file":"/Assets/Scripts/DialogueSystem/LocalizedDialogueStructures.cs","tags":{"FILE_LINE_OF_CODE":"5"}}
{"ts":1739082318116,"action":"FILE_OPENED","file":"/Assets/Scripts/DialogueSystem/GameObjectBox.cs","tags":{"FILE_LINE_OF_CODE":"5"}}
{"ts":1739082342535,"action":"IDE_DEACTIVATED"}
{"ts":1739082344627,"action":"IDE_ACTIVATED"}
{"ts":1739082346082,"action":"IDE_DEACTIVATED"}
{"ts":1739082359887,"action":"IDE_ACTIVATED"}
{"ts":1739082366008,"action":"FILE_CLOSED","file":"/Assets/Scripts/DialogueSystem/GameObjectBox.cs","tags":{"FILE_LINE_OF_CODE":"15"}}
{"ts":1739082366008,"action":"FILE_OPENED","file":"/Assets/Scripts/DialogueSystem/GameObjectBoxDrawer.cs","tags":{"FILE_LINE_OF_CODE":"5"}}
{"ts":1739082393080,"action":"IDE_DEACTIVATED"}
{"ts":1739082431140,"action":"IDE_ACTIVATED"}
{"ts":1739082630584,"action":"IDE_DEACTIVATED"}
{"ts":1739082651824,"action":"IDE_ACTIVATED"}
{"ts":1739082655390,"action":"FILE_CLOSED","file":"/Assets/Scripts/DialogueSystem/GameObjectBoxDrawer.cs","tags":{"FILE_LINE_OF_CODE":"95"}}
{"ts":1739082655390,"action":"FILE_OPENED","file":"/Assets/Scripts/DialogueSystem/LocalizedDialogueStructures.cs","tags":{"FILE_LINE_OF_CODE":"5"}}
{"ts":1739082669779,"action":"FILE_CLOSED","file":"/Assets/Scripts/DialogueSystem/LocalizedDialogueStructures.cs","tags":{"FILE_LINE_OF_CODE":"5"}}
{"ts":1739082669779,"action":"FILE_OPENED","file":"/Assets/Scripts/DialogueSystem/LocalizedDialogue.cs","tags":{"FILE_LINE_OF_CODE":"7"}}
{"ts":1739082696448,"action":"IDE_DEACTIVATED"}
{"ts":1739082736286,"action":"IDE_ACTIVATED"}
{"ts":1739082737889,"action":"FILE_CLOSED","file":"/Assets/Scripts/DialogueSystem/LocalizedDialogue.cs","tags":{"FILE_LINE_OF_CODE":"7"}}
{"ts":1739082737889,"action":"FILE_OPENED","file":"/Assets/Scripts/DialogueSystem/GameObjectBox.cs","tags":{"FILE_LINE_OF_CODE":"15"}}
{"ts":1739082758955,"action":"FILE_CLOSED","file":"/Assets/Scripts/DialogueSystem/GameObjectBox.cs","tags":{"FILE_LINE_OF_CODE":"15"}}
{"ts":1739082758955,"action":"FILE_OPENED","file":"/Assets/Scripts/DialogueSystem/GameObjectBoxDrawer.cs","tags":{"FILE_LINE_OF_CODE":"95"}}
{"ts":1739082888748,"action":"IDE_DEACTIVATED"}
{"ts":1739082917728,"action":"IDE_ACTIVATED"}
{"ts":1739083018656,"action":"IDE_DEACTIVATED"}
{"ts":1739083092972,"action":"IDE_ACTIVATED"}
{"ts":1739083111871,"action":"IDE_DEACTIVATED"}
{"ts":1739083122314,"action":"IDE_ACTIVATED"}
{"ts":1739083123009,"action":"IDE_DEACTIVATED"}
{"ts":1739083137864,"action":"IDE_ACTIVATED"}
{"ts":1739083163233,"action":"IDE_DEACTIVATED"}
{"ts":1739083196974,"action":"IDE_ACTIVATED"}
{"ts":1739083201906,"action":"IDE_DEACTIVATED"}
{"ts":1739083227346,"action":"IDE_ACTIVATED"}
{"ts":1739083316341,"action":"IDE_DEACTIVATED"}
{"ts":1739083340263,"action":"IDE_ACTIVATED"}
{"ts":1739083427767,"action":"IDE_DEACTIVATED"}
{"ts":1739083443729,"action":"IDE_ACTIVATED"}
{"ts":1739083497107,"action":"IDE_DEACTIVATED"}
{"ts":1739083535699,"action":"IDE_ACTIVATED"}
{"ts":1739083538190,"action":"FILE_CLOSED","file":"/Assets/Scripts/DialogueSystem/GameObjectBoxDrawer.cs","tags":{"FILE_LINE_OF_CODE":"117"}}
{"ts":1739083538190,"action":"FILE_OPENED","file":"/Assets/Scripts/DialogueSystem/GameObjectBox.cs","tags":{"FILE_LINE_OF_CODE":"15"}}
{"ts":1739083541079,"action":"FILE_CLOSED","file":"/Assets/Scripts/DialogueSystem/GameObjectBox.cs","tags":{"FILE_LINE_OF_CODE":"15"}}
{"ts":1739083541079,"action":"FILE_OPENED","file":"/Assets/Scripts/DialogueSystem/LocalizedDialogue.cs","tags":{"FILE_LINE_OF_CODE":"7"}}
{"ts":1739083550547,"action":"IDE_DEACTIVATED"}
{"ts":1739083641170,"action":"IDE_ACTIVATED"}
{"ts":1739083663804,"action":"IDE_DEACTIVATED"}
{"ts":1739083681273,"action":"IDE_ACTIVATED"}
{"ts":1739083778985,"action":"FILE_CLOSED","file":"/Assets/Scripts/DialogueSystem/LocalizedDialogue.cs","tags":{"FILE_LINE_OF_CODE":"7"}}
{"ts":1739083778985,"action":"FILE_OPENED","file":"/Assets/Scripts/DialogueSystem/LocalizedStringRef.cs","tags":{"FILE_LINE_OF_CODE":"5"}}
{"ts":1739083813869,"action":"IDE_DEACTIVATED"}
{"ts":1739083927737,"action":"IDE_ACTIVATED"}
{"ts":1739083930988,"action":"FILE_CLOSED","file":"/Assets/Scripts/DialogueSystem/LocalizedStringRef.cs","tags":{"FILE_LINE_OF_CODE":"8"}}
{"ts":1739083930988,"action":"FILE_OPENED","file":"/Assets/Scripts/DialogueSystem/LocalizedDialogue.cs","tags":{"FILE_LINE_OF_CODE":"7"}}
{"ts":1739083934430,"action":"FILE_CLOSED","file":"/Assets/Scripts/DialogueSystem/LocalizedDialogue.cs","tags":{"FILE_LINE_OF_CODE":"7"}}
{"ts":1739083934430,"action":"FILE_OPENED","file":"/Assets/Scripts/DialogueSystem/GameObjectBox.cs","tags":{"FILE_LINE_OF_CODE":"15"}}
{"ts":1739083940087,"action":"FILE_CLOSED","file":"/Assets/Scripts/DialogueSystem/GameObjectBox.cs","tags":{"FILE_LINE_OF_CODE":"15"}}
{"ts":1739083940087,"action":"FILE_OPENED","file":"/Assets/Scripts/DialogueSystem/GameObjectBoxDrawer.cs","tags":{"FILE_LINE_OF_CODE":"117"}}
{"ts":1739083985513,"action":"IDE_DEACTIVATED"}
{"ts":1739084012921,"action":"IDE_ACTIVATED"}
{"ts":1739084141030,"action":"IDE_DEACTIVATED"}
{"ts":1739084635909,"action":"IDE_ACTIVATED"}
{"ts":1739084644650,"action":"FILE_CLOSED","file":"/Assets/Scripts/DialogueSystem/GameObjectBoxDrawer.cs","tags":{"FILE_LINE_OF_CODE":"124"}}
{"ts":1739084644650,"action":"FILE_OPENED","file":"/Assets/Scripts/DialogueSystem/LocalizedStringPicker.cs","tags":{"FILE_LINE_OF_CODE":"5"}}
{"ts":1739084673617,"action":"IDE_DEACTIVATED"}
{"ts":1739084673746,"action":"FILE_CLOSED","file":"/Assets/Scripts/DialogueSystem/LocalizedStringPickerWindow.cs","tags":{"FILE_LINE_OF_CODE":"79"}}
{"ts":1739084673746,"action":"FILE_OPENED","file":"/Assets/Scripts/DialogueSystem/PickerData.cs","tags":{"FILE_LINE_OF_CODE":"5"}}
{"ts":1739084674523,"action":"IDE_ACTIVATED"}
{"ts":1739084688460,"action":"FILE_OPENED","file":"/Assets/Scripts/DialogueSystem/GameObjectBoxDrawer.cs","tags":{"FILE_LINE_OF_CODE":"124"}}
{"ts":1739084703256,"action":"FILE_CLOSED","file":"/Assets/Scripts/DialogueSystem/GameObjectBoxDrawer.cs","tags":{"FILE_LINE_OF_CODE":"118"}}
{"ts":1739084703256,"action":"FILE_OPENED","file":"/Assets/Scripts/DialogueSystem/LocalizedStringPickerWindow.cs","tags":{"FILE_LINE_OF_CODE":"79"}}
{"ts":1739084758171,"action":"IDE_DEACTIVATED"}
{"ts":1739084819221,"action":"IDE_ACTIVATED"}
{"ts":1739084857393,"action":"IDE_DEACTIVATED"}
{"ts":1739084885675,"action":"IDE_ACTIVATED"}
{"ts":1739084887808,"action":"FILE_CLOSED","file":"/Assets/Scripts/DialogueSystem/LocalizedStringPickerWindow.cs","tags":{"FILE_LINE_OF_CODE":"102"}}
{"ts":1739084887808,"action":"FILE_OPENED","file":"/Assets/Scripts/DialogueSystem/PickerData.cs","tags":{"FILE_LINE_OF_CODE":"7"}}
{"ts":1739084889252,"action":"FILE_CLOSED","file":"/Assets/Scripts/DialogueSystem/PickerData.cs","tags":{"FILE_LINE_OF_CODE":"7"}}
{"ts":1739084889253,"action":"FILE_OPENED","file":"/Assets/Scripts/DialogueSystem/LocalizedDialogueStructures.cs","tags":{"FILE_LINE_OF_CODE":"5"}}
{"ts":1739084891220,"action":"FILE_CLOSED","file":"/Assets/Scripts/DialogueSystem/LocalizedDialogueStructures.cs","tags":{"FILE_LINE_OF_CODE":"5"}}
{"ts":1739084891220,"action":"FILE_OPENED","file":"/Assets/Scripts/DialogueSystem/GameObjectBoxDrawer.cs","tags":{"FILE_LINE_OF_CODE":"118"}}
{"ts":1739084912427,"action":"FILE_CLOSED","file":"/Assets/Scripts/DialogueSystem/GameObjectBoxDrawer.cs","tags":{"FILE_LINE_OF_CODE":"123"}}
{"ts":1739084912427,"action":"FILE_OPENED","file":"/Assets/Scripts/DialogueSystem/LocalizedStringPickerWindow.cs","tags":{"FILE_LINE_OF_CODE":"102"}}
{"ts":1739084921281,"action":"FILE_CLOSED","file":"/Assets/Scripts/DialogueSystem/LocalizedStringPickerWindow.cs","tags":{"FILE_LINE_OF_CODE":"102"}}
{"ts":1739084921281,"action":"FILE_OPENED","file":"/Assets/Scripts/DialogueSystem/GameObjectBoxDrawer.cs","tags":{"FILE_LINE_OF_CODE":"123"}}
{"ts":1739084930330,"action":"FILE_CLOSED","file":"/Assets/Scripts/DialogueSystem/GameObjectBoxDrawer.cs","tags":{"FILE_LINE_OF_CODE":"123"}}
{"ts":1739084930330,"action":"FILE_OPENED","file":"/Assets/Scripts/DialogueSystem/LocalizedStringPickerWindow.cs","tags":{"FILE_LINE_OF_CODE":"102"}}
{"ts":1739084974807,"action":"FILE_CLOSED","file":"/Assets/Scripts/DialogueSystem/LocalizedStringPickerWindow.cs","tags":{"FILE_LINE_OF_CODE":"104"}}
{"ts":1739084974807,"action":"FILE_OPENED","file":"/Assets/Scripts/DialogueSystem/LocalizedDialogue.cs","tags":{"FILE_LINE_OF_CODE":"7"}}
{"ts":1739084980728,"action":"FILE_CLOSED","file":"/Assets/Scripts/DialogueSystem/LocalizedDialogue.cs","tags":{"FILE_LINE_OF_CODE":"8"}}
{"ts":1739084980728,"action":"FILE_OPENED","file":"/Assets/Scripts/DialogueSystem/GameObjectBoxDrawer.cs","tags":{"FILE_LINE_OF_CODE":"123"}}
{"ts":1739084987573,"action":"FILE_CLOSED","file":"/Assets/Scripts/DialogueSystem/GameObjectBoxDrawer.cs","tags":{"FILE_LINE_OF_CODE":"123"}}
{"ts":1739084987573,"action":"FILE_OPENED","file":"/Assets/Scripts/DialogueSystem/PickerData.cs","tags":{"FILE_LINE_OF_CODE":"7"}}
{"ts":1739084996222,"action":"FILE_CLOSED","file":"/Assets/Scripts/DialogueSystem/PickerData.cs","tags":{"FILE_LINE_OF_CODE":"9"}}
{"ts":1739084996222,"action":"FILE_OPENED","file":"/Assets/Scripts/DialogueSystem/GameObjectBoxDrawer.cs","tags":{"FILE_LINE_OF_CODE":"123"}}
{"ts":1739085010912,"action":"FILE_CLOSED","file":"/Assets/Scripts/DialogueSystem/GameObjectBoxDrawer.cs","tags":{"FILE_LINE_OF_CODE":"126"}}
{"ts":1739085010912,"action":"FILE_OPENED","file":"/Assets/Scripts/DialogueSystem/GameObjectBox.cs","tags":{"FILE_LINE_OF_CODE":"15"}}
{"ts":1739085014691,"action":"FILE_CLOSED","file":"/Assets/Scripts/DialogueSystem/GameObjectBox.cs","tags":{"FILE_LINE_OF_CODE":"15"}}
{"ts":1739085014691,"action":"FILE_OPENED","file":"/Assets/Scripts/DialogueSystem/GameObjectBoxDrawer.cs","tags":{"FILE_LINE_OF_CODE":"126"}}
{"ts":1739085021094,"action":"FILE_CLOSED","file":"/Assets/Scripts/DialogueSystem/GameObjectBoxDrawer.cs","tags":{"FILE_LINE_OF_CODE":"126"}}
{"ts":1739085021094,"action":"FILE_OPENED","file":"/Assets/Scripts/DialogueSystem/GameObjectBox.cs","tags":{"FILE_LINE_OF_CODE":"15"}}
{"ts":1739085025392,"action":"FILE_CLOSED","file":"/Assets/Scripts/DialogueSystem/GameObjectBox.cs","tags":{"FILE_LINE_OF_CODE":"15"}}
{"ts":1739085025392,"action":"FILE_OPENED","file":"/Assets/Scripts/DialogueSystem/LocalizedDialogue.cs","tags":{"FILE_LINE_OF_CODE":"8"}}
{"ts":1739085027470,"action":"FILE_CLOSED","file":"/Assets/Scripts/DialogueSystem/LocalizedDialogue.cs","tags":{"FILE_LINE_OF_CODE":"8"}}
{"ts":1739085027470,"action":"FILE_OPENED","file":"/Assets/Scripts/DialogueSystem/LocalizedStringPickerWindow.cs","tags":{"FILE_LINE_OF_CODE":"104"}}
{"ts":1739085031172,"action":"IDE_DEACTIVATED"}
{"ts":1739085205561,"action":"IDE_ACTIVATED"}
{"ts":1739085231663,"action":"IDE_DEACTIVATED"}
{"ts":1739085240795,"action":"IDE_ACTIVATED"}
{"ts":1739085282760,"action":"IDE_DEACTIVATED"}
{"ts":1739085447249,"action":"IDE_ACTIVATED"}
{"ts":1739085454354,"action":"IDE_DEACTIVATED"}
{"ts":1739085471956,"action":"IDE_ACTIVATED"}
{"ts":1739085478253,"action":"IDE_DEACTIVATED"}
{"ts":1739085569126,"action":"IDE_ACTIVATED"}
{"ts":1739085578183,"action":"IDE_DEACTIVATED"}
{"ts":1739085612690,"action":"IDE_ACTIVATED"}
{"ts":1739085624221,"action":"IDE_DEACTIVATED"}
{"ts":1739085875968,"action":"IDE_ACTIVATED"}
{"ts":1739086005645,"action":"IDE_DEACTIVATED"}
{"ts":1739086028359,"action":"IDE_ACTIVATED"}
{"ts":1739086049740,"action":"IDE_DEACTIVATED"}
{"ts":1739086050567,"action":"IDE_ACTIVATED"}
{"ts":1739086075369,"action":"IDE_DEACTIVATED"}
{"ts":1739086211347,"action":"IDE_ACTIVATED"}
{"ts":1739086235199,"action":"FILE_CLOSED","file":"/Assets/Scripts/DialogueSystem/LocalizedStringPickerWindow.cs","tags":{"FILE_LINE_OF_CODE":"152"}}
{"ts":1739086237816,"action":"FILE_OPENED","file":"/Assets/Scripts/DialogueSystem/LocalizedStringPickerWindow.cs","tags":{"FILE_LINE_OF_CODE":"152"}}
{"ts":1739086270750,"action":"IDE_DEACTIVATED"}
{"ts":1739086292458,"action":"IDE_ACTIVATED"}
{"ts":1739086302350,"action":"IDE_DEACTIVATED"}
{"ts":1739086302551,"action":"IDE_ACTIVATED"}
{"ts":1739086317188,"action":"IDE_DEACTIVATED"}
{"ts":1739086317435,"action":"IDE_ACTIVATED"}
{"ts":1739086329005,"action":"IDE_DEACTIVATED"}
{"ts":1739086332403,"action":"IDE_ACTIVATED"}
{"ts":1739086349908,"action":"IDE_DEACTIVATED"}
{"ts":1739086368137,"action":"IDE_ACTIVATED"}
{"ts":1739086377813,"action":"FILE_CLOSED","file":"/Assets/Scripts/DialogueSystem/LocalizedStringPickerWindow.cs","tags":{"FILE_LINE_OF_CODE":"152"}}
{"ts":1739086377813,"action":"FILE_OPENED","file":"/Assets/Scripts/DialogueSystem/GameObjectBoxDrawer.cs","tags":{"FILE_LINE_OF_CODE":"126"}}
{"ts":1739086380431,"action":"FILE_CLOSED","file":"/Assets/Scripts/DialogueSystem/GameObjectBoxDrawer.cs","tags":{"FILE_LINE_OF_CODE":"126"}}
{"ts":1739086380431,"action":"FILE_OPENED","file":"/Assets/Scripts/DialogueSystem/GameObjectBox.cs","tags":{"FILE_LINE_OF_CODE":"15"}}
{"ts":1739086383832,"action":"FILE_CLOSED","file":"/Assets/Scripts/DialogueSystem/GameObjectBox.cs","tags":{"FILE_LINE_OF_CODE":"15"}}
{"ts":1739086383832,"action":"FILE_OPENED","file":"/Assets/Scripts/DialogueSystem/GameObjectBoxDrawer.cs","tags":{"FILE_LINE_OF_CODE":"126"}}
{"ts":1739086387118,"action":"FILE_CLOSED","file":"/Assets/Scripts/DialogueSystem/GameObjectBoxDrawer.cs","tags":{"FILE_LINE_OF_CODE":"126"}}
{"ts":1739086387118,"action":"FILE_OPENED","file":"/Assets/Scripts/DialogueSystem/GameObjectBox.cs","tags":{"FILE_LINE_OF_CODE":"15"}}
{"ts":1739086400473,"action":"IDE_DEACTIVATED"}
{"ts":1739086410697,"action":"IDE_ACTIVATED"}
{"ts":1739086410805,"action":"FILE_CLOSED","file":"/Assets/Scripts/DialogueSystem/GameObjectBox.cs","tags":{"FILE_LINE_OF_CODE":"14"}}
{"ts":1739086410805,"action":"FILE_OPENED","file":"/Assets/Scripts/DialogueSystem/LocalizedStringPickerWindow.cs","tags":{"FILE_LINE_OF_CODE":"152"}}
{"ts":1739086418038,"action":"IDE_DEACTIVATED"}
{"ts":1739086426552,"action":"IDE_ACTIVATED"}
{"ts":1739086455221,"action":"IDE_DEACTIVATED"}
{"ts":1739086467293,"action":"IDE_ACTIVATED"}
{"ts":1739086467521,"action":"FILE_CLOSED","file":"/Assets/Scripts/DialogueSystem/LocalizedStringPickerWindow.cs","tags":{"FILE_LINE_OF_CODE":"152"}}
{"ts":1739086473808,"action":"IDE_DEACTIVATED"}
{"ts":1739086493099,"action":"IDE_ACTIVATED"}
{"ts":1739086495427,"action":"FILE_OPENED","file":"/Assets/Scripts/DialogueSystem/LocalizedStringPickerWindow.cs","tags":{"FILE_LINE_OF_CODE":"152"}}
{"ts":1739086508361,"action":"FILE_CLOSED","file":"/Assets/Scripts/DialogueSystem/LocalizedStringPickerWindow.cs","tags":{"FILE_LINE_OF_CODE":"152"}}
{"ts":1739086508361,"action":"FILE_OPENED","file":"/Assets/Scripts/DialogueSystem/GameObjectBoxDrawer.cs","tags":{"FILE_LINE_OF_CODE":"126"}}
{"ts":1739086539303,"action":"FILE_CLOSED","file":"/Assets/Scripts/DialogueSystem/GameObjectBoxDrawer.cs","tags":{"FILE_LINE_OF_CODE":"126"}}
{"ts":1739086539303,"action":"FILE_OPENED","file":"/Assets/Scripts/DialogueSystem/GameObjectBox.cs","tags":{"FILE_LINE_OF_CODE":"14"}}
{"ts":1739086541716,"action":"FILE_CLOSED","file":"/Assets/Scripts/DialogueSystem/GameObjectBox.cs","tags":{"FILE_LINE_OF_CODE":"14"}}
{"ts":1739086541716,"action":"FILE_OPENED","file":"/Assets/Scripts/DialogueSystem/PickerData.cs","tags":{"FILE_LINE_OF_CODE":"9"}}
{"ts":1739086543114,"action":"FILE_CLOSED","file":"/Assets/Scripts/DialogueSystem/PickerData.cs","tags":{"FILE_LINE_OF_CODE":"9"}}
{"ts":1739086543114,"action":"FILE_OPENED","file":"/Assets/Scripts/DialogueSystem/GameObjectBox.cs","tags":{"FILE_LINE_OF_CODE":"14"}}
{"ts":1739086548677,"action":"FILE_CLOSED","file":"/Assets/Scripts/DialogueSystem/GameObjectBox.cs","tags":{"FILE_LINE_OF_CODE":"14"}}
{"ts":1739086548677,"action":"FILE_OPENED","file":"/Assets/Scripts/DialogueSystem/GameObjectBoxDrawer.cs","tags":{"FILE_LINE_OF_CODE":"126"}}
{"ts":1739086552865,"action":"IDE_DEACTIVATED"}
{"ts":1739086560396,"action":"IDE_ACTIVATED"}
{"ts":1739086562241,"action":"FILE_CLOSED","file":"/Assets/Scripts/DialogueSystem/GameObjectBoxDrawer.cs","tags":{"FILE_LINE_OF_CODE":"126"}}
{"ts":1739086562241,"action":"FILE_OPENED","file":"/Assets/Scripts/DialogueSystem/LocalizedStringPickerWindow.cs","tags":{"FILE_LINE_OF_CODE":"152"}}
{"ts":1739086581751,"action":"IDE_DEACTIVATED"}
{"ts":1739086583366,"action":"IDE_ACTIVATED"}
{"ts":1739086583524,"action":"FILE_CLOSED","file":"/Assets/Scripts/DialogueSystem/LocalizedStringPickerWindow.cs","tags":{"FILE_LINE_OF_CODE":"152"}}
{"ts":1739086589052,"action":"IDE_DEACTIVATED"}
{"ts":1739086590834,"action":"IDE_ACTIVATED"}
{"ts":1739086590871,"action":"FILE_OPENED","file":"/Assets/Scripts/DialogueSystem/LocalizedStringPickerWindow.cs","tags":{"FILE_LINE_OF_CODE":"152"}}
{"ts":1739086595834,"action":"FILE_CLOSED","file":"/Assets/Scripts/DialogueSystem/LocalizedStringPickerWindow.cs","tags":{"FILE_LINE_OF_CODE":"152"}}
{"ts":1739086595834,"action":"FILE_OPENED","file":"/Assets/Scripts/DialogueSystem/GameObjectBoxDrawer.cs","tags":{"FILE_LINE_OF_CODE":"126"}}
{"ts":1739086609183,"action":"FILE_CLOSED","file":"/Assets/Scripts/DialogueSystem/GameObjectBoxDrawer.cs","tags":{"FILE_LINE_OF_CODE":"126"}}
{"ts":1739086609183,"action":"FILE_OPENED","file":"/Assets/Scripts/DialogueSystem/GameObjectBox.cs","tags":{"FILE_LINE_OF_CODE":"14"}}
{"ts":1739086626830,"action":"FILE_CLOSED","file":"/Assets/Scripts/DialogueSystem/GameObjectBox.cs","tags":{"FILE_LINE_OF_CODE":"14"}}
{"ts":1739086626830,"action":"FILE_OPENED","file":"/Assets/Scripts/DialogueSystem/GameObjectBoxDrawer.cs","tags":{"FILE_LINE_OF_CODE":"126"}}
{"ts":1739086638442,"action":"IDE_DEACTIVATED"}
{"ts":1739086645512,"action":"IDE_ACTIVATED"}
{"ts":1739086657521,"action":"IDE_DEACTIVATED"}
{"ts":1739086659234,"action":"IDE_ACTIVATED"}
{"ts":1739086659923,"action":"IDE_DEACTIVATED"}
{"ts":1739086666193,"action":"IDE_ACTIVATED"}
{"ts":1739086674073,"action":"IDE_DEACTIVATED"}
{"ts":1739086675564,"action":"IDE_ACTIVATED"}
{"ts":1739086676216,"action":"IDE_DEACTIVATED"}
{"ts":1739086687329,"action":"IDE_ACTIVATED"}
{"ts":1739086689642,"action":"FILE_CLOSED","file":"/Assets/Scripts/DialogueSystem/GameObjectBoxDrawer.cs","tags":{"FILE_LINE_OF_CODE":"126"}}
{"ts":1739086689642,"action":"FILE_OPENED","file":"/Assets/Scripts/DialogueSystem/LocalizedStringPickerWindow.cs","tags":{"FILE_LINE_OF_CODE":"152"}}
{"ts":1739086698267,"action":"FILE_CLOSED","file":"/Assets/Scripts/DialogueSystem/LocalizedStringPickerWindow.cs","tags":{"FILE_LINE_OF_CODE":"152"}}
{"ts":1739086698268,"action":"FILE_OPENED","file":"/Assets/Scripts/DialogueSystem/GameObjectBoxDrawer.cs","tags":{"FILE_LINE_OF_CODE":"126"}}
{"ts":1739086704068,"action":"IDE_DEACTIVATED"}
{"ts":1739086706524,"action":"IDE_ACTIVATED"}
{"ts":1739086706620,"action":"FILE_CLOSED","file":"/Assets/Scripts/DialogueSystem/GameObjectBoxDrawer.cs","tags":{"FILE_LINE_OF_CODE":"126"}}
{"ts":1739086706620,"action":"FILE_OPENED","file":"/Assets/Scripts/DialogueSystem/LocalizedStringPickerWindow.cs","tags":{"FILE_LINE_OF_CODE":"152"}}
{"ts":1739086713447,"action":"IDE_DEACTIVATED"}
{"ts":1739086733372,"action":"IDE_ACTIVATED"}
{"ts":1739086736438,"action":"FILE_CLOSED","file":"/Assets/Scripts/DialogueSystem/LocalizedStringPickerWindow.cs","tags":{"FILE_LINE_OF_CODE":"152"}}
{"ts":1739086736438,"action":"FILE_OPENED","file":"/Assets/Scripts/DialogueSystem/GameObjectBox.cs","tags":{"FILE_LINE_OF_CODE":"14"}}
{"ts":1739086769731,"action":"FILE_CLOSED","file":"/Assets/Scripts/DialogueSystem/GameObjectBox.cs","tags":{"FILE_LINE_OF_CODE":"17"}}
{"ts":1739086769731,"action":"FILE_OPENED","file":"/Assets/Scripts/DialogueSystem/GameObjectBoxDrawer.cs","tags":{"FILE_LINE_OF_CODE":"126"}}
{"ts":1739086780209,"action":"IDE_DEACTIVATED"}
{"ts":1739086794004,"action":"IDE_ACTIVATED"}
{"ts":1739086794115,"action":"FILE_CLOSED","file":"/Assets/Scripts/DialogueSystem/GameObjectBoxDrawer.cs","tags":{"FILE_LINE_OF_CODE":"126"}}
{"ts":1739086794115,"action":"FILE_OPENED","file":"/Assets/Scripts/DialogueSystem/LocalizedStringPickerWindow.cs","tags":{"FILE_LINE_OF_CODE":"152"}}
{"ts":1739086797642,"action":"IDE_DEACTIVATED"}
{"ts":1739086797849,"action":"IDE_ACTIVATED"}
{"ts":1739086797964,"action":"FILE_CLOSED","file":"/Assets/Scripts/DialogueSystem/LocalizedStringPickerWindow.cs","tags":{"FILE_LINE_OF_CODE":"152"}}
{"ts":1739086803637,"action":"IDE_DEACTIVATED"}
{"ts":1739086808309,"action":"IDE_ACTIVATED"}
{"ts":1739086808405,"action":"FILE_OPENED","file":"/Assets/Scripts/DialogueSystem/LocalizedStringPickerWindow.cs","tags":{"FILE_LINE_OF_CODE":"152"}}
{"ts":1739086814742,"action":"IDE_DEACTIVATED"}
{"ts":1739086815017,"action":"IDE_ACTIVATED"}
{"ts":1739086815088,"action":"FILE_CLOSED","file":"/Assets/Scripts/DialogueSystem/LocalizedStringPickerWindow.cs","tags":{"FILE_LINE_OF_CODE":"152"}}
{"ts":1739086820891,"action":"FILE_OPENED","file":"/Assets/Scripts/DialogueSystem/LocalizedStringPickerWindow.cs","tags":{"FILE_LINE_OF_CODE":"152"}}
{"ts":1739086822610,"action":"FILE_CLOSED","file":"/Assets/Scripts/DialogueSystem/LocalizedStringPickerWindow.cs","tags":{"FILE_LINE_OF_CODE":"152"}}
{"ts":1739086822610,"action":"FILE_OPENED","file":"/Assets/Scripts/DialogueSystem/GameObjectBoxDrawer.cs","tags":{"FILE_LINE_OF_CODE":"126"}}
{"ts":1739086824851,"action":"FILE_CLOSED","file":"/Assets/Scripts/DialogueSystem/GameObjectBoxDrawer.cs","tags":{"FILE_LINE_OF_CODE":"126"}}
{"ts":1739086824851,"action":"FILE_OPENED","file":"/Assets/Scripts/DialogueSystem/LocalizedDialogue.cs","tags":{"FILE_LINE_OF_CODE":"8"}}
{"ts":1739086826952,"action":"FILE_CLOSED","file":"/Assets/Scripts/DialogueSystem/LocalizedDialogue.cs","tags":{"FILE_LINE_OF_CODE":"8"}}
{"ts":1739086826952,"action":"FILE_OPENED","file":"/Assets/Scripts/DialogueSystem/LocalizedStringPickerWindow.cs","tags":{"FILE_LINE_OF_CODE":"152"}}
{"ts":1739086838363,"action":"IDE_DEACTIVATED"}
{"ts":1739086847781,"action":"IDE_ACTIVATED"}
{"ts":1739086847927,"action":"FILE_CLOSED","file":"/Assets/Scripts/DialogueSystem/LocalizedStringPickerWindow.cs","tags":{"FILE_LINE_OF_CODE":"152"}}
{"ts":1739086851153,"action":"IDE_DEACTIVATED"}
{"ts":1739086864908,"action":"IDE_ACTIVATED"}
{"ts":1739086867238,"action":"FILE_OPENED","file":"/Assets/Scripts/DialogueSystem/LocalizedStringPickerWindow.cs","tags":{"FILE_LINE_OF_CODE":"152"}}
{"ts":1739086879218,"action":"IDE_DEACTIVATED"}
{"ts":1739086880644,"action":"IDE_ACTIVATED"}
{"ts":1739086897850,"action":"FILE_CLOSED","file":"/Assets/Scripts/DialogueSystem/LocalizedStringPickerWindow.cs","tags":{"FILE_LINE_OF_CODE":"152"}}
{"ts":1739086897850,"action":"FILE_OPENED","file":"/Assets/Scripts/DialogueSystem/PickerData.cs","tags":{"FILE_LINE_OF_CODE":"9"}}
{"ts":1739086901726,"action":"FILE_CLOSED","file":"/Assets/Scripts/DialogueSystem/PickerData.cs","tags":{"FILE_LINE_OF_CODE":"9"}}
{"ts":1739086901726,"action":"FILE_OPENED","file":"/Assets/Scripts/DialogueSystem/GameObjectBox.cs","tags":{"FILE_LINE_OF_CODE":"17"}}
{"ts":1739086903270,"action":"FILE_CLOSED","file":"/Assets/Scripts/DialogueSystem/GameObjectBox.cs","tags":{"FILE_LINE_OF_CODE":"17"}}
{"ts":1739086903270,"action":"FILE_OPENED","file":"/Assets/Scripts/DialogueSystem/LocalizedDialogue.cs","tags":{"FILE_LINE_OF_CODE":"8"}}
{"ts":1739086906073,"action":"FILE_CLOSED","file":"/Assets/Scripts/DialogueSystem/LocalizedDialogue.cs","tags":{"FILE_LINE_OF_CODE":"8"}}
{"ts":1739086906073,"action":"FILE_OPENED","file":"/Assets/Scripts/DialogueSystem/LocalizedDialogueStructures.cs","tags":{"FILE_LINE_OF_CODE":"5"}}
{"ts":1739086907843,"action":"FILE_CLOSED","file":"/Assets/Scripts/DialogueSystem/LocalizedDialogueStructures.cs","tags":{"FILE_LINE_OF_CODE":"5"}}
{"ts":1739086907843,"action":"FILE_OPENED","file":"/Assets/Scripts/DialogueSystem/StaticDialogueStructures.cs","tags":{"FILE_LINE_OF_CODE":"77"}}
{"ts":1739086920652,"action":"FILE_CLOSED","file":"/Assets/Scripts/DialogueSystem/StaticDialogueStructures.cs","tags":{"FILE_LINE_OF_CODE":"77"}}
{"ts":1739086920652,"action":"FILE_OPENED","file":"/Assets/Scripts/DialogueSystem/LocalizedDialogueStructures.cs","tags":{"FILE_LINE_OF_CODE":"5"}}
{"ts":1739086924000,"action":"FILE_CLOSED","file":"/Assets/Scripts/DialogueSystem/LocalizedDialogueStructures.cs","tags":{"FILE_LINE_OF_CODE":"5"}}
{"ts":1739086924000,"action":"FILE_OPENED","file":"/Assets/Scripts/DialogueSystem/GameObjectBoxDrawer.cs","tags":{"FILE_LINE_OF_CODE":"126"}}
{"ts":1739087094325,"action":"IDE_DEACTIVATED"}
{"ts":1739087115654,"action":"IDE_ACTIVATED"}
{"ts":1739087163858,"action":"IDE_DEACTIVATED"}
{"ts":1739087174935,"action":"IDE_ACTIVATED"}
{"ts":1739087175031,"action":"FILE_CLOSED","file":"/Assets/Scripts/DialogueSystem/GameObjectBoxDrawer.cs","tags":{"FILE_LINE_OF_CODE":"131"}}
{"ts":1739087175031,"action":"FILE_OPENED","file":"/Assets/Scripts/DialogueSystem/LocalizedStringPickerWindow.cs","tags":{"FILE_LINE_OF_CODE":"152"}}
{"ts":1739087185656,"action":"IDE_DEACTIVATED"}
{"ts":1739087190469,"action":"IDE_ACTIVATED"}
{"ts":1739087222159,"action":"IDE_DEACTIVATED"}
{"ts":1739087404820,"action":"IDE_ACTIVATED"}
{"ts":1739087441630,"action":"IDE_DEACTIVATED"}
{"ts":1739087452032,"action":"IDE_ACTIVATED"}
{"ts":1739087457313,"action":"IDE_DEACTIVATED"}
{"ts":1739087457657,"action":"IDE_ACTIVATED"}
{"ts":1739087798471,"action":"FILE_CLOSED","file":"/Assets/Scripts/DialogueSystem/LocalizedStringPickerWindow.cs","tags":{"FILE_LINE_OF_CODE":"175"}}
{"ts":1739087798471,"action":"FILE_OPENED","file":"/Library/PackageCache/com.fries_and_seagull.fries/Fries/Pool/DictList.cs","tags":{"FILE_LINE_OF_CODE":"60"}}
{"ts":1739087802318,"action":"FILE_CLOSED","file":"/Library/PackageCache/com.fries_and_seagull.fries/Fries/Pool/DictList.cs","tags":{"FILE_LINE_OF_CODE":"60"}}
{"ts":1739087802318,"action":"FILE_OPENED","file":"/Assets/Scripts/DialogueSystem/LocalizedStringPickerWindow.cs","tags":{"FILE_LINE_OF_CODE":"175"}}
{"ts":1739087981383,"action":"FILE_CLOSED","file":"/Assets/Scripts/DialogueSystem/LocalizedStringPickerWindow.cs","tags":{"FILE_LINE_OF_CODE":"175"}}
{"ts":1739087981383,"action":"FILE_OPENED","file":"/Assets/Scripts/DialogueSystem/SerializableSysObject.cs","tags":{"FILE_LINE_OF_CODE":"5"}}
{"ts":1739087994356,"action":"FILE_CLOSED","file":"/Assets/Scripts/DialogueSystem/SerializableSysObject.cs","tags":{"FILE_LINE_OF_CODE":"6"}}
{"ts":1739087994356,"action":"FILE_OPENED","file":"/Assets/Scripts/DialogueSystem/GameObjectBox.cs","tags":{"FILE_LINE_OF_CODE":"17"}}
{"ts":1739088003434,"action":"FILE_CLOSED","file":"/Assets/Scripts/DialogueSystem/GameObjectBox.cs","tags":{"FILE_LINE_OF_CODE":"17"}}
{"ts":1739088003434,"action":"FILE_OPENED","file":"/Assets/Scripts/DialogueSystem/LocalizedStringPickerWindow.cs","tags":{"FILE_LINE_OF_CODE":"175"}}
{"ts":1739088018043,"action":"FILE_CLOSED","file":"/Assets/Scripts/DialogueSystem/LocalizedStringPickerWindow.cs","tags":{"FILE_LINE_OF_CODE":"175"}}
{"ts":1739088018043,"action":"FILE_OPENED","file":"/Assets/Scripts/DialogueSystem/PickerData.cs","tags":{"FILE_LINE_OF_CODE":"9"}}
{"ts":1739088019649,"action":"FILE_CLOSED","file":"/Assets/Scripts/DialogueSystem/PickerData.cs","tags":{"FILE_LINE_OF_CODE":"9"}}
{"ts":1739088019649,"action":"FILE_OPENED","file":"/Assets/Scripts/DialogueSystem/LocalizedStringPickerWindow.cs","tags":{"FILE_LINE_OF_CODE":"175"}}
{"ts":1739088203879,"action":"IDE_DEACTIVATED"}
{"ts":1739088204675,"action":"IDE_ACTIVATED"}
{"ts":1739088315439,"action":"IDE_DEACTIVATED"}
{"ts":1739088340320,"action":"IDE_ACTIVATED"}
{"ts":1739088354643,"action":"IDE_DEACTIVATED"}
{"ts":1739088382430,"action":"IDE_ACTIVATED"}
{"ts":1739088568101,"action":"IDE_DEACTIVATED"}
{"ts":1739088630128,"action":"IDE_ACTIVATED"}
{"ts":1739088639047,"action":"IDE_DEACTIVATED"}
{"ts":1739088648508,"action":"IDE_ACTIVATED"}
{"ts":1739088662271,"action":"IDE_DEACTIVATED"}
{"ts":1739088689316,"action":"IDE_ACTIVATED"}
{"ts":1739088689371,"action":"FILE_CLOSED","file":"/Assets/Scripts/DialogueSystem/LocalizedStringPickerWindow.cs","tags":{"FILE_LINE_OF_CODE":"206"}}
{"ts":1739088689372,"action":"FILE_OPENED","file":"/Assets/ImportedLibraries/NaughtyAttributes/Scripts/Editor/NaughtyInspector.cs","tags":{"FILE_LINE_OF_CODE":"222"}}
{"ts":1739088699493,"action":"IDE_DEACTIVATED"}
{"ts":1739088734910,"action":"FILE_CLOSED","file":"/Assets/ImportedLibraries/NaughtyAttributes/Scripts/Editor/NaughtyInspector.cs","tags":{"FILE_LINE_OF_CODE":"222"}}
{"ts":1739088734910,"action":"FILE_OPENED","file":"/Assets/Scripts/DialogueSystem/LocalizedStringPickerWindow.cs","tags":{"FILE_LINE_OF_CODE":"206"}}
{"ts":1739088734923,"action":"IDE_ACTIVATED"}
{"ts":1739088851196,"action":"IDE_DEACTIVATED"}
{"ts":1739088895392,"action":"IDE_ACTIVATED"}
{"ts":1739088895452,"action":"FILE_CLOSED","file":"/Assets/Scripts/DialogueSystem/LocalizedStringPickerWindow.cs","tags":{"FILE_LINE_OF_CODE":"210"}}
{"ts":1739088895452,"action":"FILE_OPENED","file":"/Assets/ImportedLibraries/NaughtyAttributes/Scripts/Editor/NaughtyInspector.cs","tags":{"FILE_LINE_OF_CODE":"222"}}
{"ts":1739088914870,"action":"IDE_DEACTIVATED"}
{"ts":1739088916978,"action":"IDE_ACTIVATED"}
{"ts":1739088927670,"action":"IDE_DEACTIVATED"}
{"ts":1739088927937,"action":"IDE_ACTIVATED"}
{"ts":1739088927972,"action":"FILE_CLOSED","file":"/Assets/ImportedLibraries/NaughtyAttributes/Scripts/Editor/NaughtyInspector.cs","tags":{"FILE_LINE_OF_CODE":"222"}}
{"ts":1739088927972,"action":"FILE_OPENED","file":"/Assets/Scripts/DialogueSystem/GameObjectBoxDrawer.cs","tags":{"FILE_LINE_OF_CODE":"131"}}
{"ts":1739088956124,"action":"IDE_DEACTIVATED"}
{"ts":1739088976758,"action":"IDE_ACTIVATED"}
{"ts":1739088995986,"action":"IDE_DEACTIVATED"}
{"ts":1739088998459,"action":"IDE_ACTIVATED"}
{"ts":1739089000457,"action":"FILE_CLOSED","file":"/Assets/Scripts/DialogueSystem/GameObjectBoxDrawer.cs","tags":{"FILE_LINE_OF_CODE":"131"}}
{"ts":1739089000457,"action":"FILE_OPENED","file":"/Assets/Scripts/DialogueSystem/GameObjectBox.cs","tags":{"FILE_LINE_OF_CODE":"17"}}
{"ts":1739089005150,"action":"IDE_DEACTIVATED"}
{"ts":1739089026331,"action":"IDE_ACTIVATED"}
{"ts":1739089038406,"action":"FILE_CLOSED","file":"/Assets/Scripts/DialogueSystem/GameObjectBox.cs","tags":{"FILE_LINE_OF_CODE":"17"}}
{"ts":1739089038406,"action":"FILE_OPENED","file":"/Assets/Scripts/DialogueSystem/SerializableSysObject.cs","tags":{"FILE_LINE_OF_CODE":"6"}}
{"ts":1739089045944,"action":"FILE_CLOSED","file":"/Assets/Scripts/DialogueSystem/SerializableSysObject.cs","tags":{"FILE_LINE_OF_CODE":"6"}}
{"ts":1739089045944,"action":"FILE_OPENED","file":"/Assets/Scripts/DialogueSystem/GameObjectBox.cs","tags":{"FILE_LINE_OF_CODE":"17"}}
{"ts":1739089048816,"action":"FILE_CLOSED","file":"/Assets/Scripts/DialogueSystem/GameObjectBox.cs","tags":{"FILE_LINE_OF_CODE":"17"}}
{"ts":1739089048816,"action":"FILE_OPENED","file":"/Assets/Scripts/DialogueSystem/SerializableSysObject.cs","tags":{"FILE_LINE_OF_CODE":"6"}}
{"ts":1739089050642,"action":"FILE_CLOSED","file":"/Assets/Scripts/DialogueSystem/SerializableSysObject.cs","tags":{"FILE_LINE_OF_CODE":"6"}}
{"ts":1739089050642,"action":"FILE_OPENED","file":"/Assets/Scripts/DialogueSystem/LocalizedStringPickerWindow.cs","tags":{"FILE_LINE_OF_CODE":"210"}}
{"ts":1739089068632,"action":"IDE_DEACTIVATED"}
{"ts":1739089095033,"action":"IDE_ACTIVATED"}
{"ts":1739089115991,"action":"IDE_DEACTIVATED"}
{"ts":1739089133244,"action":"IDE_ACTIVATED"}
{"ts":1739089148497,"action":"FILE_CLOSED","file":"/Assets/Scripts/DialogueSystem/LocalizedStringPickerWindow.cs","tags":{"FILE_LINE_OF_CODE":"214"}}
{"ts":1739089148498,"action":"FILE_OPENED","file":"/Assets/Scripts/DialogueSystem/GameObjectBoxes.cs","tags":{"FILE_LINE_OF_CODE":"5"}}
{"ts":1739089155307,"action":"FILE_CLOSED","file":"/Assets/Scripts/DialogueSystem/GameObjectBoxes.cs","tags":{"FILE_LINE_OF_CODE":"5"}}
{"ts":1739089155307,"action":"FILE_OPENED","file":"/Assets/Scripts/DialogueSystem/GameObjectBox.cs","tags":{"FILE_LINE_OF_CODE":"17"}}
{"ts":1739089179337,"action":"FILE_CLOSED","file":"/Assets/Scripts/DialogueSystem/GameObjectBox.cs","tags":{"FILE_LINE_OF_CODE":"19"}}
{"ts":1739089179337,"action":"FILE_OPENED","file":"/Assets/Scripts/DialogueSystem/PickerData.cs","tags":{"FILE_LINE_OF_CODE":"9"}}
{"ts":1739089185591,"action":"FILE_CLOSED","file":"/Assets/Scripts/DialogueSystem/PickerData.cs","tags":{"FILE_LINE_OF_CODE":"9"}}
{"ts":1739089185591,"action":"FILE_OPENED","file":"/Assets/Scripts/DialogueSystem/GameObjectBoxes.cs","tags":{"FILE_LINE_OF_CODE":"5"}}
{"ts":1739089202463,"action":"FILE_CLOSED","file":"/Assets/Scripts/DialogueSystem/GameObjectBoxes.cs","tags":{"FILE_LINE_OF_CODE":"12"}}
{"ts":1739089202463,"action":"FILE_OPENED","file":"/Assets/Scripts/DialogueSystem/GameObjectBox.cs","tags":{"FILE_LINE_OF_CODE":"19"}}
{"ts":1739089211997,"action":"FILE_CLOSED","file":"/Assets/Scripts/DialogueSystem/GameObjectBox.cs","tags":{"FILE_LINE_OF_CODE":"19"}}
{"ts":1739089211997,"action":"FILE_OPENED","file":"/Assets/Scripts/DialogueSystem/GameObjectBoxDrawer.cs","tags":{"FILE_LINE_OF_CODE":"131"}}
{"ts":1739089213296,"action":"FILE_CLOSED","file":"/Assets/Scripts/DialogueSystem/GameObjectBoxDrawer.cs","tags":{"FILE_LINE_OF_CODE":"131"}}
{"ts":1739089213296,"action":"FILE_OPENED","file":"/Assets/Scripts/DialogueSystem/GameObjectBoxes.cs","tags":{"FILE_LINE_OF_CODE":"12"}}
{"ts":1739089275114,"action":"IDE_DEACTIVATED"}
{"ts":1739089293102,"action":"IDE_ACTIVATED"}
{"ts":1739089312735,"action":"IDE_DEACTIVATED"}
{"ts":1739089327771,"action":"IDE_ACTIVATED"}
{"ts":1739089329837,"action":"FILE_CLOSED","file":"/Assets/Scripts/DialogueSystem/GameObjectBoxes.cs","tags":{"FILE_LINE_OF_CODE":"14"}}
{"ts":1739089329837,"action":"FILE_OPENED","file":"/Assets/Scripts/DialogueSystem/GameObjectBox.cs","tags":{"FILE_LINE_OF_CODE":"19"}}
{"ts":1739089334282,"action":"IDE_DEACTIVATED"}
{"ts":1739089549938,"action":"IDE_ACTIVATED"}
{"ts":1739089564065,"action":"FILE_CLOSED","file":"/Assets/Scripts/DialogueSystem/GameObjectBox.cs","tags":{"FILE_LINE_OF_CODE":"19"}}
{"ts":1739089564065,"action":"FILE_OPENED","file":"/Assets/Scripts/DialogueSystem/GameObjectBoxesDrawer.cs","tags":{"FILE_LINE_OF_CODE":"5"}}
{"ts":1739089641000,"action":"IDE_DEACTIVATED"}
{"ts":1739089643214,"action":"IDE_ACTIVATED"}
{"ts":1739089645227,"action":"FILE_CLOSED","file":"/Assets/Scripts/DialogueSystem/GameObjectBoxesDrawer.cs","tags":{"FILE_LINE_OF_CODE":"96"}}
{"ts":1739089645227,"action":"FILE_OPENED","file":"/Assets/Scripts/DialogueSystem/GameObjectBoxes.cs","tags":{"FILE_LINE_OF_CODE":"14"}}
{"ts":1739089653123,"action":"FILE_CLOSED","file":"/Assets/Scripts/DialogueSystem/GameObjectBoxes.cs","tags":{"FILE_LINE_OF_CODE":"14"}}
{"ts":1739089653123,"action":"FILE_OPENED","file":"/Assets/Scripts/DialogueSystem/LocalizedDialogue.cs","tags":{"FILE_LINE_OF_CODE":"8"}}
{"ts":1739089678761,"action":"IDE_DEACTIVATED"}
{"ts":1739089718701,"action":"IDE_ACTIVATED"}
{"ts":1739089720842,"action":"FILE_CLOSED","file":"/Assets/Scripts/DialogueSystem/LocalizedDialogue.cs","tags":{"FILE_LINE_OF_CODE":"9"}}
{"ts":1739089720842,"action":"FILE_OPENED","file":"/Assets/Scripts/DialogueSystem/GameObjectBoxesDrawer.cs","tags":{"FILE_LINE_OF_CODE":"96"}}
{"ts":1739089729677,"action":"IDE_DEACTIVATED"}
{"ts":1739089732187,"action":"IDE_ACTIVATED"}
{"ts":1739089735044,"action":"FILE_CLOSED","file":"/Assets/Scripts/DialogueSystem/GameObjectBoxesDrawer.cs","tags":{"FILE_LINE_OF_CODE":"96"}}
{"ts":1739089735044,"action":"FILE_OPENED","file":"/Assets/Scripts/DialogueSystem/GameObjectBoxes.cs","tags":{"FILE_LINE_OF_CODE":"14"}}
{"ts":1739089745474,"action":"IDE_DEACTIVATED"}
{"ts":1739089766193,"action":"IDE_ACTIVATED"}
{"ts":1739089766237,"action":"FILE_CLOSED","file":"/Assets/Scripts/DialogueSystem/GameObjectBoxes.cs","tags":{"FILE_LINE_OF_CODE":"14"}}
{"ts":1739089766237,"action":"FILE_OPENED","file":"/Assets/Scripts/DialogueSystem/GameObjectBoxDrawer.cs","tags":{"FILE_LINE_OF_CODE":"131"}}
{"ts":1739089809720,"action":"FILE_CLOSED","file":"/Assets/Scripts/DialogueSystem/GameObjectBoxDrawer.cs","tags":{"FILE_LINE_OF_CODE":"131"}}
{"ts":1739089809720,"action":"FILE_OPENED","file":"/Assets/Scripts/DialogueSystem/GameObjectBoxesDrawer.cs","tags":{"FILE_LINE_OF_CODE":"96"}}
{"ts":1739089814038,"action":"FILE_CLOSED","file":"/Assets/Scripts/DialogueSystem/GameObjectBoxesDrawer.cs","tags":{"FILE_LINE_OF_CODE":"96"}}
{"ts":1739089814038,"action":"FILE_OPENED","file":"/Assets/Scripts/DialogueSystem/GameObjectBox.cs","tags":{"FILE_LINE_OF_CODE":"19"}}
{"ts":1739089818370,"action":"FILE_CLOSED","file":"/Assets/Scripts/DialogueSystem/GameObjectBox.cs","tags":{"FILE_LINE_OF_CODE":"19"}}
{"ts":1739089818370,"action":"FILE_OPENED","file":"/Assets/Scripts/DialogueSystem/GameObjectBoxesDrawer.cs","tags":{"FILE_LINE_OF_CODE":"96"}}
{"ts":1739089828913,"action":"FILE_CLOSED","file":"/Assets/Scripts/DialogueSystem/GameObjectBoxesDrawer.cs","tags":{"FILE_LINE_OF_CODE":"96"}}
{"ts":1739089828913,"action":"FILE_OPENED","file":"/Assets/Scripts/DialogueSystem/GameObjectBoxDrawer.cs","tags":{"FILE_LINE_OF_CODE":"131"}}
{"ts":1739089840642,"action":"FILE_CLOSED","file":"/Assets/Scripts/DialogueSystem/GameObjectBoxDrawer.cs","tags":{"FILE_LINE_OF_CODE":"131"}}
{"ts":1739089840642,"action":"FILE_OPENED","file":"/Assets/Scripts/DialogueSystem/GameObjectBoxes.cs","tags":{"FILE_LINE_OF_CODE":"14"}}
{"ts":1739089846509,"action":"FILE_CLOSED","file":"/Assets/Scripts/DialogueSystem/GameObjectBoxes.cs","tags":{"FILE_LINE_OF_CODE":"14"}}
{"ts":1739089846509,"action":"FILE_OPENED","file":"/Assets/Scripts/DialogueSystem/GameObjectBox.cs","tags":{"FILE_LINE_OF_CODE":"19"}}
{"ts":1739089860835,"action":"FILE_CLOSED","file":"/Assets/Scripts/DialogueSystem/GameObjectBox.cs","tags":{"FILE_LINE_OF_CODE":"19"}}
{"ts":1739089860835,"action":"FILE_OPENED","file":"/Assets/Scripts/DialogueSystem/SerializableSysObject.cs","tags":{"FILE_LINE_OF_CODE":"6"}}
{"ts":1739089863581,"action":"FILE_CLOSED","file":"/Assets/Scripts/DialogueSystem/SerializableSysObject.cs","tags":{"FILE_LINE_OF_CODE":"6"}}
{"ts":1739089863581,"action":"FILE_OPENED","file":"/Assets/Scripts/DialogueSystem/LocalizedDialogue.cs","tags":{"FILE_LINE_OF_CODE":"9"}}
{"ts":1739089875979,"action":"FILE_CLOSED","file":"/Assets/Scripts/DialogueSystem/LocalizedDialogue.cs","tags":{"FILE_LINE_OF_CODE":"9"}}
{"ts":1739089875979,"action":"FILE_OPENED","file":"/Assets/Scripts/DialogueSystem/GameObjectBoxDrawer.cs","tags":{"FILE_LINE_OF_CODE":"131"}}
{"ts":1739089916806,"action":"FILE_CLOSED","file":"/Assets/Scripts/DialogueSystem/GameObjectBoxDrawer.cs","tags":{"FILE_LINE_OF_CODE":"131"}}
{"ts":1739089916806,"action":"FILE_OPENED","file":"/Assets/Scripts/DialogueSystem/GameObjectBoxes.cs","tags":{"FILE_LINE_OF_CODE":"14"}}
{"ts":1739089924909,"action":"FILE_CLOSED","file":"/Assets/Scripts/DialogueSystem/GameObjectBoxes.cs","tags":{"FILE_LINE_OF_CODE":"14"}}
{"ts":1739089924909,"action":"FILE_OPENED","file":"/Assets/Scripts/DialogueSystem/LocalizedDialogue.cs","tags":{"FILE_LINE_OF_CODE":"9"}}
{"ts":1739089939806,"action":"FILE_CLOSED","file":"/Assets/Scripts/DialogueSystem/LocalizedDialogue.cs","tags":{"FILE_LINE_OF_CODE":"9"}}
{"ts":1739089939806,"action":"FILE_OPENED","file":"/Assets/Scripts/DialogueSystem/GameObjectBoxesDrawer.cs","tags":{"FILE_LINE_OF_CODE":"96"}}
{"ts":1739089945049,"action":"FILE_CLOSED","file":"/Assets/Scripts/DialogueSystem/GameObjectBoxesDrawer.cs","tags":{"FILE_LINE_OF_CODE":"96"}}
{"ts":1739089945049,"action":"FILE_OPENED","file":"/Assets/Scripts/DialogueSystem/GameObjectBoxDrawer.cs","tags":{"FILE_LINE_OF_CODE":"131"}}
{"ts":1739090019532,"action":"FILE_CLOSED","file":"/Assets/Scripts/DialogueSystem/GameObjectBoxDrawer.cs","tags":{"FILE_LINE_OF_CODE":"131"}}
{"ts":1739090023751,"action":"FILE_OPENED","file":"/Assets/Scripts/DialogueSystem/GameObjectBoxDrawer.cs","tags":{"FILE_LINE_OF_CODE":"131"}}
{"ts":1739090115100,"action":"FILE_CLOSED","file":"/Assets/Scripts/DialogueSystem/GameObjectBoxDrawer.cs","tags":{"FILE_LINE_OF_CODE":"131"}}
{"ts":1739090115100,"action":"FILE_OPENED","file":"/Assets/Scripts/DialogueSystem/LocalizedStringPickerWindow.cs","tags":{"FILE_LINE_OF_CODE":"214"}}
{"ts":1739090116653,"action":"FILE_CLOSED","file":"/Assets/Scripts/DialogueSystem/LocalizedStringPickerWindow.cs","tags":{"FILE_LINE_OF_CODE":"214"}}
{"ts":1739090116653,"action":"FILE_OPENED","file":"/Assets/Scripts/DialogueSystem/GameObjectBoxDrawer.cs","tags":{"FILE_LINE_OF_CODE":"131"}}
{"ts":1739090125558,"action":"FILE_CLOSED","file":"/Assets/Scripts/DialogueSystem/GameObjectBoxDrawer.cs","tags":{"FILE_LINE_OF_CODE":"131"}}
{"ts":1739090125558,"action":"FILE_OPENED","file":"/Assets/Scripts/DialogueSystem/GameObjectBoxesDrawer.cs","tags":{"FILE_LINE_OF_CODE":"96"}}
{"ts":1739090127902,"action":"FILE_CLOSED","file":"/Assets/Scripts/DialogueSystem/GameObjectBoxesDrawer.cs","tags":{"FILE_LINE_OF_CODE":"96"}}
{"ts":1739090127902,"action":"FILE_OPENED","file":"/Assets/Scripts/DialogueSystem/GameObjectBox.cs","tags":{"FILE_LINE_OF_CODE":"19"}}
{"ts":1739090137506,"action":"FILE_CLOSED","file":"/Assets/Scripts/DialogueSystem/GameObjectBox.cs","tags":{"FILE_LINE_OF_CODE":"19"}}
{"ts":1739090137506,"action":"FILE_OPENED","file":"/Assets/Scripts/DialogueSystem/GameObjectBoxesDrawer.cs","tags":{"FILE_LINE_OF_CODE":"96"}}
{"ts":1739090154486,"action":"FILE_CLOSED","file":"/Assets/Scripts/DialogueSystem/GameObjectBoxesDrawer.cs","tags":{"FILE_LINE_OF_CODE":"96"}}
{"ts":1739090154486,"action":"FILE_OPENED","file":"/Assets/Scripts/DialogueSystem/GameObjectBoxes.cs","tags":{"FILE_LINE_OF_CODE":"14"}}
{"ts":1739090155960,"action":"FILE_CLOSED","file":"/Assets/Scripts/DialogueSystem/GameObjectBoxes.cs","tags":{"FILE_LINE_OF_CODE":"14"}}
{"ts":1739090155960,"action":"FILE_OPENED","file":"/Assets/Scripts/DialogueSystem/GameObjectBoxesDrawer.cs","tags":{"FILE_LINE_OF_CODE":"96"}}
{"ts":1739090193901,"action":"IDE_DEACTIVATED"}
{"ts":1739090197056,"action":"IDE_ACTIVATED"}
{"ts":1739090307730,"action":"FILE_CLOSED","file":"/Assets/Scripts/DialogueSystem/GameObjectBoxesDrawer.cs","tags":{"FILE_LINE_OF_CODE":"96"}}
{"ts":1739090307730,"action":"FILE_OPENED","file":"/Assets/Scripts/DialogueSystem/GameObjectBox.cs","tags":{"FILE_LINE_OF_CODE":"19"}}
{"ts":1739090314544,"action":"FILE_CLOSED","file":"/Assets/Scripts/DialogueSystem/GameObjectBox.cs","tags":{"FILE_LINE_OF_CODE":"19"}}
{"ts":1739090314544,"action":"FILE_OPENED","file":"/Assets/Scripts/DialogueSystem/GameObjectBoxes.cs","tags":{"FILE_LINE_OF_CODE":"14"}}
{"ts":1739090322086,"action":"IDE_DEACTIVATED"}
{"ts":1739090337523,"action":"IDE_ACTIVATED"}
{"ts":1739090337579,"action":"FILE_CLOSED","file":"/Assets/Scripts/DialogueSystem/GameObjectBoxes.cs","tags":{"FILE_LINE_OF_CODE":"15"}}
{"ts":1739090337579,"action":"FILE_OPENED","file":"/Assets/Scripts/DialogueSystem/GameObjectBoxDrawer.cs","tags":{"FILE_LINE_OF_CODE":"131"}}
{"ts":1739090343367,"action":"FILE_CLOSED","file":"/Assets/Scripts/DialogueSystem/GameObjectBoxDrawer.cs","tags":{"FILE_LINE_OF_CODE":"131"}}
{"ts":1739090343367,"action":"FILE_OPENED","file":"/Assets/Scripts/DialogueSystem/GameObjectBoxesDrawer.cs","tags":{"FILE_LINE_OF_CODE":"96"}}
{"ts":1739090348332,"action":"IDE_DEACTIVATED"}
{"ts":1739090348472,"action":"IDE_ACTIVATED"}
{"ts":1739090350592,"action":"IDE_DEACTIVATED"}
{"ts":1739090357658,"action":"IDE_ACTIVATED"}
{"ts":1739090385793,"action":"FILE_CLOSED","file":"/Assets/Scripts/DialogueSystem/GameObjectBoxesDrawer.cs","tags":{"FILE_LINE_OF_CODE":"96"}}
{"ts":1739090385793,"action":"FILE_OPENED","file":"/Assets/Scripts/DialogueSystem/GameObjectBoxDrawer.cs","tags":{"FILE_LINE_OF_CODE":"131"}}
{"ts":1739090450497,"action":"FILE_CLOSED","file":"/Assets/Scripts/DialogueSystem/GameObjectBoxDrawer.cs","tags":{"FILE_LINE_OF_CODE":"131"}}
{"ts":1739090450497,"action":"FILE_OPENED","file":"/Assets/Scripts/DialogueSystem/GameObjectBoxesDrawer.cs","tags":{"FILE_LINE_OF_CODE":"96"}}
{"ts":1739090452325,"action":"FILE_CLOSED","file":"/Assets/Scripts/DialogueSystem/GameObjectBoxesDrawer.cs","tags":{"FILE_LINE_OF_CODE":"96"}}
{"ts":1739090452325,"action":"FILE_OPENED","file":"/Assets/Scripts/DialogueSystem/GameObjectBoxDrawer.cs","tags":{"FILE_LINE_OF_CODE":"131"}}
{"ts":1739090498965,"action":"FILE_CLOSED","file":"/Assets/Scripts/DialogueSystem/GameObjectBoxDrawer.cs","tags":{"FILE_LINE_OF_CODE":"131"}}
{"ts":1739090504714,"action":"FILE_OPENED","file":"/Assets/Scripts/DialogueSystem/GameObjectBoxDrawer.cs","tags":{"FILE_LINE_OF_CODE":"131"}}
{"ts":1739090526042,"action":"FILE_CLOSED","file":"/Assets/Scripts/DialogueSystem/GameObjectBoxDrawer.cs","tags":{"FILE_LINE_OF_CODE":"131"}}
{"ts":1739090526042,"action":"FILE_OPENED","file":"/Assets/Scripts/DialogueSystem/GameObjectBoxesDrawer.cs","tags":{"FILE_LINE_OF_CODE":"96"}}
{"ts":1739090526845,"action":"FILE_CLOSED","file":"/Assets/Scripts/DialogueSystem/GameObjectBoxesDrawer.cs","tags":{"FILE_LINE_OF_CODE":"96"}}
{"ts":1739090526845,"action":"FILE_OPENED","file":"/Assets/Scripts/DialogueSystem/GameObjectBoxDrawer.cs","tags":{"FILE_LINE_OF_CODE":"131"}}
{"ts":1739090605533,"action":"IDE_DEACTIVATED"}
{"ts":1739090631984,"action":"IDE_ACTIVATED"}
{"ts":1739090660968,"action":"IDE_DEACTIVATED"}
{"ts":1739090673724,"action":"IDE_ACTIVATED"}
{"ts":1739090681961,"action":"IDE_DEACTIVATED"}
{"ts":1739090686322,"action":"IDE_ACTIVATED"}
{"ts":1739090687116,"action":"FILE_CLOSED","file":"/Assets/Scripts/DialogueSystem/GameObjectBoxDrawer.cs","tags":{"FILE_LINE_OF_CODE":"134"}}
{"ts":1739090687116,"action":"FILE_OPENED","file":"/Assets/Scripts/DialogueSystem/GameObjectBoxesDrawer.cs","tags":{"FILE_LINE_OF_CODE":"96"}}
{"ts":1739090689595,"action":"FILE_CLOSED","file":"/Assets/Scripts/DialogueSystem/GameObjectBoxesDrawer.cs","tags":{"FILE_LINE_OF_CODE":"96"}}
{"ts":1739090689595,"action":"FILE_OPENED","file":"/Assets/Scripts/DialogueSystem/GameObjectBoxDrawer.cs","tags":{"FILE_LINE_OF_CODE":"134"}}
{"ts":1739090696773,"action":"FILE_CLOSED","file":"/Assets/Scripts/DialogueSystem/GameObjectBoxDrawer.cs","tags":{"FILE_LINE_OF_CODE":"134"}}
{"ts":1739090716575,"action":"FILE_OPENED","file":"/Assets/Scripts/DialogueSystem/GameObjectBoxesDrawer.cs","tags":{"FILE_LINE_OF_CODE":"96"}}
{"ts":1739090720137,"action":"FILE_CLOSED","file":"/Assets/Scripts/DialogueSystem/GameObjectBoxesDrawer.cs","tags":{"FILE_LINE_OF_CODE":"96"}}
{"ts":1739090720137,"action":"FILE_OPENED","file":"/Assets/Scripts/DialogueSystem/GameObjectBoxDrawer.cs","tags":{"FILE_LINE_OF_CODE":"134"}}
{"ts":1739090725804,"action":"FILE_CLOSED","file":"/Assets/Scripts/DialogueSystem/GameObjectBoxDrawer.cs","tags":{"FILE_LINE_OF_CODE":"134"}}
{"ts":1739090725804,"action":"FILE_OPENED","file":"/Assets/Scripts/DialogueSystem/GameObjectBoxesDrawer.cs","tags":{"FILE_LINE_OF_CODE":"96"}}
{"ts":1739090727023,"action":"FILE_CLOSED","file":"/Assets/Scripts/DialogueSystem/GameObjectBoxesDrawer.cs","tags":{"FILE_LINE_OF_CODE":"96"}}
{"ts":1739090727023,"action":"FILE_OPENED","file":"/Assets/Scripts/DialogueSystem/GameObjectBoxDrawer.cs","tags":{"FILE_LINE_OF_CODE":"134"}}
{"ts":1739090728478,"action":"FILE_CLOSED","file":"/Assets/Scripts/DialogueSystem/GameObjectBoxDrawer.cs","tags":{"FILE_LINE_OF_CODE":"134"}}
{"ts":1739090728478,"action":"FILE_OPENED","file":"/Assets/Scripts/DialogueSystem/GameObjectBoxesDrawer.cs","tags":{"FILE_LINE_OF_CODE":"96"}}
{"ts":1739090729143,"action":"FILE_CLOSED","file":"/Assets/Scripts/DialogueSystem/GameObjectBoxesDrawer.cs","tags":{"FILE_LINE_OF_CODE":"96"}}
{"ts":1739090729143,"action":"FILE_OPENED","file":"/Assets/Scripts/DialogueSystem/GameObjectBoxDrawer.cs","tags":{"FILE_LINE_OF_CODE":"134"}}
{"ts":1739090736373,"action":"IDE_DEACTIVATED"}
{"ts":1739090786308,"action":"IDE_ACTIVATED"}
{"ts":1739090792050,"action":"IDE_DEACTIVATED"}
{"ts":1739090818830,"action":"IDE_ACTIVATED"}
{"ts":1739090818879,"action":"FILE_CLOSED","file":"/Assets/Scripts/DialogueSystem/GameObjectBoxDrawer.cs","tags":{"FILE_LINE_OF_CODE":"134"}}
{"ts":1739090818879,"action":"FILE_OPENED","file":"/Assets/Scripts/DialogueSystem/GameObjectBoxesDrawer.cs","tags":{"FILE_LINE_OF_CODE":"96"}}
{"ts":1739090838168,"action":"IDE_DEACTIVATED"}
{"ts":1739090919554,"action":"IDE_ACTIVATED"}
{"ts":1739090939658,"action":"FILE_CLOSED","file":"/Assets/Scripts/DialogueSystem/GameObjectBoxesDrawer.cs","tags":{"FILE_LINE_OF_CODE":"96"}}
{"ts":1739090939658,"action":"FILE_OPENED","file":"/Assets/Scripts/DialogueSystem/SerializableSysObject.cs","tags":{"FILE_LINE_OF_CODE":"6"}}
{"ts":1739090940755,"action":"FILE_CLOSED","file":"/Assets/Scripts/DialogueSystem/SerializableSysObject.cs","tags":{"FILE_LINE_OF_CODE":"6"}}
{"ts":1739090940755,"action":"FILE_OPENED","file":"/Assets/Scripts/DialogueSystem/PickerData.cs","tags":{"FILE_LINE_OF_CODE":"9"}}
{"ts":1739090946014,"action":"FILE_CLOSED","file":"/Assets/Scripts/DialogueSystem/PickerData.cs","tags":{"FILE_LINE_OF_CODE":"9"}}
{"ts":1739090946014,"action":"FILE_OPENED","file":"/Assets/Scripts/DialogueSystem/StaticDialogueStructures.cs","tags":{"FILE_LINE_OF_CODE":"77"}}
{"ts":1739090948554,"action":"FILE_CLOSED","file":"/Assets/Scripts/DialogueSystem/StaticDialogueStructures.cs","tags":{"FILE_LINE_OF_CODE":"77"}}
{"ts":1739090948554,"action":"FILE_OPENED","file":"/Assets/Scripts/DialogueSystem/GameObjectBoxesDrawer.cs","tags":{"FILE_LINE_OF_CODE":"96"}}
{"ts":1739090968352,"action":"IDE_DEACTIVATED"}
{"ts":1739090968516,"action":"IDE_ACTIVATED"}
{"ts":1739090976443,"action":"FILE_CLOSED","file":"/Assets/Scripts/DialogueSystem/GameObjectBoxesDrawer.cs","tags":{"FILE_LINE_OF_CODE":"96"}}
{"ts":1739090976443,"action":"FILE_OPENED","file":"/Assets/Scripts/DialogueSystem/GameObjectBoxDrawer.cs","tags":{"FILE_LINE_OF_CODE":"134"}}
{"ts":1739091032467,"action":"IDE_DEACTIVATED"}
{"ts":1739091034314,"action":"IDE_ACTIVATED"}
{"ts":1739091067587,"action":"IDE_DEACTIVATED"}
{"ts":1739091069779,"action":"IDE_ACTIVATED"}
{"ts":1739091077444,"action":"IDE_DEACTIVATED"}
{"ts":1739091092567,"action":"IDE_ACTIVATED"}
{"ts":1739091152182,"action":"IDE_DEACTIVATED"}
{"ts":1739091166104,"action":"IDE_ACTIVATED"}
{"ts":1739091209400,"action":"IDE_DEACTIVATED"}
{"ts":1739091218984,"action":"IDE_ACTIVATED"}
{"ts":1739091254188,"action":"IDE_DEACTIVATED"}
{"ts":1739091269231,"action":"IDE_ACTIVATED"}
{"ts":1739091296404,"action":"FILE_CLOSED","file":"/Assets/Scripts/DialogueSystem/GameObjectBoxDrawer.cs","tags":{"FILE_LINE_OF_CODE":"135"}}
{"ts":1739091296404,"action":"FILE_OPENED","file":"/Assets/Scripts/DialogueSystem/StaticDialogueStructures.cs","tags":{"FILE_LINE_OF_CODE":"77"}}
{"ts":1739091298352,"action":"FILE_CLOSED","file":"/Assets/Scripts/DialogueSystem/StaticDialogueStructures.cs","tags":{"FILE_LINE_OF_CODE":"77"}}
{"ts":1739091298352,"action":"FILE_OPENED","file":"/Assets/Scripts/DialogueSystem/SerializableSysObject.cs","tags":{"FILE_LINE_OF_CODE":"6"}}
{"ts":1739091299849,"action":"FILE_CLOSED","file":"/Assets/Scripts/DialogueSystem/SerializableSysObject.cs","tags":{"FILE_LINE_OF_CODE":"6"}}
{"ts":1739091299849,"action":"FILE_OPENED","file":"/Assets/Scripts/DialogueSystem/GameObjectBoxesDrawer.cs","tags":{"FILE_LINE_OF_CODE":"96"}}
{"ts":1739091342231,"action":"IDE_DEACTIVATED"}
{"ts":1739091493264,"action":"IDE_ACTIVATED"}
{"ts":1739091507157,"action":"IDE_DEACTIVATED"}
{"ts":1739091538152,"action":"IDE_ACTIVATED"}
{"ts":1739091554762,"action":"IDE_DEACTIVATED"}
{"ts":1739091557525,"action":"IDE_ACTIVATED"}
{"ts":1739091591825,"action":"IDE_DEACTIVATED"}
{"ts":1739091603896,"action":"IDE_ACTIVATED"}
{"ts":1739091609858,"action":"IDE_DEACTIVATED"}
{"ts":1739091649371,"action":"IDE_ACTIVATED"}
{"ts":1739091669933,"action":"IDE_DEACTIVATED"}
{"ts":1739091681129,"action":"IDE_ACTIVATED"}
{"ts":1739091687201,"action":"IDE_DEACTIVATED"}
{"ts":1739091727080,"action":"IDE_ACTIVATED"}
{"ts":1739091733743,"action":"IDE_DEACTIVATED"}
{"ts":1739091754129,"action":"IDE_ACTIVATED"}
{"ts":1739091861455,"action":"IDE_DEACTIVATED"}
{"ts":1739091861645,"action":"IDE_ACTIVATED"}
{"ts":1739091870243,"action":"IDE_DEACTIVATED"}
{"ts":1739091875312,"action":"IDE_ACTIVATED"}
{"ts":1739091890630,"action":"IDE_DEACTIVATED"}
{"ts":1739091893911,"action":"IDE_ACTIVATED"}
{"ts":1739091910457,"action":"IDE_DEACTIVATED"}
{"ts":1739091940937,"action":"IDE_ACTIVATED"}
{"ts":1739091941639,"action":"IDE_DEACTIVATED"}
{"ts":1739092002685,"action":"IDE_ACTIVATED"}
{"ts":1739092026198,"action":"IDE_DEACTIVATED"}
{"ts":1739092027492,"action":"IDE_ACTIVATED"}
{"ts":1739092028961,"action":"IDE_DEACTIVATED"}
{"ts":1739092148326,"action":"IDE_ACTIVATED"}
{"ts":1739092159000,"action":"IDE_DEACTIVATED"}
{"ts":1739092285344,"action":"IDE_ACTIVATED"}
{"ts":1739092291683,"action":"FILE_CLOSED","file":"/Assets/Scripts/DialogueSystem/GameObjectBoxesDrawer.cs","tags":{"FILE_LINE_OF_CODE":"130"}}
{"ts":1739092291683,"action":"FILE_OPENED","file":"/Assets/Scripts/DialogueSystem/SerializableSysObject.cs","tags":{"FILE_LINE_OF_CODE":"6"}}
{"ts":1739092293925,"action":"FILE_CLOSED","file":"/Assets/Scripts/DialogueSystem/SerializableSysObject.cs","tags":{"FILE_LINE_OF_CODE":"6"}}
{"ts":1739092293925,"action":"FILE_OPENED","file":"/Assets/Scripts/DialogueSystem/GameObjectBoxesDrawer.cs","tags":{"FILE_LINE_OF_CODE":"130"}}
{"ts":1739092302773,"action":"IDE_DEACTIVATED"}
{"ts":1739092318072,"action":"IDE_ACTIVATED"}
{"ts":1739092403685,"action":"IDE_DEACTIVATED"}
{"ts":1739092419432,"action":"IDE_ACTIVATED"}
{"ts":1739092427044,"action":"IDE_DEACTIVATED"}
{"ts":1739092427430,"action":"IDE_ACTIVATED"}
{"ts":1739092433066,"action":"IDE_DEACTIVATED"}
{"ts":1739092523393,"action":"IDE_ACTIVATED"}
{"ts":1739092525647,"action":"IDE_DEACTIVATED"}
{"ts":1739092606719,"action":"IDE_ACTIVATED"}
{"ts":1739092614462,"action":"IDE_DEACTIVATED"}
{"ts":1739092698944,"action":"IDE_ACTIVATED"}
{"ts":1739092705718,"action":"IDE_DEACTIVATED"}
{"ts":1739092716510,"action":"IDE_ACTIVATED"}
{"ts":1739092719502,"action":"IDE_DEACTIVATED"}
{"ts":1739092732044,"action":"IDE_ACTIVATED"}
{"ts":1739092740485,"action":"IDE_DEACTIVATED"}
{"ts":1739092754186,"action":"IDE_ACTIVATED"}
{"ts":1739092791513,"action":"IDE_DEACTIVATED"}
{"ts":1739092794212,"action":"IDE_ACTIVATED"}
{"ts":1739092801732,"action":"IDE_DEACTIVATED"}
{"ts":1739092852814,"action":"IDE_ACTIVATED"}
{"ts":1739092859831,"action":"FILE_CLOSED","file":"/Assets/Scripts/DialogueSystem/GameObjectBoxesDrawer.cs","tags":{"FILE_LINE_OF_CODE":"131"}}
{"ts":1739092859831,"action":"FILE_OPENED","file":"/Assets/Scripts/DialogueSystem/LocalizedDialogue.cs","tags":{"FILE_LINE_OF_CODE":"9"}}
{"ts":1739092868878,"action":"FILE_CLOSED","file":"/Assets/Scripts/DialogueSystem/LocalizedDialogue.cs","tags":{"FILE_LINE_OF_CODE":"8"}}
{"ts":1739092868879,"action":"FILE_OPENED","file":"/Assets/Scripts/DialogueSystem/StaticDialogue.cs","tags":{"FILE_LINE_OF_CODE":"28"}}
{"ts":1739092879696,"action":"FILE_CLOSED","file":"/Assets/Scripts/DialogueSystem/StaticDialogue.cs","tags":{"FILE_LINE_OF_CODE":"28"}}
{"ts":1739092879696,"action":"FILE_OPENED","file":"/Assets/Scripts/DialogueSystem/LocalizedDialogueStructures.cs","tags":{"FILE_LINE_OF_CODE":"5"}}
{"ts":1739092886083,"action":"FILE_CLOSED","file":"/Assets/Scripts/DialogueSystem/LocalizedDialogueStructures.cs","tags":{"FILE_LINE_OF_CODE":"5"}}
{"ts":1739092886083,"action":"FILE_OPENED","file":"/Assets/Scripts/DialogueSystem/StaticDialogueStructures.cs","tags":{"FILE_LINE_OF_CODE":"77"}}
{"ts":1739092896267,"action":"FILE_CLOSED","file":"/Assets/Scripts/DialogueSystem/StaticDialogueStructures.cs","tags":{"FILE_LINE_OF_CODE":"77"}}
{"ts":1739092896267,"action":"FILE_OPENED","file":"/Assets/Scripts/DialogueSystem/LocalizedDialogueStructures.cs","tags":{"FILE_LINE_OF_CODE":"5"}}
{"ts":1739093043279,"action":"FILE_CLOSED","file":"/Assets/Scripts/DialogueSystem/LocalizedDialogueStructures.cs","tags":{"FILE_LINE_OF_CODE":"75"}}
{"ts":1739093043279,"action":"FILE_OPENED","file":"/Assets/Scripts/DialogueSystem/GameObjectBoxes.cs","tags":{"FILE_LINE_OF_CODE":"15"}}
{"ts":1739093051112,"action":"FILE_CLOSED","file":"/Assets/Scripts/DialogueSystem/GameObjectBoxes.cs","tags":{"FILE_LINE_OF_CODE":"15"}}
{"ts":1739093051112,"action":"FILE_OPENED","file":"/Assets/Scripts/DialogueSystem/LocalizedDialogueStructures.cs","tags":{"FILE_LINE_OF_CODE":"75"}}
{"ts":1739093066012,"action":"IDE_DEACTIVATED"}
{"ts":1739093073525,"action":"IDE_ACTIVATED"}
{"ts":1739093324328,"action":"FILE_CLOSED","file":"/Assets/Scripts/DialogueSystem/LocalizedDialogueStructures.cs","tags":{"FILE_LINE_OF_CODE":"73"}}
{"ts":1739093324328,"action":"FILE_OPENED","file":"/Assets/Scripts/DialogueSystem/StaticDialogueStructures.cs","tags":{"FILE_LINE_OF_CODE":"77"}}
{"ts":1739093331631,"action":"FILE_CLOSED","file":"/Assets/Scripts/DialogueSystem/StaticDialogueStructures.cs","tags":{"FILE_LINE_OF_CODE":"77"}}
{"ts":1739093331631,"action":"FILE_OPENED","file":"/Assets/Scripts/DialogueSystem/PickerData.cs","tags":{"FILE_LINE_OF_CODE":"9"}}
{"ts":1739093334386,"action":"FILE_CLOSED","file":"/Assets/Scripts/DialogueSystem/PickerData.cs","tags":{"FILE_LINE_OF_CODE":"9"}}
{"ts":1739093334386,"action":"FILE_OPENED","file":"/Assets/Scripts/DialogueSystem/StaticDialogueStructures.cs","tags":{"FILE_LINE_OF_CODE":"77"}}
{"ts":1739093339815,"action":"FILE_CLOSED","file":"/Assets/Scripts/DialogueSystem/StaticDialogueStructures.cs","tags":{"FILE_LINE_OF_CODE":"77"}}
{"ts":1739093339815,"action":"FILE_OPENED","file":"/Assets/Scripts/DialogueSystem/LocalizedDialogueStructures.cs","tags":{"FILE_LINE_OF_CODE":"73"}}
{"ts":1739093622039,"action":"FILE_CLOSED","file":"/Assets/Scripts/DialogueSystem/LocalizedDialogueStructures.cs","tags":{"FILE_LINE_OF_CODE":"75"}}
{"ts":1739093622039,"action":"FILE_OPENED","file":"/Assets/Scripts/DialogueSystem/SerializableSysObject.cs","tags":{"FILE_LINE_OF_CODE":"6"}}
{"ts":1739093673271,"action":"FILE_CLOSED","file":"/Assets/Scripts/DialogueSystem/SerializableSysObject.cs","tags":{"FILE_LINE_OF_CODE":"10"}}
{"ts":1739093673271,"action":"FILE_OPENED","file":"/Assets/Scripts/DialogueSystem/LocalizedStringPickerWindow.cs","tags":{"FILE_LINE_OF_CODE":"214"}}
{"ts":1739093729112,"action":"IDE_DEACTIVATED"}
{"ts":1739093783635,"action":"IDE_ACTIVATED"}
{"ts":1739093841944,"action":"FILE_CLOSED","file":"/Assets/Scripts/DialogueSystem/LocalizedStringPickerWindow.cs","tags":{"FILE_LINE_OF_CODE":"251"}}
{"ts":1739093841944,"action":"FILE_OPENED","file":"/Assets/Scripts/DialogueSystem/LocalizedDialogueStructures.cs","tags":{"FILE_LINE_OF_CODE":"75"}}
{"ts":1739093873964,"action":"FILE_CLOSED","file":"/Assets/Scripts/DialogueSystem/LocalizedDialogueStructures.cs","tags":{"FILE_LINE_OF_CODE":"75"}}
{"ts":1739093873964,"action":"FILE_OPENED","file":"/Assets/Scripts/DialogueSystem/GameObjectBox.cs","tags":{"FILE_LINE_OF_CODE":"20"}}
{"ts":1739093897691,"action":"FILE_CLOSED","file":"/Assets/Scripts/DialogueSystem/GameObjectBox.cs","tags":{"FILE_LINE_OF_CODE":"20"}}
{"ts":1739093897691,"action":"FILE_OPENED","file":"/Assets/Scripts/DialogueSystem/LocalizedDialogueStructures.cs","tags":{"FILE_LINE_OF_CODE":"75"}}
{"ts":1739094028685,"action":"PROJECT_CLOSED","tags":{"PROJECT_NAME":"MSS_Timeplex"}}
{"ts":1739094056139,"action":"PROJECT_OPENED","tags":{"PROJECT_NAME":"MSS_Timeplex"}}
{"ts":1739094083033,"action":"FILE_CLOSED","file":"/Assets/Scripts/DialogueSystem/StaticDialogue.cs","tags":{"FILE_LINE_OF_CODE":"28"}}
{"ts":1739094083034,"action":"FILE_OPENED","file":"/Assets/Scripts/DialogueSystem/LocalizedDialogue.cs","tags":{"FILE_LINE_OF_CODE":"8"}}
{"ts":1739094147354,"action":"FILE_CLOSED","file":"/Assets/Scripts/DialogueSystem/LocalizedDialogue.cs","tags":{"FILE_LINE_OF_CODE":"28"}}
{"ts":1739094147354,"action":"FILE_OPENED","file":"/Assets/Scripts/DialogueSystem/Structures.cs","tags":{"FILE_LINE_OF_CODE":"38"}}
{"ts":1739094154878,"action":"FILE_CLOSED","file":"/Assets/Scripts/DialogueSystem/Structures.cs","tags":{"FILE_LINE_OF_CODE":"39"}}
{"ts":1739094154878,"action":"FILE_OPENED","file":"/Assets/Scripts/DialogueSystem/LocalizedDialogue.cs","tags":{"FILE_LINE_OF_CODE":"28"}}
{"ts":1739094167854,"action":"FILE_CLOSED","file":"/Assets/Scripts/DialogueSystem/LocalizedDialogue.cs","tags":{"FILE_LINE_OF_CODE":"28"}}
{"ts":1739094167854,"action":"FILE_OPENED","file":"/Assets/Scripts/DialogueSystem/Structures.cs","tags":{"FILE_LINE_OF_CODE":"39"}}
{"ts":1739094175425,"action":"FILE_CLOSED","file":"/Assets/Scripts/DialogueSystem/Structures.cs","tags":{"FILE_LINE_OF_CODE":"39"}}
{"ts":1739094175425,"action":"FILE_OPENED","file":"/Assets/Scripts/DialogueSystem/LocalizedDialogueStructures.cs","tags":{"FILE_LINE_OF_CODE":"76"}}
{"ts":1739094180275,"action":"FILE_CLOSED","file":"/Assets/Scripts/DialogueSystem/LocalizedDialogueStructures.cs","tags":{"FILE_LINE_OF_CODE":"76"}}
{"ts":1739094180275,"action":"FILE_OPENED","file":"/Assets/Scripts/DialogueSystem/LocalizedDialogue.cs","tags":{"FILE_LINE_OF_CODE":"28"}}
{"ts":1739094196106,"action":"FILE_CLOSED","file":"/Assets/Scripts/DialogueSystem/LocalizedDialogue.cs","tags":{"FILE_LINE_OF_CODE":"28"}}
{"ts":1739094196106,"action":"FILE_OPENED","file":"/Assets/Scripts/DialogueSystem/LocalizedDialogueStructures.cs","tags":{"FILE_LINE_OF_CODE":"76"}}
{"ts":1739094201645,"action":"IDE_DEACTIVATED"}
{"ts":1739094224776,"action":"FILE_CLOSED","file":"/Assets/Scripts/DialogueSystem/LocalizedDialogueStructures.cs","tags":{"FILE_LINE_OF_CODE":"76"}}
{"ts":1739094224776,"action":"FILE_OPENED","file":"/Assets/Scripts/DialogueSystem/GameObjectBoxDrawer.cs","tags":{"FILE_LINE_OF_CODE":"135"}}
{"ts":1739094224818,"action":"IDE_ACTIVATED"}
{"ts":1739094239495,"action":"IDE_DEACTIVATED"}
{"ts":1739094239766,"action":"IDE_ACTIVATED"}
{"ts":1739094284978,"action":"IDE_DEACTIVATED"}
{"ts":1739094308498,"action":"IDE_ACTIVATED"}
{"ts":1739094315717,"action":"FILE_CLOSED","file":"/Assets/Scripts/DialogueSystem/GameObjectBoxDrawer.cs","tags":{"FILE_LINE_OF_CODE":"135"}}
{"ts":1739094315717,"action":"FILE_OPENED","file":"/Assets/Scripts/DialogueSystem/LocalizedDialogueStructures.cs","tags":{"FILE_LINE_OF_CODE":"76"}}
{"ts":1739094334301,"action":"IDE_DEACTIVATED"}
{"ts":1739094500061,"action":"IDE_ACTIVATED"}
{"ts":1739094500097,"action":"IDE_DEACTIVATED"}
{"ts":1739094500122,"action":"IDE_ACTIVATED"}
{"ts":1739094500221,"action":"FILE_CLOSED","file":"/Assets/Scripts/DialogueSystem/LocalizedDialogueStructures.cs","tags":{"FILE_LINE_OF_CODE":"76"}}
{"ts":1739094500221,"action":"FILE_OPENED","file":"/Assets/Scripts/DialogueSystem/GameObjectBoxesDrawer.cs","tags":{"FILE_LINE_OF_CODE":"131"}}
{"ts":1739094511317,"action":"IDE_DEACTIVATED"}
{"ts":1739094523667,"action":"IDE_ACTIVATED"}
{"ts":1739094542682,"action":"IDE_DEACTIVATED"}
{"ts":1739094569118,"action":"IDE_ACTIVATED"}
{"ts":1739094597605,"action":"IDE_DEACTIVATED"}
{"ts":1739094638046,"action":"IDE_ACTIVATED"}
{"ts":1739094770583,"action":"IDE_DEACTIVATED"}
{"ts":1739094829302,"action":"IDE_ACTIVATED"}
{"ts":1739094835250,"action":"FILE_CLOSED","file":"/Assets/Scripts/DialogueSystem/GameObjectBoxesDrawer.cs","tags":{"FILE_LINE_OF_CODE":"131"}}
{"ts":1739094835250,"action":"FILE_OPENED","file":"/Assets/Scripts/scrInventory.cs","tags":{"FILE_LINE_OF_CODE":"17"}}
{"ts":1739094844171,"action":"FILE_CLOSED","file":"/Assets/Scripts/scrInventory.cs","tags":{"FILE_LINE_OF_CODE":"17"}}
{"ts":1739094844171,"action":"FILE_OPENED","file":"/Assets/Scripts/DialogueSystem/Test.cs","tags":{"FILE_LINE_OF_CODE":"7"}}
{"ts":1739094848920,"action":"IDE_DEACTIVATED"}
{"ts":1739127896646,"action":"IDE_ACTIVATED"}
{"ts":1739127908223,"action":"PROJECT_CLOSED","tags":{"PROJECT_NAME":"MSS_Timeplex"}}
{"ts":1739204456105,"action":"PROJECT_OPENED","tags":{"PROJECT_NAME":"MSS_Timeplex"}}
{"ts":1739204476725,"action":"IDE_DEACTIVATED"}
{"ts":1739204501971,"action":"IDE_ACTIVATED"}
{"ts":1739204502101,"action":"FILE_CLOSED","file":"/Assets/Scripts/DialogueSystem/Test.cs","tags":{"FILE_LINE_OF_CODE":"7"}}
{"ts":1739204502101,"action":"FILE_OPENED","file":"/Library/PackageCache/com.fries_and_seagull.fries/Fries/Inspector/KeyValuePairPropertyDrawer.cs","tags":{"FILE_LINE_OF_CODE":"61"}}
{"ts":1739204515156,"action":"IDE_DEACTIVATED"}
{"ts":1739204515454,"action":"FILE_CLOSED","file":"/Library/PackageCache/com.fries_and_seagull.fries/Fries/Inspector/KeyValuePairPropertyDrawer.cs","tags":{"FILE_LINE_OF_CODE":"61"}}
{"ts":1739204515454,"action":"FILE_OPENED","file":"/Assets/Scripts/DialogueSystem/GameObjectBoxesDrawer.cs","tags":{"FILE_LINE_OF_CODE":"131"}}
{"ts":1739204515479,"action":"IDE_ACTIVATED"}
{"ts":1739204532179,"action":"IDE_DEACTIVATED"}
{"ts":1739204535341,"action":"IDE_ACTIVATED"}
{"ts":1739204549173,"action":"IDE_DEACTIVATED"}
{"ts":1739204552681,"action":"IDE_ACTIVATED"}
{"ts":1739204577406,"action":"IDE_DEACTIVATED"}
{"ts":1739204591163,"action":"IDE_ACTIVATED"}
{"ts":1739204600136,"action":"IDE_DEACTIVATED"}
{"ts":1739204605605,"action":"IDE_ACTIVATED"}
{"ts":1739204641489,"action":"IDE_DEACTIVATED"}
{"ts":1739204654752,"action":"IDE_ACTIVATED"}
{"ts":1739204672945,"action":"IDE_DEACTIVATED"}
{"ts":1739204675447,"action":"IDE_ACTIVATED"}
{"ts":1739204829305,"action":"IDE_DEACTIVATED"}
{"ts":1739204837414,"action":"IDE_ACTIVATED"}
{"ts":1739204859976,"action":"IDE_DEACTIVATED"}
{"ts":1739204874816,"action":"IDE_ACTIVATED"}
{"ts":1739204880535,"action":"IDE_DEACTIVATED"}
{"ts":1739204904595,"action":"IDE_ACTIVATED"}
{"ts":1739204904649,"action":"FILE_CLOSED","file":"/Assets/Scripts/DialogueSystem/GameObjectBoxesDrawer.cs","tags":{"FILE_LINE_OF_CODE":"131"}}
{"ts":1739204904649,"action":"FILE_OPENED","file":"/Assets/ImportedLibraries/NaughtyAttributes/Scripts/Editor/NaughtyInspector.cs","tags":{"FILE_LINE_OF_CODE":"222"}}
{"ts":1739204910101,"action":"IDE_DEACTIVATED"}
{"ts":1739204916270,"action":"IDE_ACTIVATED"}
{"ts":1739204919241,"action":"FILE_CLOSED","file":"/Assets/ImportedLibraries/NaughtyAttributes/Scripts/Editor/NaughtyInspector.cs","tags":{"FILE_LINE_OF_CODE":"222"}}
{"ts":1739204919241,"action":"FILE_OPENED","file":"/Assets/Scripts/DialogueSystem/GameObjectBoxesDrawer.cs","tags":{"FILE_LINE_OF_CODE":"131"}}
{"ts":1739204954906,"action":"IDE_DEACTIVATED"}
{"ts":1739204966354,"action":"IDE_ACTIVATED"}
{"ts":1739205074321,"action":"IDE_DEACTIVATED"}
{"ts":1739205094816,"action":"IDE_ACTIVATED"}
{"ts":1739205113954,"action":"IDE_DEACTIVATED"}
{"ts":1739205190022,"action":"IDE_ACTIVATED"}
{"ts":1739205323251,"action":"IDE_DEACTIVATED"}
{"ts":1739205340075,"action":"IDE_ACTIVATED"}
{"ts":1739205385967,"action":"IDE_DEACTIVATED"}
{"ts":1739205389557,"action":"IDE_ACTIVATED"}
{"ts":1739205389629,"action":"FILE_CLOSED","file":"/Assets/Scripts/DialogueSystem/GameObjectBoxesDrawer.cs","tags":{"FILE_LINE_OF_CODE":"133"}}
{"ts":1739205389629,"action":"FILE_OPENED","file":"/Assets/Scripts/DialogueSystem/GameObjectBoxDrawer.cs","tags":{"FILE_LINE_OF_CODE":"135"}}
{"ts":1739205414901,"action":"IDE_DEACTIVATED"}
{"ts":1739205417169,"action":"IDE_ACTIVATED"}
{"ts":1739205433603,"action":"IDE_DEACTIVATED"}
{"ts":1739205473589,"action":"IDE_ACTIVATED"}
{"ts":1739205484015,"action":"FILE_CLOSED","file":"/Assets/Scripts/DialogueSystem/GameObjectBoxDrawer.cs","tags":{"FILE_LINE_OF_CODE":"135"}}
{"ts":1739205484015,"action":"FILE_OPENED","file":"/Assets/Scripts/DialogueSystem/GameObjectBoxes.cs","tags":{"FILE_LINE_OF_CODE":"15"}}
{"ts":1739205484942,"action":"FILE_CLOSED","file":"/Assets/Scripts/DialogueSystem/GameObjectBoxes.cs","tags":{"FILE_LINE_OF_CODE":"15"}}
{"ts":1739205484942,"action":"FILE_OPENED","file":"/Assets/Scripts/DialogueSystem/GameObjectBoxesDrawer.cs","tags":{"FILE_LINE_OF_CODE":"133"}}
{"ts":1739205501953,"action":"IDE_DEACTIVATED"}
{"ts":1739205504137,"action":"IDE_ACTIVATED"}
{"ts":1739205645043,"action":"IDE_DEACTIVATED"}
{"ts":1739205645881,"action":"IDE_ACTIVATED"}
{"ts":1739206143581,"action":"IDE_DEACTIVATED"}
{"ts":1739206298165,"action":"IDE_ACTIVATED"}
{"ts":1739206350536,"action":"IDE_DEACTIVATED"}
{"ts":1739206353544,"action":"IDE_ACTIVATED"}
{"ts":1739206379877,"action":"FILE_CLOSED","file":"/Assets/Scripts/DialogueSystem/GameObjectBoxesDrawer.cs","tags":{"FILE_LINE_OF_CODE":"133"}}
{"ts":1739206379877,"action":"FILE_OPENED","file":"/Assets/Scripts/DialogueSystem/GameObjectBoxes.cs","tags":{"FILE_LINE_OF_CODE":"15"}}
{"ts":1739206390682,"action":"FILE_CLOSED","file":"/Assets/Scripts/DialogueSystem/GameObjectBoxes.cs","tags":{"FILE_LINE_OF_CODE":"15"}}
{"ts":1739206390682,"action":"FILE_OPENED","file":"/Assets/Scripts/DialogueSystem/LocalizedDialogueStructures.cs","tags":{"FILE_LINE_OF_CODE":"76"}}
{"ts":1739206424684,"action":"FILE_CLOSED","file":"/Assets/Scripts/DialogueSystem/LocalizedDialogueStructures.cs","tags":{"FILE_LINE_OF_CODE":"76"}}
{"ts":1739206424684,"action":"FILE_OPENED","file":"/Assets/Scripts/DialogueSystem/GameObjectBoxes.cs","tags":{"FILE_LINE_OF_CODE":"15"}}
{"ts":1739206441589,"action":"FILE_CLOSED","file":"/Assets/Scripts/DialogueSystem/GameObjectBoxes.cs","tags":{"FILE_LINE_OF_CODE":"15"}}
{"ts":1739206441589,"action":"FILE_OPENED","file":"/Assets/Scripts/DialogueSystem/GameObjectBoxDrawer.cs","tags":{"FILE_LINE_OF_CODE":"135"}}
{"ts":1739206448360,"action":"FILE_CLOSED","file":"/Assets/Scripts/DialogueSystem/GameObjectBoxDrawer.cs","tags":{"FILE_LINE_OF_CODE":"135"}}
{"ts":1739206448360,"action":"FILE_OPENED","file":"/Assets/Scripts/DialogueSystem/LocalizedDialogueStructures.cs","tags":{"FILE_LINE_OF_CODE":"76"}}
{"ts":1739206455822,"action":"FILE_CLOSED","file":"/Assets/Scripts/DialogueSystem/LocalizedDialogueStructures.cs","tags":{"FILE_LINE_OF_CODE":"76"}}
{"ts":1739206455822,"action":"FILE_OPENED","file":"/Assets/Scripts/DialogueSystem/GameObjectBoxes.cs","tags":{"FILE_LINE_OF_CODE":"15"}}
{"ts":1739206456907,"action":"FILE_CLOSED","file":"/Assets/Scripts/DialogueSystem/GameObjectBoxes.cs","tags":{"FILE_LINE_OF_CODE":"15"}}
{"ts":1739206456907,"action":"FILE_OPENED","file":"/Assets/Scripts/DialogueSystem/GameObjectBoxDrawer.cs","tags":{"FILE_LINE_OF_CODE":"135"}}
{"ts":1739206458227,"action":"FILE_CLOSED","file":"/Assets/Scripts/DialogueSystem/GameObjectBoxDrawer.cs","tags":{"FILE_LINE_OF_CODE":"135"}}
{"ts":1739206458227,"action":"FILE_OPENED","file":"/Assets/Scripts/DialogueSystem/LocalizedDialogueStructures.cs","tags":{"FILE_LINE_OF_CODE":"76"}}
{"ts":1739206459777,"action":"FILE_CLOSED","file":"/Assets/Scripts/DialogueSystem/LocalizedDialogueStructures.cs","tags":{"FILE_LINE_OF_CODE":"76"}}
{"ts":1739206459777,"action":"FILE_OPENED","file":"/Assets/Scripts/DialogueSystem/StaticDialogue.cs","tags":{"FILE_LINE_OF_CODE":"28"}}
{"ts":1739206461533,"action":"FILE_CLOSED","file":"/Assets/Scripts/DialogueSystem/StaticDialogue.cs","tags":{"FILE_LINE_OF_CODE":"28"}}
{"ts":1739206461533,"action":"FILE_OPENED","file":"/Assets/Scripts/DialogueSystem/GameObjectBoxes.cs","tags":{"FILE_LINE_OF_CODE":"15"}}
{"ts":1739206463518,"action":"FILE_CLOSED","file":"/Assets/Scripts/DialogueSystem/GameObjectBoxes.cs","tags":{"FILE_LINE_OF_CODE":"15"}}
{"ts":1739206463518,"action":"FILE_OPENED","file":"/Assets/Scripts/DialogueSystem/GameObjectBoxesDrawer.cs","tags":{"FILE_LINE_OF_CODE":"133"}}
{"ts":1739206491840,"action":"IDE_DEACTIVATED"}
{"ts":1739206495392,"action":"IDE_ACTIVATED"}
{"ts":1739206505329,"action":"IDE_DEACTIVATED"}
{"ts":1739206534019,"action":"IDE_ACTIVATED"}
{"ts":1739206553714,"action":"IDE_DEACTIVATED"}
{"ts":1739206585523,"action":"IDE_ACTIVATED"}
{"ts":1739206643329,"action":"IDE_DEACTIVATED"}
{"ts":1739206659460,"action":"IDE_ACTIVATED"}
{"ts":1739206717650,"action":"IDE_DEACTIVATED"}
{"ts":1739206717870,"action":"IDE_ACTIVATED"}
{"ts":1739206792192,"action":"IDE_DEACTIVATED"}
{"ts":1739206811398,"action":"IDE_ACTIVATED"}
{"ts":1739206818213,"action":"IDE_DEACTIVATED"}
{"ts":1739206855534,"action":"IDE_ACTIVATED"}
{"ts":1739206857181,"action":"IDE_DEACTIVATED"}
{"ts":1739206858165,"action":"IDE_ACTIVATED"}
{"ts":1739206866424,"action":"IDE_DEACTIVATED"}
{"ts":1739206987258,"action":"IDE_ACTIVATED"}
{"ts":1739207019264,"action":"IDE_DEACTIVATED"}
{"ts":1739207073660,"action":"IDE_ACTIVATED"}
{"ts":1739207104274,"action":"IDE_DEACTIVATED"}
{"ts":1739207144637,"action":"IDE_ACTIVATED"}
{"ts":1739207198144,"action":"IDE_DEACTIVATED"}
{"ts":1739207218752,"action":"IDE_ACTIVATED"}
{"ts":1739207334233,"action":"IDE_DEACTIVATED"}
{"ts":1739207415145,"action":"IDE_ACTIVATED"}
{"ts":1739207552198,"action":"IDE_DEACTIVATED"}
{"ts":1739207602856,"action":"IDE_ACTIVATED"}
{"ts":1739207614966,"action":"IDE_DEACTIVATED"}
{"ts":1739207683033,"action":"IDE_ACTIVATED"}
{"ts":1739207690366,"action":"FILE_CLOSED","file":"/Assets/Scripts/DialogueSystem/GameObjectBoxesDrawer.cs","tags":{"FILE_LINE_OF_CODE":"135"}}
{"ts":1739207690367,"action":"FILE_OPENED","file":"/Library/PackageCache/com.fries_and_seagull.fries/Fries/Inspector/KeyValuePairPropertyDrawer.cs","tags":{"FILE_LINE_OF_CODE":"61"}}
{"ts":1739207709738,"action":"FILE_CLOSED","file":"/Library/PackageCache/com.fries_and_seagull.fries/Fries/Inspector/KeyValuePairPropertyDrawer.cs","tags":{"FILE_LINE_OF_CODE":"61"}}
{"ts":1739207709739,"action":"FILE_OPENED","file":"/Assets/Scripts/DialogueSystem/LocalizedStringPickerWindow.cs","tags":{"FILE_LINE_OF_CODE":"251"}}
{"ts":1739207710668,"action":"FILE_CLOSED","file":"/Assets/Scripts/DialogueSystem/LocalizedStringPickerWindow.cs","tags":{"FILE_LINE_OF_CODE":"251"}}
{"ts":1739207710668,"action":"FILE_OPENED","file":"/Assets/Scripts/DialogueSystem/LocalizedDialogueStructures.cs","tags":{"FILE_LINE_OF_CODE":"76"}}
{"ts":1739207726524,"action":"IDE_DEACTIVATED"}
{"ts":1739207735651,"action":"IDE_ACTIVATED"}
{"ts":1739207737602,"action":"IDE_DEACTIVATED"}
{"ts":1739207748555,"action":"IDE_ACTIVATED"}
{"ts":1739207752532,"action":"IDE_DEACTIVATED"}
{"ts":1739207763408,"action":"IDE_ACTIVATED"}
{"ts":1739207775882,"action":"FILE_CLOSED","file":"/Assets/Scripts/DialogueSystem/LocalizedDialogueStructures.cs","tags":{"FILE_LINE_OF_CODE":"78"}}
{"ts":1739207775882,"action":"FILE_OPENED","file":"/Assets/Scripts/DialogueSystem/GameObjectBoxesDrawer.cs","tags":{"FILE_LINE_OF_CODE":"135"}}
{"ts":1739207778332,"action":"FILE_CLOSED","file":"/Assets/Scripts/DialogueSystem/GameObjectBoxesDrawer.cs","tags":{"FILE_LINE_OF_CODE":"135"}}
{"ts":1739207778332,"action":"FILE_OPENED","file":"/Assets/Scripts/DialogueSystem/LocalizedStringPickerWindow.cs","tags":{"FILE_LINE_OF_CODE":"251"}}
{"ts":1739207780552,"action":"FILE_CLOSED","file":"/Assets/Scripts/DialogueSystem/LocalizedStringPickerWindow.cs","tags":{"FILE_LINE_OF_CODE":"251"}}
{"ts":1739207780552,"action":"FILE_OPENED","file":"/Assets/Scripts/DialogueSystem/LocalizedDialogueStructures.cs","tags":{"FILE_LINE_OF_CODE":"78"}}
{"ts":1739207782598,"action":"FILE_CLOSED","file":"/Assets/Scripts/DialogueSystem/LocalizedDialogueStructures.cs","tags":{"FILE_LINE_OF_CODE":"78"}}
{"ts":1739207782598,"action":"FILE_OPENED","file":"/Assets/Scripts/DialogueSystem/GameObjectBoxesDrawer.cs","tags":{"FILE_LINE_OF_CODE":"135"}}
{"ts":1739207784939,"action":"FILE_CLOSED","file":"/Assets/Scripts/DialogueSystem/GameObjectBoxesDrawer.cs","tags":{"FILE_LINE_OF_CODE":"135"}}
{"ts":1739207784939,"action":"FILE_OPENED","file":"/Assets/Scripts/DialogueSystem/LocalizedDialogueStructures.cs","tags":{"FILE_LINE_OF_CODE":"78"}}
{"ts":1739207791655,"action":"IDE_DEACTIVATED"}
{"ts":1739209058492,"action":"IDE_ACTIVATED"}
{"ts":1739209068285,"action":"FILE_CLOSED","file":"/Assets/Scripts/DialogueSystem/LocalizedDialogueStructures.cs","tags":{"FILE_LINE_OF_CODE":"76"}}
{"ts":1739209068285,"action":"FILE_OPENED","file":"/Assets/Scripts/DialogueSystem/DialogueDisplayer.cs","tags":{"FILE_LINE_OF_CODE":"5"}}
{"ts":1739209114489,"action":"FILE_CLOSED","file":"/Assets/Scripts/DialogueSystem/DialogueDisplayer.cs","tags":{"FILE_LINE_OF_CODE":"13"}}
{"ts":1739209114489,"action":"FILE_OPENED","file":"/Assets/Scripts/DialogueSystem/LocalizedDialogue.cs","tags":{"FILE_LINE_OF_CODE":"28"}}
{"ts":1739209127655,"action":"FILE_CLOSED","file":"/Assets/Scripts/DialogueSystem/LocalizedDialogue.cs","tags":{"FILE_LINE_OF_CODE":"28"}}
{"ts":1739209127655,"action":"FILE_OPENED","file":"/Assets/Scripts/DialogueSystem/Structures.cs","tags":{"FILE_LINE_OF_CODE":"39"}}
{"ts":1739209130382,"action":"FILE_CLOSED","file":"/Assets/Scripts/DialogueSystem/Structures.cs","tags":{"FILE_LINE_OF_CODE":"39"}}
{"ts":1739209130382,"action":"FILE_OPENED","file":"/Assets/Scripts/DialogueSystem/LocalizedDialogue.cs","tags":{"FILE_LINE_OF_CODE":"28"}}
{"ts":1739209141823,"action":"FILE_CLOSED","file":"/Assets/Scripts/DialogueSystem/LocalizedDialogue.cs","tags":{"FILE_LINE_OF_CODE":"28"}}
{"ts":1739209141823,"action":"FILE_OPENED","file":"/Assets/Scripts/DialogueSystem/Structures.cs","tags":{"FILE_LINE_OF_CODE":"39"}}
{"ts":1739209145486,"action":"FILE_CLOSED","file":"/Assets/Scripts/DialogueSystem/Structures.cs","tags":{"FILE_LINE_OF_CODE":"39"}}
{"ts":1739209145486,"action":"FILE_OPENED","file":"/Assets/Scripts/DialogueSystem/StaticDialogue.cs","tags":{"FILE_LINE_OF_CODE":"28"}}
{"ts":1739209157312,"action":"FILE_CLOSED","file":"/Assets/Scripts/DialogueSystem/StaticDialogue.cs","tags":{"FILE_LINE_OF_CODE":"28"}}
{"ts":1739209157312,"action":"FILE_OPENED","file":"/Assets/Scripts/DialogueSystem/DialogueDisplayer.cs","tags":{"FILE_LINE_OF_CODE":"13"}}
{"ts":1739209366918,"action":"FILE_CLOSED","file":"/Assets/Scripts/DialogueSystem/DialogueDisplayer.cs","tags":{"FILE_LINE_OF_CODE":"15"}}
{"ts":1739209366918,"action":"FILE_OPENED","file":"/Assets/Scripts/DialogueSystem/StaticDialogue.cs","tags":{"FILE_LINE_OF_CODE":"28"}}
{"ts":1739209374017,"action":"FILE_CLOSED","file":"/Assets/Scripts/DialogueSystem/StaticDialogue.cs","tags":{"FILE_LINE_OF_CODE":"28"}}
{"ts":1739209374017,"action":"FILE_OPENED","file":"/Assets/Scripts/DialogueSystem/Structures.cs","tags":{"FILE_LINE_OF_CODE":"39"}}
{"ts":1739209563235,"action":"FILE_CLOSED","file":"/Assets/Scripts/DialogueSystem/Structures.cs","tags":{"FILE_LINE_OF_CODE":"44"}}
{"ts":1739209563236,"action":"FILE_OPENED","file":"/Assets/Scripts/DialogueSystem/LocalizedDialogue.cs","tags":{"FILE_LINE_OF_CODE":"28"}}
{"ts":1739209564127,"action":"FILE_CLOSED","file":"/Assets/Scripts/DialogueSystem/LocalizedDialogue.cs","tags":{"FILE_LINE_OF_CODE":"28"}}
{"ts":1739209564127,"action":"FILE_OPENED","file":"/Assets/Scripts/DialogueSystem/DialogueDisplayer.cs","tags":{"FILE_LINE_OF_CODE":"15"}}
{"ts":1739209603104,"action":"FILE_CLOSED","file":"/Assets/Scripts/DialogueSystem/DialogueDisplayer.cs","tags":{"FILE_LINE_OF_CODE":"20"}}
{"ts":1739209603104,"action":"FILE_OPENED","file":"/Assets/Scripts/DialogueSystem/CharSequenceDisplayer.cs","tags":{"FILE_LINE_OF_CODE":"5"}}
{"ts":1739209615372,"action":"FILE_CLOSED","file":"/Assets/Scripts/DialogueSystem/CharSequenceDisplayer.cs","tags":{"FILE_LINE_OF_CODE":"7"}}
{"ts":1739209615372,"action":"FILE_OPENED","file":"/Assets/Scripts/DialogueSystem/DialogueDisplayer.cs","tags":{"FILE_LINE_OF_CODE":"20"}}
{"ts":1739209625502,"action":"FILE_CLOSED","file":"/Assets/Scripts/DialogueSystem/DialogueDisplayer.cs","tags":{"FILE_LINE_OF_CODE":"20"}}
{"ts":1739209625502,"action":"FILE_OPENED","file":"/Assets/Scripts/DialogueSystem/CharSequenceDisplayer.cs","tags":{"FILE_LINE_OF_CODE":"7"}}
{"ts":1739209639926,"action":"FILE_CLOSED","file":"/Assets/Scripts/DialogueSystem/CharSequenceDisplayer.cs","tags":{"FILE_LINE_OF_CODE":"9"}}
{"ts":1739209639926,"action":"FILE_OPENED","file":"/Assets/Scripts/DialogueSystem/DialogueDisplayer.cs","tags":{"FILE_LINE_OF_CODE":"20"}}
{"ts":1739209814647,"action":"FILE_CLOSED","file":"/Assets/Scripts/DialogueSystem/DialogueDisplayer.cs","tags":{"FILE_LINE_OF_CODE":"24"}}
{"ts":1739209814647,"action":"FILE_OPENED","file":"/Assets/Scripts/DialogueSystem/Structures.cs","tags":{"FILE_LINE_OF_CODE":"44"}}
{"ts":1739209820297,"action":"FILE_CLOSED","file":"/Assets/Scripts/DialogueSystem/Structures.cs","tags":{"FILE_LINE_OF_CODE":"44"}}
{"ts":1739209820297,"action":"FILE_OPENED","file":"/Assets/Scripts/DialogueSystem/DialogueDisplayer.cs","tags":{"FILE_LINE_OF_CODE":"24"}}
{"ts":1739209845807,"action":"FILE_CLOSED","file":"/Assets/Scripts/DialogueSystem/DialogueDisplayer.cs","tags":{"FILE_LINE_OF_CODE":"25"}}
{"ts":1739209845807,"action":"FILE_OPENED","file":"/Assets/Scripts/DialogueSystem/CharSequenceDisplayer.cs","tags":{"FILE_LINE_OF_CODE":"9"}}
{"ts":1739209862268,"action":"FILE_CLOSED","file":"/Assets/Scripts/DialogueSystem/CharSequenceDisplayer.cs","tags":{"FILE_LINE_OF_CODE":"13"}}
{"ts":1739209862268,"action":"FILE_OPENED","file":"/Assets/Scripts/DialogueSystem/DialogueDisplayer.cs","tags":{"FILE_LINE_OF_CODE":"25"}}
{"ts":1739209863226,"action":"FILE_CLOSED","file":"/Assets/Scripts/DialogueSystem/DialogueDisplayer.cs","tags":{"FILE_LINE_OF_CODE":"25"}}
{"ts":1739209863226,"action":"FILE_OPENED","file":"/Assets/Scripts/DialogueSystem/CharSequenceDisplayer.cs","tags":{"FILE_LINE_OF_CODE":"13"}}
{"ts":1739209958785,"action":"FILE_CLOSED","file":"/Assets/Scripts/DialogueSystem/CharSequenceDisplayer.cs","tags":{"FILE_LINE_OF_CODE":"15"}}
{"ts":1739209958785,"action":"FILE_OPENED","file":"/Assets/Scripts/DialogueSystem/DialogueDisplayer.cs","tags":{"FILE_LINE_OF_CODE":"25"}}
{"ts":1739210114796,"action":"FILE_CLOSED","file":"/Assets/Scripts/DialogueSystem/DialogueDisplayer.cs","tags":{"FILE_LINE_OF_CODE":"28"}}
{"ts":1739210114796,"action":"FILE_OPENED","file":"/Assets/Scripts/DialogueSystem/Structures.cs","tags":{"FILE_LINE_OF_CODE":"44"}}
{"ts":1739210273303,"action":"PROJECT_OPENED","tags":{"PROJECT_NAME":"MSS_Timeplex"}}
{"ts":1739210316611,"action":"FILE_OPENED","file":"/Assets/Scripts/scrInventory.cs","tags":{"FILE_LINE_OF_CODE":"17"}}
{"ts":1739210316663,"action":"FILE_CLOSED","file":"/Assets/Scripts/scrInventory.cs","tags":{"FILE_LINE_OF_CODE":"17"}}
{"ts":1739210316663,"action":"FILE_OPENED","file":"/Assets/Scripts/DialogueSystem/Structures.cs","tags":{"FILE_LINE_OF_CODE":"39"}}
{"ts":1739210544126,"action":"FILE_CLOSED","file":"/Assets/Scripts/DialogueSystem/Structures.cs","tags":{"FILE_LINE_OF_CODE":"46"}}
{"ts":1739210544126,"action":"FILE_OPENED","file":"/Assets/Scripts/DialogueSystem/GameObjectBoxesDrawer.cs","tags":{"FILE_LINE_OF_CODE":"135"}}
{"ts":1739210568185,"action":"FILE_CLOSED","file":"/Assets/Scripts/DialogueSystem/GameObjectBoxesDrawer.cs","tags":{"FILE_LINE_OF_CODE":"135"}}
{"ts":1739210568185,"action":"FILE_OPENED","file":"/Assets/Scripts/DialogueSystem/CharSequenceDisplayer.cs","tags":{"FILE_LINE_OF_CODE":"5"}}
{"ts":1739210569293,"action":"FILE_CLOSED","file":"/Assets/Scripts/DialogueSystem/CharSequenceDisplayer.cs","tags":{"FILE_LINE_OF_CODE":"5"}}
{"ts":1739210569293,"action":"FILE_OPENED","file":"/Assets/Scripts/DialogueSystem/DialogueDisplayer.cs","tags":{"FILE_LINE_OF_CODE":"5"}}
{"ts":1739210571730,"action":"FILE_CLOSED","file":"/Assets/Scripts/DialogueSystem/DialogueDisplayer.cs","tags":{"FILE_LINE_OF_CODE":"5"}}
{"ts":1739210571730,"action":"FILE_OPENED","file":"/Assets/Scripts/DialogueSystem/CharSequenceDisplayer.cs","tags":{"FILE_LINE_OF_CODE":"5"}}
{"ts":1739210608056,"action":"FILE_CLOSED","file":"/Assets/Scripts/DialogueSystem/CharSequenceDisplayer.cs","tags":{"FILE_LINE_OF_CODE":"13"}}
{"ts":1739210608056,"action":"FILE_OPENED","file":"/Assets/Scripts/DialogueSystem/GameObjectBoxesDrawer.cs","tags":{"FILE_LINE_OF_CODE":"135"}}
{"ts":1739210609338,"action":"FILE_CLOSED","file":"/Assets/Scripts/DialogueSystem/GameObjectBoxesDrawer.cs","tags":{"FILE_LINE_OF_CODE":"135"}}
{"ts":1739210609338,"action":"FILE_OPENED","file":"/Assets/Scripts/DialogueSystem/DialogueDisplayer.cs","tags":{"FILE_LINE_OF_CODE":"5"}}
{"ts":1739210822499,"action":"FILE_CLOSED","file":"/Assets/Scripts/DialogueSystem/DialogueDisplayer.cs","tags":{"FILE_LINE_OF_CODE":"29"}}
{"ts":1739210822499,"action":"FILE_OPENED","file":"/Assets/Scripts/DialogueSystem/CharSequenceDisplayer.cs","tags":{"FILE_LINE_OF_CODE":"13"}}
{"ts":1739210832034,"action":"FILE_CLOSED","file":"/Assets/Scripts/DialogueSystem/CharSequenceDisplayer.cs","tags":{"FILE_LINE_OF_CODE":"15"}}
{"ts":1739210832034,"action":"FILE_OPENED","file":"/Assets/Scripts/DialogueSystem/GameObjectBoxesDrawer.cs","tags":{"FILE_LINE_OF_CODE":"135"}}
{"ts":1739210833892,"action":"FILE_CLOSED","file":"/Assets/Scripts/DialogueSystem/GameObjectBoxesDrawer.cs","tags":{"FILE_LINE_OF_CODE":"135"}}
{"ts":1739210833892,"action":"FILE_OPENED","file":"/Assets/Scripts/DialogueSystem/DialogueDisplayer.cs","tags":{"FILE_LINE_OF_CODE":"29"}}
{"ts":1739211174607,"action":"FILE_CLOSED","file":"/Assets/Scripts/DialogueSystem/DialogueDisplayer.cs","tags":{"FILE_LINE_OF_CODE":"44"}}
{"ts":1739211174607,"action":"FILE_OPENED","file":"/Assets/Scripts/DialogueSystem/Structures.cs","tags":{"FILE_LINE_OF_CODE":"46"}}
{"ts":1739211192755,"action":"FILE_CLOSED","file":"/Assets/Scripts/DialogueSystem/Structures.cs","tags":{"FILE_LINE_OF_CODE":"46"}}
{"ts":1739211192755,"action":"FILE_OPENED","file":"/Assets/Scripts/DialogueSystem/DialogueDisplayer.cs","tags":{"FILE_LINE_OF_CODE":"44"}}
{"ts":1739211284557,"action":"FILE_CLOSED","file":"/Assets/Scripts/DialogueSystem/DialogueDisplayer.cs","tags":{"FILE_LINE_OF_CODE":"50"}}
{"ts":1739211284557,"action":"FILE_OPENED","file":"/Assets/Scripts/DialogueSystem/CharSequenceDisplayer.cs","tags":{"FILE_LINE_OF_CODE":"15"}}
{"ts":1739211425575,"action":"FILE_CLOSED","file":"/Assets/Scripts/DialogueSystem/CharSequenceDisplayer.cs","tags":{"FILE_LINE_OF_CODE":"30"}}
{"ts":1739211425575,"action":"FILE_OPENED","file":"/Library/PackageCache/com.fries_and_seagull.fries/Fries/Pool/PoolExt.cs","tags":{"FILE_LINE_OF_CODE":"10"}}
{"ts":1739211432418,"action":"FILE_CLOSED","file":"/Library/PackageCache/com.fries_and_seagull.fries/Fries/Pool/PoolExt.cs","tags":{"FILE_LINE_OF_CODE":"10"}}
{"ts":1739211432418,"action":"FILE_OPENED","file":"/Library/PackageCache/com.fries_and_seagull.fries/Fries/Pool/CompPool.cs","tags":{"FILE_LINE_OF_CODE":"40"}}
{"ts":1739211450850,"action":"FILE_CLOSED","file":"/Library/PackageCache/com.fries_and_seagull.fries/Fries/Pool/CompPool.cs","tags":{"FILE_LINE_OF_CODE":"40"}}
{"ts":1739211450850,"action":"FILE_OPENED","file":"/Assets/Scripts/DialogueSystem/GameObjectBoxesDrawer.cs","tags":{"FILE_LINE_OF_CODE":"135"}}
{"ts":1739211455789,"action":"FILE_CLOSED","file":"/Assets/Scripts/DialogueSystem/GameObjectBoxesDrawer.cs","tags":{"FILE_LINE_OF_CODE":"135"}}
{"ts":1739211455789,"action":"FILE_OPENED","file":"/Assets/Scripts/DialogueSystem/CharSequenceDisplayer.cs","tags":{"FILE_LINE_OF_CODE":"30"}}
{"ts":1739211476027,"action":"IDE_DEACTIVATED"}
{"ts":1739211476583,"action":"IDE_ACTIVATED"}
{"ts":1739211772839,"action":"IDE_DEACTIVATED"}
{"ts":1739221066996,"action":"IDE_ACTIVATED"}
{"ts":1739221141057,"action":"IDE_DEACTIVATED"}
{"ts":1739221141313,"action":"IDE_ACTIVATED"}
{"ts":1739221160393,"action":"IDE_DEACTIVATED"}
{"ts":1739221319084,"action":"IDE_ACTIVATED"}
{"ts":1739221521845,"action":"IDE_DEACTIVATED"}
{"ts":1739221559246,"action":"IDE_ACTIVATED"}
{"ts":1739221559373,"action":"FILE_CLOSED","file":"/Assets/Scripts/DialogueSystem/CharSequenceDisplayer.cs","tags":{"FILE_LINE_OF_CODE":"63"}}
{"ts":1739221559373,"action":"FILE_OPENED","file":"/Assets/Scripts/DialogueSystem/DialogueDisplayer.cs","tags":{"FILE_LINE_OF_CODE":"50"}}
{"ts":1739221567269,"action":"FILE_CLOSED","file":"/Assets/Scripts/DialogueSystem/DialogueDisplayer.cs","tags":{"FILE_LINE_OF_CODE":"50"}}
{"ts":1739221567269,"action":"FILE_OPENED","file":"/Assets/Scripts/DialogueSystem/LocalizedDialogue.cs","tags":{"FILE_LINE_OF_CODE":"28"}}
{"ts":1739221573935,"action":"FILE_CLOSED","file":"/Assets/Scripts/DialogueSystem/LocalizedDialogue.cs","tags":{"FILE_LINE_OF_CODE":"28"}}
{"ts":1739221573935,"action":"FILE_OPENED","file":"/Assets/Scripts/DialogueSystem/StaticDialogue.cs","tags":{"FILE_LINE_OF_CODE":"28"}}
{"ts":1739221577497,"action":"IDE_DEACTIVATED"}
{"ts":1739221704894,"action":"IDE_ACTIVATED"}
{"ts":1739221716414,"action":"FILE_CLOSED","file":"/Assets/Scripts/DialogueSystem/StaticDialogue.cs","tags":{"FILE_LINE_OF_CODE":"28"}}
{"ts":1739221716414,"action":"FILE_OPENED","file":"/Assets/Scripts/DialogueSystem/Option.cs","tags":{"FILE_LINE_OF_CODE":"5"}}
{"ts":1739221779666,"action":"FILE_CLOSED","file":"/Assets/Scripts/DialogueSystem/Option.cs","tags":{"FILE_LINE_OF_CODE":"12"}}
{"ts":1739221779666,"action":"FILE_OPENED","file":"/Assets/Scripts/DialogueSystem/DialogueDisplayer.cs","tags":{"FILE_LINE_OF_CODE":"50"}}
{"ts":1739221783745,"action":"FILE_CLOSED","file":"/Assets/Scripts/DialogueSystem/DialogueDisplayer.cs","tags":{"FILE_LINE_OF_CODE":"50"}}
{"ts":1739221783746,"action":"FILE_OPENED","file":"/Assets/Scripts/DialogueSystem/PickerData.cs","tags":{"FILE_LINE_OF_CODE":"9"}}
{"ts":1739221785774,"action":"FILE_CLOSED","file":"/Assets/Scripts/DialogueSystem/PickerData.cs","tags":{"FILE_LINE_OF_CODE":"9"}}
{"ts":1739221785774,"action":"FILE_OPENED","file":"/Assets/Scripts/DialogueSystem/Option.cs","tags":{"FILE_LINE_OF_CODE":"12"}}
{"ts":1739221789353,"action":"FILE_CLOSED","file":"/Assets/Scripts/DialogueSystem/Option.cs","tags":{"FILE_LINE_OF_CODE":"12"}}
{"ts":1739221789353,"action":"FILE_OPENED","file":"/Assets/Scripts/DialogueSystem/DialogueDisplayer.cs","tags":{"FILE_LINE_OF_CODE":"50"}}
{"ts":1739221829811,"action":"FILE_CLOSED","file":"/Assets/Scripts/DialogueSystem/DialogueDisplayer.cs","tags":{"FILE_LINE_OF_CODE":"51"}}
{"ts":1739221829811,"action":"FILE_OPENED","file":"/Assets/Scripts/DialogueSystem/CharSequenceDisplayer.cs","tags":{"FILE_LINE_OF_CODE":"63"}}
{"ts":1739221893506,"action":"FILE_CLOSED","file":"/Assets/Scripts/DialogueSystem/CharSequenceDisplayer.cs","tags":{"FILE_LINE_OF_CODE":"66"}}
{"ts":1739221893506,"action":"FILE_OPENED","file":"/Assets/Scripts/DialogueSystem/Option.cs","tags":{"FILE_LINE_OF_CODE":"12"}}
{"ts":1739221894990,"action":"FILE_CLOSED","file":"/Assets/Scripts/DialogueSystem/Option.cs","tags":{"FILE_LINE_OF_CODE":"12"}}
{"ts":1739221894990,"action":"FILE_OPENED","file":"/Assets/Scripts/DialogueSystem/DialogueDisplayer.cs","tags":{"FILE_LINE_OF_CODE":"51"}}
{"ts":1739222063355,"action":"FILE_CLOSED","file":"/Assets/Scripts/DialogueSystem/DialogueDisplayer.cs","tags":{"FILE_LINE_OF_CODE":"59"}}
{"ts":1739222063355,"action":"FILE_OPENED","file":"/Assets/Scripts/DialogueSystem/Structures.cs","tags":{"FILE_LINE_OF_CODE":"46"}}
{"ts":1739222074122,"action":"FILE_CLOSED","file":"/Assets/Scripts/DialogueSystem/Structures.cs","tags":{"FILE_LINE_OF_CODE":"46"}}
{"ts":1739222074122,"action":"FILE_OPENED","file":"/Assets/Scripts/DialogueSystem/Option.cs","tags":{"FILE_LINE_OF_CODE":"12"}}
{"ts":1739222075675,"action":"FILE_CLOSED","file":"/Assets/Scripts/DialogueSystem/Option.cs","tags":{"FILE_LINE_OF_CODE":"12"}}
{"ts":1739222075675,"action":"FILE_OPENED","file":"/Assets/Scripts/DialogueSystem/PickerData.cs","tags":{"FILE_LINE_OF_CODE":"9"}}
{"ts":1739222079075,"action":"FILE_CLOSED","file":"/Assets/Scripts/DialogueSystem/PickerData.cs","tags":{"FILE_LINE_OF_CODE":"9"}}
{"ts":1739222079075,"action":"FILE_OPENED","file":"/Assets/Scripts/DialogueSystem/DialogueDisplayer.cs","tags":{"FILE_LINE_OF_CODE":"59"}}
{"ts":1739222111574,"action":"FILE_CLOSED","file":"/Assets/Scripts/DialogueSystem/DialogueDisplayer.cs","tags":{"FILE_LINE_OF_CODE":"60"}}
{"ts":1739222111574,"action":"FILE_OPENED","file":"/Assets/Scripts/DialogueSystem/CharSequenceDisplayer.cs","tags":{"FILE_LINE_OF_CODE":"66"}}
{"ts":1739222150243,"action":"FILE_CLOSED","file":"/Assets/Scripts/DialogueSystem/CharSequenceDisplayer.cs","tags":{"FILE_LINE_OF_CODE":"67"}}
{"ts":1739222150243,"action":"FILE_OPENED","file":"/Assets/Scripts/DialogueSystem/DialogueDisplayer.cs","tags":{"FILE_LINE_OF_CODE":"60"}}
{"ts":1739222177038,"action":"FILE_CLOSED","file":"/Assets/Scripts/DialogueSystem/DialogueDisplayer.cs","tags":{"FILE_LINE_OF_CODE":"60"}}
{"ts":1739222177038,"action":"FILE_OPENED","file":"/Assets/Scripts/DialogueSystem/CharSequenceDisplayer.cs","tags":{"FILE_LINE_OF_CODE":"67"}}
{"ts":1739222205902,"action":"FILE_CLOSED","file":"/Assets/Scripts/DialogueSystem/CharSequenceDisplayer.cs","tags":{"FILE_LINE_OF_CODE":"67"}}
{"ts":1739222205902,"action":"FILE_OPENED","file":"/Assets/Scripts/DialogueSystem/Option.cs","tags":{"FILE_LINE_OF_CODE":"12"}}
{"ts":1739222212864,"action":"IDE_DEACTIVATED"}
{"ts":1739222275013,"action":"IDE_ACTIVATED"}
{"ts":1739222275146,"action":"FILE_CLOSED","file":"/Assets/Scripts/DialogueSystem/Option.cs","tags":{"FILE_LINE_OF_CODE":"12"}}
{"ts":1739222275146,"action":"FILE_OPENED","file":"/Assets/Scripts/DialogueSystem/StaticDialogueStructures.cs","tags":{"FILE_LINE_OF_CODE":"77"}}
{"ts":1739222281202,"action":"IDE_DEACTIVATED"}
{"ts":1739222304338,"action":"IDE_ACTIVATED"}
{"ts":1739222316792,"action":"IDE_DEACTIVATED"}
{"ts":1739222338861,"action":"IDE_ACTIVATED"}
{"ts":1739222354475,"action":"FILE_CLOSED","file":"/Assets/Scripts/DialogueSystem/StaticDialogueStructures.cs","tags":{"FILE_LINE_OF_CODE":"77"}}
{"ts":1739222354475,"action":"FILE_OPENED","file":"/Assets/Scripts/DialogueSystem/StaticDialogue.cs","tags":{"FILE_LINE_OF_CODE":"28"}}
{"ts":1739222390320,"action":"IDE_DEACTIVATED"}
{"ts":1739222390594,"action":"IDE_ACTIVATED"}
{"ts":1739222391994,"action":"FILE_CLOSED","file":"/Assets/Scripts/DialogueSystem/StaticDialogue.cs","tags":{"FILE_LINE_OF_CODE":"28"}}
{"ts":1739222391994,"action":"FILE_OPENED","file":"/Assets/Scripts/DialogueSystem/StaticDialogueStructures.cs","tags":{"FILE_LINE_OF_CODE":"77"}}
{"ts":1739222397145,"action":"IDE_DEACTIVATED"}
{"ts":1739222398443,"action":"IDE_ACTIVATED"}
{"ts":1739222402166,"action":"FILE_CLOSED","file":"/Assets/Scripts/DialogueSystem/StaticDialogueStructures.cs","tags":{"FILE_LINE_OF_CODE":"77"}}
{"ts":1739222402166,"action":"FILE_OPENED","file":"/Assets/Scripts/DialogueSystem/StaticDialogue.cs","tags":{"FILE_LINE_OF_CODE":"28"}}
{"ts":1739222432173,"action":"FILE_CLOSED","file":"/Assets/Scripts/DialogueSystem/StaticDialogue.cs","tags":{"FILE_LINE_OF_CODE":"29"}}
{"ts":1739222432173,"action":"FILE_OPENED","file":"/Assets/Scripts/DialogueSystem/LocalizedDialogue.cs","tags":{"FILE_LINE_OF_CODE":"28"}}
{"ts":1739222435595,"action":"FILE_CLOSED","file":"/Assets/Scripts/DialogueSystem/LocalizedDialogue.cs","tags":{"FILE_LINE_OF_CODE":"29"}}
{"ts":1739222435595,"action":"FILE_OPENED","file":"/Assets/Scripts/DialogueSystem/LocalizedDialogueStructures.cs","tags":{"FILE_LINE_OF_CODE":"76"}}
{"ts":1739222439731,"action":"IDE_DEACTIVATED"}
{"ts":1739222477221,"action":"IDE_ACTIVATED"}
{"ts":1739222516299,"action":"FILE_CLOSED","file":"/Assets/Scripts/DialogueSystem/LocalizedDialogueStructures.cs","tags":{"FILE_LINE_OF_CODE":"76"}}
{"ts":1739222516299,"action":"FILE_OPENED","file":"/Assets/Scripts/DialogueSystem/StaticDialogueStructures.cs","tags":{"FILE_LINE_OF_CODE":"77"}}
{"ts":1739222555062,"action":"IDE_DEACTIVATED"}
{"ts":1739222555212,"action":"IDE_ACTIVATED"}
{"ts":1739222561318,"action":"IDE_DEACTIVATED"}
{"ts":1739222563034,"action":"IDE_ACTIVATED"}
{"ts":1739222564683,"action":"FILE_CLOSED","file":"/Assets/Scripts/DialogueSystem/StaticDialogueStructures.cs","tags":{"FILE_LINE_OF_CODE":"78"}}
{"ts":1739222564683,"action":"FILE_OPENED","file":"/Assets/Scripts/DialogueSystem/GameObjectBoxesDrawer.cs","tags":{"FILE_LINE_OF_CODE":"135"}}
{"ts":1739222566542,"action":"FILE_CLOSED","file":"/Assets/Scripts/DialogueSystem/GameObjectBoxesDrawer.cs","tags":{"FILE_LINE_OF_CODE":"135"}}
{"ts":1739222566543,"action":"FILE_OPENED","file":"/Assets/Scripts/DialogueSystem/PickerData.cs","tags":{"FILE_LINE_OF_CODE":"9"}}
{"ts":1739222567760,"action":"FILE_CLOSED","file":"/Assets/Scripts/DialogueSystem/PickerData.cs","tags":{"FILE_LINE_OF_CODE":"9"}}
{"ts":1739222567760,"action":"FILE_OPENED","file":"/Assets/Scripts/DialogueSystem/DialogueDisplayer.cs","tags":{"FILE_LINE_OF_CODE":"60"}}
{"ts":1739222569168,"action":"FILE_CLOSED","file":"/Assets/Scripts/DialogueSystem/DialogueDisplayer.cs","tags":{"FILE_LINE_OF_CODE":"60"}}
{"ts":1739222569168,"action":"FILE_OPENED","file":"/Assets/Scripts/DialogueSystem/CharSequenceDisplayer.cs","tags":{"FILE_LINE_OF_CODE":"67"}}
{"ts":1739222574576,"action":"FILE_CLOSED","file":"/Assets/Scripts/DialogueSystem/CharSequenceDisplayer.cs","tags":{"FILE_LINE_OF_CODE":"67"}}
{"ts":1739222574576,"action":"FILE_OPENED","file":"/Assets/Scripts/DialogueSystem/LocalizedDialogue.cs","tags":{"FILE_LINE_OF_CODE":"29"}}
{"ts":1739222601541,"action":"FILE_CLOSED","file":"/Assets/Scripts/DialogueSystem/LocalizedDialogue.cs","tags":{"FILE_LINE_OF_CODE":"29"}}
{"ts":1739222601541,"action":"FILE_OPENED","file":"/Assets/Scripts/DialogueSystem/LocalizedDialogueStructures.cs","tags":{"FILE_LINE_OF_CODE":"76"}}
{"ts":1739222644220,"action":"IDE_DEACTIVATED"}
{"ts":1739222681632,"action":"IDE_ACTIVATED"}
{"ts":1739222716635,"action":"FILE_CLOSED","file":"/Assets/Scripts/DialogueSystem/LocalizedDialogueStructures.cs","tags":{"FILE_LINE_OF_CODE":"77"}}
{"ts":1739222716635,"action":"FILE_OPENED","file":"/Assets/Scripts/DialogueSystem/StaticDialogueStructures.cs","tags":{"FILE_LINE_OF_CODE":"78"}}
{"ts":1739222719448,"action":"FILE_CLOSED","file":"/Assets/Scripts/DialogueSystem/StaticDialogueStructures.cs","tags":{"FILE_LINE_OF_CODE":"78"}}
{"ts":1739222719448,"action":"FILE_OPENED","file":"/Assets/Scripts/DialogueSystem/DialogueDisplayer.cs","tags":{"FILE_LINE_OF_CODE":"60"}}
{"ts":1739222725677,"action":"IDE_DEACTIVATED"}
{"ts":1739222750662,"action":"IDE_ACTIVATED"}
{"ts":1739222753867,"action":"FILE_CLOSED","file":"/Assets/Scripts/DialogueSystem/DialogueDisplayer.cs","tags":{"FILE_LINE_OF_CODE":"60"}}
{"ts":1739222753867,"action":"FILE_OPENED","file":"/Assets/Scripts/DialogueSystem/LocalizedDialogue.cs","tags":{"FILE_LINE_OF_CODE":"29"}}
{"ts":1739222758692,"action":"FILE_CLOSED","file":"/Assets/Scripts/DialogueSystem/LocalizedDialogue.cs","tags":{"FILE_LINE_OF_CODE":"29"}}
{"ts":1739222758693,"action":"FILE_OPENED","file":"/Assets/Scripts/DialogueSystem/LocalizedDialogueStructures.cs","tags":{"FILE_LINE_OF_CODE":"77"}}
{"ts":1739222764250,"action":"IDE_DEACTIVATED"}
{"ts":1739222765036,"action":"IDE_ACTIVATED"}
{"ts":1739222765446,"action":"FILE_CLOSED","file":"/Assets/Scripts/DialogueSystem/LocalizedDialogueStructures.cs","tags":{"FILE_LINE_OF_CODE":"77"}}
{"ts":1739222765446,"action":"FILE_OPENED","file":"/Assets/Scripts/DialogueSystem/LocalizedStringPickerWindow.cs","tags":{"FILE_LINE_OF_CODE":"251"}}
{"ts":1739222777836,"action":"FILE_CLOSED","file":"/Assets/Scripts/DialogueSystem/LocalizedStringPickerWindow.cs","tags":{"FILE_LINE_OF_CODE":"251"}}
{"ts":1739222777836,"action":"FILE_OPENED","file":"/Assets/Scripts/DialogueSystem/StaticDialogueStructures.cs","tags":{"FILE_LINE_OF_CODE":"78"}}
{"ts":1739222780599,"action":"FILE_CLOSED","file":"/Assets/Scripts/DialogueSystem/StaticDialogueStructures.cs","tags":{"FILE_LINE_OF_CODE":"78"}}
{"ts":1739222780599,"action":"FILE_OPENED","file":"/Assets/Scripts/DialogueSystem/DialogueDisplayer.cs","tags":{"FILE_LINE_OF_CODE":"60"}}
{"ts":1739222797989,"action":"IDE_DEACTIVATED"}
{"ts":1739222805334,"action":"IDE_ACTIVATED"}
{"ts":1739222808583,"action":"FILE_CLOSED","file":"/Assets/Scripts/DialogueSystem/DialogueDisplayer.cs","tags":{"FILE_LINE_OF_CODE":"60"}}
{"ts":1739222808583,"action":"FILE_OPENED","file":"/Assets/Scripts/DialogueSystem/PickerData.cs","tags":{"FILE_LINE_OF_CODE":"9"}}
{"ts":1739222810028,"action":"FILE_CLOSED","file":"/Assets/Scripts/DialogueSystem/PickerData.cs","tags":{"FILE_LINE_OF_CODE":"9"}}
{"ts":1739222810028,"action":"FILE_OPENED","file":"/Assets/Scripts/DialogueSystem/LocalizedDialogue.cs","tags":{"FILE_LINE_OF_CODE":"29"}}
{"ts":1739222814000,"action":"FILE_CLOSED","file":"/Assets/Scripts/DialogueSystem/LocalizedDialogue.cs","tags":{"FILE_LINE_OF_CODE":"29"}}
{"ts":1739222814000,"action":"FILE_OPENED","file":"/Assets/Scripts/DialogueSystem/LocalizedDialogueStructures.cs","tags":{"FILE_LINE_OF_CODE":"77"}}
{"ts":1739222820533,"action":"FILE_CLOSED","file":"/Assets/Scripts/DialogueSystem/LocalizedDialogueStructures.cs","tags":{"FILE_LINE_OF_CODE":"77"}}
{"ts":1739222820533,"action":"FILE_OPENED","file":"/Assets/Scripts/DialogueSystem/GameObjectBox.cs","tags":{"FILE_LINE_OF_CODE":"20"}}
{"ts":1739222825877,"action":"FILE_CLOSED","file":"/Assets/Scripts/DialogueSystem/GameObjectBox.cs","tags":{"FILE_LINE_OF_CODE":"20"}}
{"ts":1739222825877,"action":"FILE_OPENED","file":"/Assets/Scripts/DialogueSystem/LocalizedDialogueStructures.cs","tags":{"FILE_LINE_OF_CODE":"77"}}
{"ts":1739222828192,"action":"FILE_CLOSED","file":"/Assets/Scripts/DialogueSystem/LocalizedDialogueStructures.cs","tags":{"FILE_LINE_OF_CODE":"77"}}
{"ts":1739222828192,"action":"FILE_OPENED","file":"/Assets/Scripts/DialogueSystem/GameObjectBox.cs","tags":{"FILE_LINE_OF_CODE":"20"}}
{"ts":1739222829711,"action":"FILE_CLOSED","file":"/Assets/Scripts/DialogueSystem/GameObjectBox.cs","tags":{"FILE_LINE_OF_CODE":"20"}}
{"ts":1739222829711,"action":"FILE_OPENED","file":"/Assets/Scripts/DialogueSystem/GameObjectBoxes.cs","tags":{"FILE_LINE_OF_CODE":"15"}}
{"ts":1739222852321,"action":"IDE_DEACTIVATED"}
{"ts":1739222919319,"action":"IDE_ACTIVATED"}
{"ts":1739222919495,"action":"FILE_CLOSED","file":"/Assets/Scripts/DialogueSystem/GameObjectBoxes.cs","tags":{"FILE_LINE_OF_CODE":"15"}}
{"ts":1739222919495,"action":"FILE_OPENED","file":"/Assets/Scripts/DialogueSystem/LocalizedStringPickerWindow.cs","tags":{"FILE_LINE_OF_CODE":"251"}}
{"ts":1739222927023,"action":"FILE_CLOSED","file":"/Assets/Scripts/DialogueSystem/LocalizedStringPickerWindow.cs","tags":{"FILE_LINE_OF_CODE":"251"}}
{"ts":1739222927023,"action":"FILE_OPENED","file":"/Assets/Scripts/DialogueSystem/StaticDialogueStructures.cs","tags":{"FILE_LINE_OF_CODE":"78"}}
{"ts":1739222949645,"action":"IDE_DEACTIVATED"}
{"ts":1739222995758,"action":"IDE_ACTIVATED"}
{"ts":1739223005216,"action":"IDE_DEACTIVATED"}
{"ts":1739223010252,"action":"IDE_ACTIVATED"}
{"ts":1739223014351,"action":"IDE_DEACTIVATED"}
{"ts":1739223017386,"action":"IDE_ACTIVATED"}
{"ts":1739223019070,"action":"IDE_DEACTIVATED"}
{"ts":1739223021867,"action":"IDE_ACTIVATED"}
{"ts":1739223024076,"action":"IDE_DEACTIVATED"}
{"ts":1739223027592,"action":"IDE_ACTIVATED"}
{"ts":1739223029002,"action":"IDE_DEACTIVATED"}
{"ts":1739223086950,"action":"IDE_ACTIVATED"}
{"ts":1739223090885,"action":"IDE_DEACTIVATED"}
{"ts":1739223162553,"action":"IDE_ACTIVATED"}
{"ts":1739223167462,"action":"IDE_DEACTIVATED"}
{"ts":1739223195110,"action":"IDE_ACTIVATED"}
{"ts":1739223198678,"action":"FILE_CLOSED","file":"/Assets/Scripts/DialogueSystem/StaticDialogueStructures.cs","tags":{"FILE_LINE_OF_CODE":"79"}}
{"ts":1739223198678,"action":"FILE_OPENED","file":"/Assets/Scripts/DialogueSystem/GameObjectBoxes.cs","tags":{"FILE_LINE_OF_CODE":"15"}}
{"ts":1739223205410,"action":"IDE_DEACTIVATED"}
{"ts":1739223209338,"action":"IDE_ACTIVATED"}
{"ts":1739223214357,"action":"IDE_DEACTIVATED"}
{"ts":1739223243433,"action":"IDE_ACTIVATED"}
{"ts":1739223246429,"action":"IDE_DEACTIVATED"}
{"ts":1739223272243,"action":"IDE_ACTIVATED"}
{"ts":1739223274915,"action":"FILE_CLOSED","file":"/Assets/Scripts/DialogueSystem/GameObjectBoxes.cs","tags":{"FILE_LINE_OF_CODE":"15"}}
{"ts":1739223274915,"action":"FILE_OPENED","file":"/Assets/Scripts/DialogueSystem/GameObjectBox.cs","tags":{"FILE_LINE_OF_CODE":"20"}}
{"ts":1739223292103,"action":"FILE_CLOSED","file":"/Assets/Scripts/DialogueSystem/GameObjectBox.cs","tags":{"FILE_LINE_OF_CODE":"20"}}
{"ts":1739223292103,"action":"FILE_OPENED","file":"/Assets/Scripts/DialogueSystem/SerializableSysObject.cs","tags":{"FILE_LINE_OF_CODE":"10"}}
{"ts":1739223300966,"action":"FILE_CLOSED","file":"/Assets/Scripts/DialogueSystem/SerializableSysObject.cs","tags":{"FILE_LINE_OF_CODE":"10"}}
{"ts":1739223300966,"action":"FILE_OPENED","file":"/Assets/Scripts/DialogueSystem/LocalizedStringPickerWindow.cs","tags":{"FILE_LINE_OF_CODE":"251"}}
{"ts":1739223313762,"action":"IDE_DEACTIVATED"}
{"ts":1739223336541,"action":"IDE_ACTIVATED"}
{"ts":1739223343496,"action":"IDE_DEACTIVATED"}
{"ts":1739223369551,"action":"IDE_ACTIVATED"}
{"ts":1739223372357,"action":"IDE_DEACTIVATED"}
{"ts":1739223399350,"action":"IDE_ACTIVATED"}
{"ts":1739224115322,"action":"IDE_DEACTIVATED"}
{"ts":1739224118327,"action":"IDE_ACTIVATED"}
{"ts":1739224193946,"action":"IDE_DEACTIVATED"}
{"ts":1739224229931,"action":"IDE_ACTIVATED"}
{"ts":1739224445138,"action":"IDE_DEACTIVATED"}
{"ts":1739224445175,"action":"IDE_ACTIVATED"}
{"ts":1739224486290,"action":"PROJECT_OPENED","tags":{"PROJECT_NAME":"MSS_Timeplex"}}
{"ts":1739224494370,"action":"IDE_DEACTIVATED"}
{"ts":1739224495817,"action":"IDE_ACTIVATED"}
{"ts":1739224521746,"action":"IDE_DEACTIVATED"}
{"ts":1739224523847,"action":"IDE_ACTIVATED"}
{"ts":1739224551140,"action":"IDE_DEACTIVATED"}
{"ts":1739224551281,"action":"IDE_ACTIVATED"}
{"ts":1739224554333,"action":"IDE_DEACTIVATED"}
{"ts":1739224554775,"action":"IDE_ACTIVATED"}
{"ts":1739224555345,"action":"IDE_DEACTIVATED"}
{"ts":1739224560275,"action":"IDE_ACTIVATED"}
{"ts":1739224566510,"action":"IDE_DEACTIVATED"}
{"ts":1739224568055,"action":"IDE_ACTIVATED"}
{"ts":1739224569300,"action":"IDE_DEACTIVATED"}
{"ts":1739224704735,"action":"IDE_ACTIVATED"}
{"ts":1739224789316,"action":"IDE_DEACTIVATED"}
{"ts":1739225429078,"action":"IDE_ACTIVATED"}
{"ts":1739225429215,"action":"FILE_CLOSED","file":"/Assets/Scripts/DialogueSystem/StaticDialogueStructures.cs","tags":{"FILE_LINE_OF_CODE":"79"}}
{"ts":1739225429215,"action":"FILE_OPENED","file":"/Assets/Scripts/DialogueSystem/LocalizedDialogueStructures.cs","tags":{"FILE_LINE_OF_CODE":"77"}}
{"ts":1739225441571,"action":"IDE_DEACTIVATED"}
{"ts":1739225475825,"action":"IDE_ACTIVATED"}
{"ts":1739225493500,"action":"IDE_DEACTIVATED"}
{"ts":1739225548988,"action":"IDE_ACTIVATED"}
{"ts":1739225549037,"action":"FILE_CLOSED","file":"/Assets/Scripts/DialogueSystem/LocalizedDialogueStructures.cs","tags":{"FILE_LINE_OF_CODE":"78"}}
{"ts":1739225549037,"action":"FILE_OPENED","file":"/Assets/Scripts/Player/scrPlayerFlip.cs","tags":{"FILE_LINE_OF_CODE":"33"}}
{"ts":1739225551558,"action":"FILE_CLOSED","file":"/Assets/Scripts/Player/scrPlayerFlip.cs","tags":{"FILE_LINE_OF_CODE":"33"}}
{"ts":1739225551626,"action":"FILE_OPENED","file":"/Assets/Scripts/DialogueSystem/LocalizedDialogueStructures.cs","tags":{"FILE_LINE_OF_CODE":"78"}}
{"ts":1739225555208,"action":"IDE_DEACTIVATED"}
{"ts":1739225574855,"action":"IDE_ACTIVATED"}
{"ts":1739225582941,"action":"FILE_CLOSED","file":"/Assets/Scripts/DialogueSystem/LocalizedDialogueStructures.cs","tags":{"FILE_LINE_OF_CODE":"78"}}
{"ts":1739225582941,"action":"FILE_OPENED","file":"/Assets/Scripts/DialogueSystem/LocalizedDialogue.cs","tags":{"FILE_LINE_OF_CODE":"29"}}
{"ts":1739225585149,"action":"FILE_CLOSED","file":"/Assets/Scripts/DialogueSystem/LocalizedDialogue.cs","tags":{"FILE_LINE_OF_CODE":"29"}}
{"ts":1739225585150,"action":"FILE_OPENED","file":"/Assets/Scripts/DialogueSystem/LocalizedDialogueStructures.cs","tags":{"FILE_LINE_OF_CODE":"78"}}
{"ts":1739225600121,"action":"FILE_CLOSED","file":"/Assets/Scripts/DialogueSystem/LocalizedDialogueStructures.cs","tags":{"FILE_LINE_OF_CODE":"78"}}
{"ts":1739225600121,"action":"FILE_OPENED","file":"/Library/PackageCache/com.oni_sakana.fries/Fries/Inspector/GameObjectBoxField/GameObjectBoxes.cs","tags":{"FILE_LINE_OF_CODE":"15"}}
{"ts":1739225606769,"action":"FILE_CLOSED","file":"/Library/PackageCache/com.oni_sakana.fries/Fries/Inspector/GameObjectBoxField/GameObjectBoxes.cs","tags":{"FILE_LINE_OF_CODE":"15"}}
{"ts":1739225606769,"action":"FILE_OPENED","file":"/Library/PackageCache/com.oni_sakana.fries/Fries/Inspector/GameObjectBoxField/GameObjectBox.cs","tags":{"FILE_LINE_OF_CODE":"20"}}
{"ts":1739225611833,"action":"FILE_CLOSED","file":"/Library/PackageCache/com.oni_sakana.fries/Fries/Inspector/GameObjectBoxField/GameObjectBox.cs","tags":{"FILE_LINE_OF_CODE":"20"}}
{"ts":1739225611834,"action":"FILE_OPENED","file":"/Library/PackageCache/com.oni_sakana.fries/Fries/Inspector/GameObjectBoxField/SerializableSysObject.cs","tags":{"FILE_LINE_OF_CODE":"10"}}
{"ts":1739225613859,"action":"FILE_CLOSED","file":"/Library/PackageCache/com.oni_sakana.fries/Fries/Inspector/GameObjectBoxField/SerializableSysObject.cs","tags":{"FILE_LINE_OF_CODE":"10"}}
{"ts":1739225613859,"action":"FILE_OPENED","file":"/Library/PackageCache/com.oni_sakana.fries/Fries/Inspector/GameObjectBoxField/LocalizedStringPickerWindow.cs","tags":{"FILE_LINE_OF_CODE":"251"}}
{"ts":1739225620842,"action":"IDE_DEACTIVATED"}
{"ts":1739225727830,"action":"FILE_CLOSED","file":"/Library/PackageCache/com.oni_sakana.fries/Fries/Inspector/GameObjectBoxField/LocalizedStringPickerWindow.cs","tags":{"FILE_LINE_OF_CODE":"251"}}
{"ts":1739225727830,"action":"FILE_OPENED","file":"/Assets/Scripts/DialogueSystem/LocalizedDialogueStructures.cs","tags":{"FILE_LINE_OF_CODE":"78"}}
{"ts":1739225727874,"action":"IDE_ACTIVATED"}
{"ts":1739225742738,"action":"IDE_DEACTIVATED"}
{"ts":1739225743070,"action":"IDE_ACTIVATED"}
{"ts":1739225750326,"action":"IDE_DEACTIVATED"}
{"ts":1739225754322,"action":"IDE_ACTIVATED"}
{"ts":1739225755226,"action":"IDE_DEACTIVATED"}
{"ts":1739225756501,"action":"IDE_ACTIVATED"}
{"ts":1739225982953,"action":"FILE_CLOSED","file":"/Assets/Scripts/DialogueSystem/LocalizedDialogueStructures.cs","tags":{"FILE_LINE_OF_CODE":"78"}}
{"ts":1739225982953,"action":"FILE_OPENED","file":"/Library/PackageCache/com.oni_sakana.fries/Fries/Inspector/GameObjectBoxField/SerializableSysObject.cs","tags":{"FILE_LINE_OF_CODE":"10"}}
{"ts":1739225988036,"action":"IDE_DEACTIVATED"}
{"ts":1739225990115,"action":"IDE_ACTIVATED"}
{"ts":1739226003259,"action":"FILE_CLOSED","file":"/Library/PackageCache/com.oni_sakana.fries/Fries/Inspector/GameObjectBoxField/SerializableSysObject.cs","tags":{"FILE_LINE_OF_CODE":"10"}}
{"ts":1739226003260,"action":"FILE_OPENED","file":"/Assets/Scripts/DialogueSystem/LocalizedDialogueStructures.cs","tags":{"FILE_LINE_OF_CODE":"78"}}
{"ts":1739226013629,"action":"IDE_DEACTIVATED"}
{"ts":1739238052737,"action":"IDE_ACTIVATED"}
{"ts":1739238053547,"action":"IDE_DEACTIVATED"}
{"ts":1739238524896,"action":"IDE_ACTIVATED"}
{"ts":1739238524970,"action":"FILE_CLOSED","file":"/Assets/Scripts/DialogueSystem/LocalizedDialogueStructures.cs","tags":{"FILE_LINE_OF_CODE":"78"}}
{"ts":1739238524970,"action":"FILE_OPENED","file":"/Library/PackageCache/com.oni_sakana.fries/Fries/Inspector/GameObjectBoxField/GameObjectBox.cs","tags":{"FILE_LINE_OF_CODE":"20"}}
{"ts":1739238527189,"action":"IDE_DEACTIVATED"}
{"ts":1739238565128,"action":"IDE_ACTIVATED"}
{"ts":1739238576613,"action":"IDE_DEACTIVATED"}
{"ts":1739239021737,"action":"PROJECT_CLOSED","tags":{"PROJECT_NAME":"MSS_Timeplex"}}
{"ts":1739380087270,"action":"PROJECT_OPENED","tags":{"PROJECT_NAME":"MSS_Timeplex"}}
{"ts":1739380141959,"action":"IDE_DEACTIVATED"}
{"ts":1739380235508,"action":"IDE_ACTIVATED"}
{"ts":1739380260192,"action":"IDE_DEACTIVATED"}
{"ts":1739380262293,"action":"IDE_ACTIVATED"}
{"ts":1739380263965,"action":"IDE_DEACTIVATED"}
{"ts":1739380265855,"action":"IDE_ACTIVATED"}
{"ts":1739380273715,"action":"FILE_CLOSED","file":"/Library/PackageCache/com.oni_sakana.fries/Fries/Inspector/GameObjectBoxField/LocalizedStringPickerWindow.cs","tags":{"FILE_LINE_OF_CODE":"251"}}
{"ts":1739380273715,"action":"FILE_OPENED","file":"/Assets/Scripts/DialogueSystem/CharSequenceDisplayer.cs","tags":{"FILE_LINE_OF_CODE":"67"}}
{"ts":1739380297433,"action":"FILE_CLOSED","file":"/Assets/Scripts/DialogueSystem/CharSequenceDisplayer.cs","tags":{"FILE_LINE_OF_CODE":"69"}}
{"ts":1739380297434,"action":"FILE_OPENED","file":"/Library/PackageCache/com.oni_sakana.fries/Fries/Inspector/GameObjectBoxField/LocalizedStringPickerWindow.cs","tags":{"FILE_LINE_OF_CODE":"251"}}
{"ts":1739380300388,"action":"IDE_DEACTIVATED"}
{"ts":1739380309027,"action":"IDE_ACTIVATED"}
{"ts":1739380324462,"action":"IDE_DEACTIVATED"}
{"ts":1739380325939,"action":"IDE_ACTIVATED"}
{"ts":1739380328306,"action":"IDE_DEACTIVATED"}
{"ts":1739380330269,"action":"IDE_ACTIVATED"}
{"ts":1739380336559,"action":"FILE_CLOSED","file":"/Library/PackageCache/com.oni_sakana.fries/Fries/Inspector/GameObjectBoxField/LocalizedStringPickerWindow.cs","tags":{"FILE_LINE_OF_CODE":"251"}}
{"ts":1739380336559,"action":"FILE_OPENED","file":"/Assets/Scripts/DialogueSystem/CharSequenceDisplayer.cs","tags":{"FILE_LINE_OF_CODE":"69"}}
{"ts":1739380365506,"action":"IDE_DEACTIVATED"}
{"ts":1739380403411,"action":"IDE_ACTIVATED"}
{"ts":1739380417151,"action":"IDE_DEACTIVATED"}
{"ts":1739380419221,"action":"IDE_ACTIVATED"}
{"ts":1739380420041,"action":"IDE_DEACTIVATED"}
{"ts":1739380435740,"action":"IDE_ACTIVATED"}
{"ts":1739380437597,"action":"IDE_DEACTIVATED"}
{"ts":1739380464810,"action":"IDE_ACTIVATED"}
{"ts":1739380508805,"action":"IDE_DEACTIVATED"}
{"ts":1739380582745,"action":"IDE_ACTIVATED"}
{"ts":1739380583374,"action":"FILE_CLOSED","file":"/Assets/Scripts/DialogueSystem/CharSequenceDisplayer.cs","tags":{"FILE_LINE_OF_CODE":"70"}}
{"ts":1739380583375,"action":"FILE_OPENED","file":"/Library/PackageCache/com.oni_sakana.fries/Fries/Inspector/GameObjectBoxField/LocalizedStringPickerWindow.cs","tags":{"FILE_LINE_OF_CODE":"251"}}
{"ts":1739380587936,"action":"FILE_CLOSED","file":"/Library/PackageCache/com.oni_sakana.fries/Fries/Inspector/GameObjectBoxField/LocalizedStringPickerWindow.cs","tags":{"FILE_LINE_OF_CODE":"251"}}
{"ts":1739380587936,"action":"FILE_OPENED","file":"/Assets/Scripts/DialogueSystem/CharSequenceDisplayer.cs","tags":{"FILE_LINE_OF_CODE":"70"}}
{"ts":1739380598061,"action":"FILE_CLOSED","file":"/Assets/Scripts/DialogueSystem/CharSequenceDisplayer.cs","tags":{"FILE_LINE_OF_CODE":"70"}}
{"ts":1739380598061,"action":"FILE_OPENED","file":"/Assets/Scripts/DialogueSystem/StaticDialogueStructures.cs","tags":{"FILE_LINE_OF_CODE":"79"}}
{"ts":1739380603618,"action":"FILE_CLOSED","file":"/Assets/Scripts/DialogueSystem/StaticDialogueStructures.cs","tags":{"FILE_LINE_OF_CODE":"79"}}
{"ts":1739380603619,"action":"FILE_OPENED","file":"/Library/PackageCache/com.oni_sakana.fries/Fries/Inspector/GameObjectBoxField/GameObjectBoxes.cs","tags":{"FILE_LINE_OF_CODE":"15"}}
{"ts":1739380605103,"action":"FILE_CLOSED","file":"/Library/PackageCache/com.oni_sakana.fries/Fries/Inspector/GameObjectBoxField/GameObjectBoxes.cs","tags":{"FILE_LINE_OF_CODE":"15"}}
{"ts":1739380605103,"action":"FILE_OPENED","file":"/Assets/Scripts/DialogueSystem/LocalizedDialogueStructures.cs","tags":{"FILE_LINE_OF_CODE":"78"}}
{"ts":1739380610565,"action":"FILE_CLOSED","file":"/Assets/Scripts/DialogueSystem/LocalizedDialogueStructures.cs","tags":{"FILE_LINE_OF_CODE":"78"}}
{"ts":1739380610565,"action":"FILE_OPENED","file":"/Assets/Scripts/DialogueSystem/CharSequenceDisplayer.cs","tags":{"FILE_LINE_OF_CODE":"70"}}
{"ts":1739380614525,"action":"IDE_DEACTIVATED"}
{"ts":1739380670133,"action":"IDE_ACTIVATED"}
{"ts":1739380674657,"action":"IDE_DEACTIVATED"}
{"ts":1739380705227,"action":"IDE_ACTIVATED"}
{"ts":1739380705359,"action":"FILE_CLOSED","file":"/Assets/Scripts/DialogueSystem/CharSequenceDisplayer.cs","tags":{"FILE_LINE_OF_CODE":"72"}}
{"ts":1739380705359,"action":"FILE_OPENED","file":"/Library/PackageCache/com.oni_sakana.fries/Fries/Inspector/GameObjectBoxField/LocalizedStringPickerWindow.cs","tags":{"FILE_LINE_OF_CODE":"251"}}
{"ts":1739380708093,"action":"FILE_CLOSED","file":"/Library/PackageCache/com.oni_sakana.fries/Fries/Inspector/GameObjectBoxField/LocalizedStringPickerWindow.cs","tags":{"FILE_LINE_OF_CODE":"251"}}
{"ts":1739380708093,"action":"FILE_OPENED","file":"/Assets/Scripts/DialogueSystem/CharSequenceDisplayer.cs","tags":{"FILE_LINE_OF_CODE":"72"}}
{"ts":1739380726413,"action":"FILE_CLOSED","file":"/Assets/Scripts/DialogueSystem/CharSequenceDisplayer.cs","tags":{"FILE_LINE_OF_CODE":"72"}}
{"ts":1739380726413,"action":"FILE_OPENED","file":"/Assets/Scripts/DialogueSystem/StaticDialogueStructures.cs","tags":{"FILE_LINE_OF_CODE":"79"}}
{"ts":1739380732179,"action":"IDE_DEACTIVATED"}
{"ts":1739380762225,"action":"IDE_ACTIVATED"}
{"ts":1739380762349,"action":"FILE_CLOSED","file":"/Assets/Scripts/DialogueSystem/StaticDialogueStructures.cs","tags":{"FILE_LINE_OF_CODE":"79"}}
{"ts":1739380762349,"action":"FILE_OPENED","file":"/Library/PackageCache/com.oni_sakana.fries/Fries/Inspector/GameObjectBoxField/LocalizedStringPickerWindow.cs","tags":{"FILE_LINE_OF_CODE":"251"}}
{"ts":1739380764836,"action":"FILE_CLOSED","file":"/Library/PackageCache/com.oni_sakana.fries/Fries/Inspector/GameObjectBoxField/LocalizedStringPickerWindow.cs","tags":{"FILE_LINE_OF_CODE":"251"}}
{"ts":1739380764836,"action":"FILE_OPENED","file":"/Assets/Scripts/DialogueSystem/CharSequenceDisplayer.cs","tags":{"FILE_LINE_OF_CODE":"72"}}
{"ts":1739380774007,"action":"IDE_DEACTIVATED"}
{"ts":1739380776306,"action":"IDE_ACTIVATED"}
{"ts":1739380777245,"action":"IDE_DEACTIVATED"}
{"ts":1739380779363,"action":"IDE_ACTIVATED"}
{"ts":1739380796075,"action":"IDE_DEACTIVATED"}
{"ts":1739380817413,"action":"IDE_ACTIVATED"}
{"ts":1739381055238,"action":"IDE_DEACTIVATED"}
{"ts":1739381086319,"action":"IDE_ACTIVATED"}
{"ts":1739381086514,"action":"FILE_CLOSED","file":"/Assets/Scripts/DialogueSystem/CharSequenceDisplayer.cs","tags":{"FILE_LINE_OF_CODE":"77"}}
{"ts":1739381086514,"action":"FILE_OPENED","file":"/Library/PackageCache/com.oni_sakana.fries/Fries/Inspector/GameObjectBoxField/LocalizedStringPickerWindow.cs","tags":{"FILE_LINE_OF_CODE":"251"}}
{"ts":1739381098213,"action":"IDE_DEACTIVATED"}
{"ts":1739381103563,"action":"IDE_ACTIVATED"}
{"ts":1739381107575,"action":"FILE_CLOSED","file":"/Library/PackageCache/com.oni_sakana.fries/Fries/Inspector/GameObjectBoxField/LocalizedStringPickerWindow.cs","tags":{"FILE_LINE_OF_CODE":"251"}}
{"ts":1739381107575,"action":"FILE_OPENED","file":"/Assets/Scripts/DialogueSystem/CharSequenceDisplayer.cs","tags":{"FILE_LINE_OF_CODE":"77"}}
{"ts":1739381129853,"action":"IDE_DEACTIVATED"}
{"ts":1739381135793,"action":"IDE_ACTIVATED"}
{"ts":1739381264739,"action":"IDE_DEACTIVATED"}
{"ts":1739381360323,"action":"IDE_ACTIVATED"}
{"ts":1739381375959,"action":"IDE_DEACTIVATED"}
{"ts":1739381387143,"action":"IDE_ACTIVATED"}
{"ts":1739381388705,"action":"FILE_CLOSED","file":"/Assets/Scripts/DialogueSystem/CharSequenceDisplayer.cs","tags":{"FILE_LINE_OF_CODE":"77"}}
{"ts":1739381388705,"action":"FILE_OPENED","file":"/Library/PackageCache/com.oni_sakana.fries/Fries/Inspector/GameObjectBoxField/LocalizedStringPickerWindow.cs","tags":{"FILE_LINE_OF_CODE":"251"}}
{"ts":1739381397996,"action":"IDE_DEACTIVATED"}
{"ts":1739381409682,"action":"IDE_ACTIVATED"}
{"ts":1739381498344,"action":"IDE_DEACTIVATED"}
{"ts":1739381536768,"action":"IDE_ACTIVATED"}
{"ts":1739381549322,"action":"IDE_DEACTIVATED"}
{"ts":1739381553188,"action":"IDE_ACTIVATED"}
{"ts":1739381564918,"action":"IDE_DEACTIVATED"}
{"ts":1739381673619,"action":"IDE_ACTIVATED"}
{"ts":1739381680615,"action":"IDE_DEACTIVATED"}
{"ts":1739381737439,"action":"IDE_ACTIVATED"}
{"ts":1739381747398,"action":"IDE_DEACTIVATED"}
{"ts":1739381749747,"action":"IDE_ACTIVATED"}
{"ts":1739381760761,"action":"IDE_DEACTIVATED"}
{"ts":1739381863260,"action":"IDE_ACTIVATED"}
{"ts":1739382036286,"action":"IDE_DEACTIVATED"}
{"ts":1739382137919,"action":"IDE_ACTIVATED"}
{"ts":1739382146277,"action":"IDE_DEACTIVATED"}
{"ts":1739382275633,"action":"IDE_ACTIVATED"}
{"ts":1739382291577,"action":"IDE_DEACTIVATED"}
{"ts":1739382306840,"action":"IDE_ACTIVATED"}
{"ts":1739382326746,"action":"IDE_DEACTIVATED"}
{"ts":1739382377027,"action":"IDE_ACTIVATED"}
{"ts":1739382378333,"action":"IDE_DEACTIVATED"}
{"ts":1739382385893,"action":"IDE_ACTIVATED"}
{"ts":1739382391710,"action":"IDE_DEACTIVATED"}
{"ts":1739382412678,"action":"IDE_ACTIVATED"}
{"ts":1739382428583,"action":"IDE_DEACTIVATED"}
{"ts":1739382465174,"action":"IDE_ACTIVATED"}
{"ts":1739382471372,"action":"IDE_DEACTIVATED"}
{"ts":1739382475923,"action":"IDE_ACTIVATED"}
{"ts":1739382479171,"action":"IDE_DEACTIVATED"}
{"ts":1739382531357,"action":"IDE_ACTIVATED"}
{"ts":1739382542093,"action":"IDE_DEACTIVATED"}
{"ts":1739382846531,"action":"IDE_ACTIVATED"}
{"ts":1739382866769,"action":"IDE_DEACTIVATED"}
{"ts":1739382869668,"action":"IDE_ACTIVATED"}
{"ts":1739382884563,"action":"FILE_CLOSED","file":"/Library/PackageCache/com.oni_sakana.fries/Fries/Inspector/GameObjectBoxField/LocalizedStringPickerWindow.cs","tags":{"FILE_LINE_OF_CODE":"256"}}
{"ts":1739382884563,"action":"FILE_OPENED","file":"/Assets/Scripts/DialogueSystem/CharSequenceDisplayer.cs","tags":{"FILE_LINE_OF_CODE":"77"}}
{"ts":1739382910877,"action":"IDE_DEACTIVATED"}
{"ts":1739382911851,"action":"IDE_ACTIVATED"}
{"ts":1739383043293,"action":"IDE_DEACTIVATED"}
{"ts":1739383045867,"action":"IDE_ACTIVATED"}
{"ts":1739383057804,"action":"IDE_DEACTIVATED"}
{"ts":1739383100575,"action":"IDE_ACTIVATED"}
{"ts":1739383102965,"action":"IDE_DEACTIVATED"}
{"ts":1739383149226,"action":"IDE_ACTIVATED"}
{"ts":1739383209650,"action":"IDE_DEACTIVATED"}
{"ts":1739383216633,"action":"IDE_ACTIVATED"}
{"ts":1739383218166,"action":"IDE_DEACTIVATED"}
{"ts":1739383370029,"action":"IDE_ACTIVATED"}
{"ts":1739383372828,"action":"FILE_CLOSED","file":"/Assets/Scripts/DialogueSystem/CharSequenceDisplayer.cs","tags":{"FILE_LINE_OF_CODE":"78"}}
{"ts":1739383374118,"action":"FILE_OPENED","file":"/Library/PackageCache/com.oni_sakana.fries/Fries/Inspector/GameObjectBoxField/LocalizedStringPickerWindow.cs","tags":{"FILE_LINE_OF_CODE":"249"}}
{"ts":1739383391940,"action":"IDE_DEACTIVATED"}
{"ts":1739383396358,"action":"IDE_ACTIVATED"}
{"ts":1739383410211,"action":"IDE_DEACTIVATED"}
{"ts":1739383500264,"action":"IDE_ACTIVATED"}
{"ts":1739383518919,"action":"IDE_DEACTIVATED"}
{"ts":1739383524070,"action":"IDE_ACTIVATED"}
{"ts":1739383526195,"action":"IDE_DEACTIVATED"}
{"ts":1739383582074,"action":"IDE_ACTIVATED"}
{"ts":1739383589744,"action":"IDE_DEACTIVATED"}
{"ts":1739383595043,"action":"IDE_ACTIVATED"}
{"ts":1739383595654,"action":"IDE_DEACTIVATED"}
{"ts":1739383658612,"action":"IDE_ACTIVATED"}
{"ts":1739383659445,"action":"FILE_CLOSED","file":"/Library/PackageCache/com.oni_sakana.fries/Fries/Inspector/GameObjectBoxField/LocalizedStringPickerWindow.cs","tags":{"FILE_LINE_OF_CODE":"269"}}
{"ts":1739383660152,"action":"FILE_OPENED","file":"/Library/PackageCache/com.oni_sakana.fries/Fries/Inspector/GameObjectBoxField/LocalizedStringPickerWindow.cs","tags":{"FILE_LINE_OF_CODE":"269"}}
{"ts":1739383676100,"action":"IDE_DEACTIVATED"}
{"ts":1739383708996,"action":"IDE_ACTIVATED"}
{"ts":1739383715556,"action":"IDE_DEACTIVATED"}
{"ts":1739383716581,"action":"IDE_ACTIVATED"}
{"ts":1739383728808,"action":"IDE_DEACTIVATED"}
{"ts":1739383734015,"action":"IDE_ACTIVATED"}
{"ts":1739383739417,"action":"IDE_DEACTIVATED"}
{"ts":1739383800313,"action":"IDE_ACTIVATED"}
{"ts":1739383800906,"action":"FILE_CLOSED","file":"/Library/PackageCache/com.oni_sakana.fries/Fries/Inspector/GameObjectBoxField/LocalizedStringPickerWindow.cs","tags":{"FILE_LINE_OF_CODE":"281"}}
{"ts":1739383801116,"action":"FILE_OPENED","file":"/Library/PackageCache/com.oni_sakana.fries/Fries/Inspector/GameObjectBoxField/LocalizedStringPickerWindow.cs","tags":{"FILE_LINE_OF_CODE":"281"}}
{"ts":1739383818395,"action":"IDE_DEACTIVATED"}
{"ts":1739383878212,"action":"IDE_ACTIVATED"}
{"ts":1739383906457,"action":"IDE_DEACTIVATED"}
{"ts":1739383914296,"action":"IDE_ACTIVATED"}
{"ts":1739383922122,"action":"IDE_DEACTIVATED"}
{"ts":1739383944632,"action":"IDE_ACTIVATED"}
{"ts":1739383977146,"action":"IDE_DEACTIVATED"}
{"ts":1739383977321,"action":"IDE_ACTIVATED"}
{"ts":1739383977395,"action":"IDE_DEACTIVATED"}
{"ts":1739383977403,"action":"IDE_ACTIVATED"}
{"ts":1739383989217,"action":"IDE_DEACTIVATED"}
{"ts":1739383992838,"action":"IDE_ACTIVATED"}
{"ts":1739384049975,"action":"IDE_DEACTIVATED"}
{"ts":1739384077462,"action":"IDE_ACTIVATED"}
{"ts":1739384091853,"action":"IDE_DEACTIVATED"}
{"ts":1739384093554,"action":"IDE_ACTIVATED"}
{"ts":1739384098852,"action":"IDE_DEACTIVATED"}
{"ts":1739384100971,"action":"IDE_ACTIVATED"}
{"ts":1739384133764,"action":"FILE_CLOSED","file":"/Library/PackageCache/com.oni_sakana.fries/Fries/Inspector/GameObjectBoxField/LocalizedStringPickerWindow.cs","tags":{"FILE_LINE_OF_CODE":"285"}}
{"ts":1739384133764,"action":"FILE_OPENED","file":"/Assets/Scripts/DialogueSystem/LocalizedDialogueStructures.cs","tags":{"FILE_LINE_OF_CODE":"78"}}
{"ts":1739384199434,"action":"IDE_DEACTIVATED"}
{"ts":1739384201020,"action":"IDE_ACTIVATED"}
{"ts":1739384228209,"action":"IDE_DEACTIVATED"}
{"ts":1739384242916,"action":"IDE_ACTIVATED"}
{"ts":1739384243448,"action":"IDE_DEACTIVATED"}
{"ts":1739384270748,"action":"IDE_ACTIVATED"}
{"ts":1739384272077,"action":"IDE_DEACTIVATED"}
{"ts":1739384307203,"action":"IDE_ACTIVATED"}
{"ts":1739384313308,"action":"IDE_DEACTIVATED"}
{"ts":1739384327900,"action":"IDE_ACTIVATED"}
{"ts":1739384328213,"action":"FILE_CLOSED","file":"/Assets/Scripts/DialogueSystem/LocalizedDialogueStructures.cs","tags":{"FILE_LINE_OF_CODE":"78"}}
{"ts":1739384328213,"action":"FILE_OPENED","file":"/Library/PackageCache/com.oni_sakana.fries/Fries/Inspector/GameObjectBoxField/LocalizedStringPickerWindow.cs","tags":{"FILE_LINE_OF_CODE":"272"}}
{"ts":1739384330477,"action":"FILE_CLOSED","file":"/Library/PackageCache/com.oni_sakana.fries/Fries/Inspector/GameObjectBoxField/LocalizedStringPickerWindow.cs","tags":{"FILE_LINE_OF_CODE":"272"}}
{"ts":1739384330477,"action":"FILE_OPENED","file":"/Assets/Scripts/DialogueSystem/LocalizedDialogueStructures.cs","tags":{"FILE_LINE_OF_CODE":"78"}}
{"ts":1739384364567,"action":"IDE_DEACTIVATED"}
{"ts":1739384375029,"action":"IDE_ACTIVATED"}
{"ts":1739384386680,"action":"FILE_CLOSED","file":"/Assets/Scripts/DialogueSystem/LocalizedDialogueStructures.cs","tags":{"FILE_LINE_OF_CODE":"78"}}
{"ts":1739384386680,"action":"FILE_OPENED","file":"/Library/PackageCache/com.oni_sakana.fries/Fries/Inspector/GameObjectBoxField/LocalizedStringPickerWindow.cs","tags":{"FILE_LINE_OF_CODE":"272"}}
{"ts":1739384392998,"action":"FILE_CLOSED","file":"/Library/PackageCache/com.oni_sakana.fries/Fries/Inspector/GameObjectBoxField/LocalizedStringPickerWindow.cs","tags":{"FILE_LINE_OF_CODE":"272"}}
{"ts":1739384392998,"action":"FILE_OPENED","file":"/Assets/Scripts/DialogueSystem/LocalizedDialogueStructures.cs","tags":{"FILE_LINE_OF_CODE":"78"}}
{"ts":1739384422984,"action":"IDE_DEACTIVATED"}
{"ts":1739384424758,"action":"IDE_ACTIVATED"}
{"ts":1739384425889,"action":"IDE_DEACTIVATED"}
{"ts":1739384428555,"action":"IDE_ACTIVATED"}
{"ts":1739384435822,"action":"IDE_DEACTIVATED"}
{"ts":1739384438622,"action":"IDE_ACTIVATED"}
{"ts":1739384461154,"action":"IDE_DEACTIVATED"}
{"ts":1739385362660,"action":"PROJECT_CLOSED","tags":{"PROJECT_NAME":"MSS_Timeplex"}}
{"ts":1739552948726,"action":"PROJECT_OPENED","tags":{"PROJECT_NAME":"MSS_Timeplex"}}
{"ts":1739552990863,"action":"IDE_DEACTIVATED"}
{"ts":1739553000154,"action":"IDE_ACTIVATED"}
{"ts":1739553004482,"action":"IDE_DEACTIVATED"}
{"ts":1739553005852,"action":"IDE_ACTIVATED"}
{"ts":1739553005901,"action":"IDE_DEACTIVATED"}
{"ts":1739553063567,"action":"IDE_ACTIVATED"}
{"ts":1739553068035,"action":"FILE_CLOSED","file":"/Assets/Scripts/DialogueSystem/Option.cs","tags":{"FILE_LINE_OF_CODE":"12"}}
{"ts":1739553068035,"action":"FILE_OPENED","file":"/Assets/Scripts/DialogueSystem/DialogueDisplayer.cs","tags":{"FILE_LINE_OF_CODE":"60"}}
{"ts":1739553092061,"action":"FILE_CLOSED","file":"/Assets/Scripts/DialogueSystem/DialogueDisplayer.cs","tags":{"FILE_LINE_OF_CODE":"60"}}
{"ts":1739553092062,"action":"FILE_OPENED","file":"/Assets/Scripts/DialogueSystem/CharSequenceDisplayer.cs","tags":{"FILE_LINE_OF_CODE":"78"}}
{"ts":1739553098957,"action":"FILE_CLOSED","file":"/Assets/Scripts/DialogueSystem/CharSequenceDisplayer.cs","tags":{"FILE_LINE_OF_CODE":"78"}}
{"ts":1739553098957,"action":"FILE_OPENED","file":"/Assets/Scripts/DialogueSystem/DialogueDisplayer.cs","tags":{"FILE_LINE_OF_CODE":"60"}}
{"ts":1739553150275,"action":"FILE_CLOSED","file":"/Assets/Scripts/DialogueSystem/DialogueDisplayer.cs","tags":{"FILE_LINE_OF_CODE":"65"}}
{"ts":1739553150275,"action":"FILE_OPENED","file":"/Assets/Scripts/DialogueSystem/CharSequenceDisplayer.cs","tags":{"FILE_LINE_OF_CODE":"78"}}
{"ts":1739553157500,"action":"FILE_CLOSED","file":"/Assets/Scripts/DialogueSystem/CharSequenceDisplayer.cs","tags":{"FILE_LINE_OF_CODE":"78"}}
{"ts":1739553157501,"action":"FILE_OPENED","file":"/Assets/Scripts/DialogueSystem/DialogueDisplayer.cs","tags":{"FILE_LINE_OF_CODE":"65"}}
{"ts":1739553185154,"action":"FILE_CLOSED","file":"/Assets/Scripts/DialogueSystem/DialogueDisplayer.cs","tags":{"FILE_LINE_OF_CODE":"65"}}
{"ts":1739553185154,"action":"FILE_OPENED","file":"/Assets/Scripts/DialogueSystem/CharSequenceDisplayer.cs","tags":{"FILE_LINE_OF_CODE":"78"}}
{"ts":1739553196182,"action":"FILE_CLOSED","file":"/Assets/Scripts/DialogueSystem/CharSequenceDisplayer.cs","tags":{"FILE_LINE_OF_CODE":"78"}}
{"ts":1739553196182,"action":"FILE_OPENED","file":"/Assets/Scripts/DialogueSystem/DialogueDisplayer.cs","tags":{"FILE_LINE_OF_CODE":"65"}}
{"ts":1739553199455,"action":"FILE_CLOSED","file":"/Assets/Scripts/DialogueSystem/DialogueDisplayer.cs","tags":{"FILE_LINE_OF_CODE":"65"}}
{"ts":1739553199455,"action":"FILE_OPENED","file":"/Assets/Scripts/DialogueSystem/Structures.cs","tags":{"FILE_LINE_OF_CODE":"46"}}
{"ts":1739553212307,"action":"FILE_CLOSED","file":"/Assets/Scripts/DialogueSystem/Structures.cs","tags":{"FILE_LINE_OF_CODE":"46"}}
{"ts":1739553212307,"action":"FILE_OPENED","file":"/Assets/Scripts/DialogueSystem/LocalizedDialogueStructures.cs","tags":{"FILE_LINE_OF_CODE":"78"}}
{"ts":1739553317053,"action":"FILE_CLOSED","file":"/Assets/Scripts/DialogueSystem/LocalizedDialogueStructures.cs","tags":{"FILE_LINE_OF_CODE":"79"}}
{"ts":1739553317053,"action":"FILE_OPENED","file":"/Assets/Scripts/DialogueSystem/Structures.cs","tags":{"FILE_LINE_OF_CODE":"46"}}
{"ts":1739553321457,"action":"FILE_CLOSED","file":"/Assets/Scripts/DialogueSystem/Structures.cs","tags":{"FILE_LINE_OF_CODE":"46"}}
{"ts":1739553321457,"action":"FILE_OPENED","file":"/Assets/Scripts/DialogueSystem/StaticDialogueStructures.cs","tags":{"FILE_LINE_OF_CODE":"79"}}
{"ts":1739553337801,"action":"IDE_DEACTIVATED"}
{"ts":1739553420651,"action":"IDE_ACTIVATED"}
{"ts":1739553420794,"action":"FILE_CLOSED","file":"/Assets/Scripts/DialogueSystem/StaticDialogueStructures.cs","tags":{"FILE_LINE_OF_CODE":"79"}}
{"ts":1739553420794,"action":"FILE_OPENED","file":"/Assets/Scripts/DialogueSystem/LocalizedDialogueStructures.cs","tags":{"FILE_LINE_OF_CODE":"79"}}
{"ts":1739553459795,"action":"IDE_DEACTIVATED"}
{"ts":1739553460013,"action":"IDE_ACTIVATED"}
{"ts":1739553460104,"action":"IDE_DEACTIVATED"}
{"ts":1739553460118,"action":"IDE_ACTIVATED"}
{"ts":1739553514842,"action":"IDE_DEACTIVATED"}
{"ts":1739553555045,"action":"IDE_ACTIVATED"}
{"ts":1739553573795,"action":"IDE_DEACTIVATED"}
{"ts":1739553597701,"action":"IDE_ACTIVATED"}
{"ts":1739553611863,"action":"IDE_DEACTIVATED"}
{"ts":1739553616015,"action":"IDE_ACTIVATED"}
{"ts":1739553659186,"action":"FILE_CLOSED","file":"/Assets/Scripts/DialogueSystem/LocalizedDialogueStructures.cs","tags":{"FILE_LINE_OF_CODE":"80"}}
{"ts":1739553659186,"action":"FILE_OPENED","file":"/Assets/Scripts/DialogueSystem/DialogueDisplayer.cs","tags":{"FILE_LINE_OF_CODE":"65"}}
{"ts":1739553676803,"action":"FILE_CLOSED","file":"/Assets/Scripts/DialogueSystem/DialogueDisplayer.cs","tags":{"FILE_LINE_OF_CODE":"65"}}
{"ts":1739553676803,"action":"FILE_OPENED","file":"/Assets/Scripts/DialogueSystem/CharSequenceDisplayer.cs","tags":{"FILE_LINE_OF_CODE":"78"}}
{"ts":1739553701557,"action":"IDE_DEACTIVATED"}
{"ts":1739553703714,"action":"IDE_ACTIVATED"}
{"ts":1739553711308,"action":"IDE_DEACTIVATED"}
{"ts":1739553733147,"action":"IDE_ACTIVATED"}
{"ts":1739553737865,"action":"IDE_DEACTIVATED"}
{"ts":1739553799960,"action":"IDE_ACTIVATED"}
{"ts":1739553810371,"action":"FILE_CLOSED","file":"/Assets/Scripts/DialogueSystem/CharSequenceDisplayer.cs","tags":{"FILE_LINE_OF_CODE":"78"}}
{"ts":1739553810371,"action":"FILE_OPENED","file":"/Library/PackageCache/com.oni_sakana.fries/Fries/Inspector/GameObjectBoxField/LocalizedStringPickerWindow.cs","tags":{"FILE_LINE_OF_CODE":"272"}}
{"ts":1739553811443,"action":"FILE_CLOSED","file":"/Library/PackageCache/com.oni_sakana.fries/Fries/Inspector/GameObjectBoxField/LocalizedStringPickerWindow.cs","tags":{"FILE_LINE_OF_CODE":"272"}}
{"ts":1739553811443,"action":"FILE_OPENED","file":"/Library/PackageCache/com.oni_sakana.fries/Fries/Inspector/GameObjectBoxField/SerializableSysObject.cs","tags":{"FILE_LINE_OF_CODE":"10"}}
{"ts":1739553814469,"action":"FILE_CLOSED","file":"/Library/PackageCache/com.oni_sakana.fries/Fries/Inspector/GameObjectBoxField/SerializableSysObject.cs","tags":{"FILE_LINE_OF_CODE":"10"}}
{"ts":1739553814469,"action":"FILE_OPENED","file":"/Assets/Scripts/DialogueSystem/LocalizedDialogue.cs","tags":{"FILE_LINE_OF_CODE":"29"}}
{"ts":1739553817402,"action":"FILE_CLOSED","file":"/Assets/Scripts/DialogueSystem/LocalizedDialogue.cs","tags":{"FILE_LINE_OF_CODE":"29"}}
{"ts":1739553817402,"action":"FILE_OPENED","file":"/Assets/Scripts/DialogueSystem/LocalizedDialogueStructures.cs","tags":{"FILE_LINE_OF_CODE":"80"}}
{"ts":1739553850502,"action":"FILE_CLOSED","file":"/Assets/Scripts/DialogueSystem/LocalizedDialogueStructures.cs","tags":{"FILE_LINE_OF_CODE":"81"}}
{"ts":1739553850502,"action":"FILE_OPENED","file":"/Assets/Scripts/DialogueSystem/DialogueDisplayer.cs","tags":{"FILE_LINE_OF_CODE":"65"}}
{"ts":1739553875578,"action":"FILE_CLOSED","file":"/Assets/Scripts/DialogueSystem/DialogueDisplayer.cs","tags":{"FILE_LINE_OF_CODE":"65"}}
{"ts":1739553875578,"action":"FILE_OPENED","file":"/Assets/Scripts/DialogueSystem/CharSequenceDisplayer.cs","tags":{"FILE_LINE_OF_CODE":"78"}}
{"ts":1739553883499,"action":"FILE_CLOSED","file":"/Assets/Scripts/DialogueSystem/CharSequenceDisplayer.cs","tags":{"FILE_LINE_OF_CODE":"78"}}
{"ts":1739553883499,"action":"FILE_OPENED","file":"/Library/PackageCache/com.oni_sakana.fries/Fries/Inspector/GameObjectBoxField/LocalizedStringPickerWindow.cs","tags":{"FILE_LINE_OF_CODE":"272"}}
{"ts":1739553884618,"action":"FILE_CLOSED","file":"/Library/PackageCache/com.oni_sakana.fries/Fries/Inspector/GameObjectBoxField/LocalizedStringPickerWindow.cs","tags":{"FILE_LINE_OF_CODE":"272"}}
{"ts":1739553884618,"action":"FILE_OPENED","file":"/Assets/Scripts/DialogueSystem/LocalizedDialogue.cs","tags":{"FILE_LINE_OF_CODE":"29"}}
{"ts":1739553886539,"action":"FILE_CLOSED","file":"/Assets/Scripts/DialogueSystem/LocalizedDialogue.cs","tags":{"FILE_LINE_OF_CODE":"29"}}
{"ts":1739553886539,"action":"FILE_OPENED","file":"/Assets/Scripts/DialogueSystem/LocalizedDialogueStructures.cs","tags":{"FILE_LINE_OF_CODE":"81"}}
{"ts":1739554114100,"action":"FILE_CLOSED","file":"/Assets/Scripts/DialogueSystem/LocalizedDialogueStructures.cs","tags":{"FILE_LINE_OF_CODE":"83"}}
{"ts":1739554114101,"action":"FILE_OPENED","file":"/Assets/Scripts/DialogueSystem/StaticDialogueStructures.cs","tags":{"FILE_LINE_OF_CODE":"79"}}
{"ts":1739554173571,"action":"FILE_CLOSED","file":"/Assets/Scripts/DialogueSystem/StaticDialogueStructures.cs","tags":{"FILE_LINE_OF_CODE":"83"}}
{"ts":1739554173571,"action":"FILE_OPENED","file":"/Assets/Scripts/DialogueSystem/LocalizedDialogueStructures.cs","tags":{"FILE_LINE_OF_CODE":"83"}}
{"ts":1739554178543,"action":"FILE_CLOSED","file":"/Assets/Scripts/DialogueSystem/LocalizedDialogueStructures.cs","tags":{"FILE_LINE_OF_CODE":"83"}}
{"ts":1739554178543,"action":"FILE_OPENED","file":"/Library/PackageCache/com.oni_sakana.fries/Fries/Inspector/GameObjectBoxField/LocalizedStringPickerWindow.cs","tags":{"FILE_LINE_OF_CODE":"272"}}
{"ts":1739554179253,"action":"FILE_CLOSED","file":"/Library/PackageCache/com.oni_sakana.fries/Fries/Inspector/GameObjectBoxField/LocalizedStringPickerWindow.cs","tags":{"FILE_LINE_OF_CODE":"272"}}
{"ts":1739554179253,"action":"FILE_OPENED","file":"/Assets/Scripts/DialogueSystem/LocalizedDialogue.cs","tags":{"FILE_LINE_OF_CODE":"29"}}
{"ts":1739554181746,"action":"FILE_CLOSED","file":"/Assets/Scripts/DialogueSystem/LocalizedDialogue.cs","tags":{"FILE_LINE_OF_CODE":"29"}}
{"ts":1739554181746,"action":"FILE_OPENED","file":"/Assets/Scripts/DialogueSystem/StaticDialogueStructures.cs","tags":{"FILE_LINE_OF_CODE":"83"}}
{"ts":1739554218101,"action":"IDE_DEACTIVATED"}
{"ts":1739554235572,"action":"IDE_ACTIVATED"}
{"ts":1739554236517,"action":"IDE_DEACTIVATED"}
{"ts":1739554237596,"action":"IDE_ACTIVATED"}
{"ts":1739554296278,"action":"FILE_CLOSED","file":"/Assets/Scripts/DialogueSystem/StaticDialogueStructures.cs","tags":{"FILE_LINE_OF_CODE":"83"}}
{"ts":1739554296278,"action":"FILE_OPENED","file":"/Assets/Scripts/DialogueSystem/StaticDialogue.cs","tags":{"FILE_LINE_OF_CODE":"29"}}
{"ts":1739554301339,"action":"FILE_CLOSED","file":"/Assets/Scripts/DialogueSystem/StaticDialogue.cs","tags":{"FILE_LINE_OF_CODE":"29"}}
{"ts":1739554301339,"action":"FILE_OPENED","file":"/Assets/Scripts/DialogueSystem/StaticDialogueStructures.cs","tags":{"FILE_LINE_OF_CODE":"83"}}
{"ts":1739554313788,"action":"FILE_CLOSED","file":"/Assets/Scripts/DialogueSystem/StaticDialogueStructures.cs","tags":{"FILE_LINE_OF_CODE":"84"}}
{"ts":1739554313788,"action":"FILE_OPENED","file":"/Assets/Scripts/DialogueSystem/StaticDialogue.cs","tags":{"FILE_LINE_OF_CODE":"29"}}
{"ts":1739554317545,"action":"FILE_CLOSED","file":"/Assets/Scripts/DialogueSystem/StaticDialogue.cs","tags":{"FILE_LINE_OF_CODE":"29"}}
{"ts":1739554317545,"action":"FILE_OPENED","file":"/Assets/Scripts/DialogueSystem/StaticDialogueStructures.cs","tags":{"FILE_LINE_OF_CODE":"84"}}
{"ts":1739554456381,"action":"FILE_CLOSED","file":"/Assets/Scripts/DialogueSystem/StaticDialogueStructures.cs","tags":{"FILE_LINE_OF_CODE":"86"}}
{"ts":1739554456381,"action":"FILE_OPENED","file":"/Assets/Scripts/DialogueSystem/LocalizedDialogueStructures.cs","tags":{"FILE_LINE_OF_CODE":"83"}}
{"ts":1739554569786,"action":"FILE_CLOSED","file":"/Assets/Scripts/DialogueSystem/LocalizedDialogueStructures.cs","tags":{"FILE_LINE_OF_CODE":"89"}}
{"ts":1739554569786,"action":"FILE_OPENED","file":"/Assets/Scripts/DialogueSystem/StaticDialogueStructures.cs","tags":{"FILE_LINE_OF_CODE":"86"}}
{"ts":1739554588202,"action":"FILE_CLOSED","file":"/Assets/Scripts/DialogueSystem/StaticDialogueStructures.cs","tags":{"FILE_LINE_OF_CODE":"86"}}
{"ts":1739554588202,"action":"FILE_OPENED","file":"/Assets/Scripts/DialogueSystem/LocalizedDialogueStructures.cs","tags":{"FILE_LINE_OF_CODE":"89"}}
{"ts":1739554713145,"action":"FILE_CLOSED","file":"/Assets/Scripts/DialogueSystem/LocalizedDialogueStructures.cs","tags":{"FILE_LINE_OF_CODE":"92"}}
{"ts":1739554713145,"action":"FILE_OPENED","file":"/Assets/Scripts/DialogueSystem/StaticDialogueStructures.cs","tags":{"FILE_LINE_OF_CODE":"86"}}
{"ts":1739554730539,"action":"IDE_DEACTIVATED"}
{"ts":1739554779074,"action":"IDE_ACTIVATED"}
{"ts":1739554779407,"action":"FILE_CLOSED","file":"/Assets/Scripts/DialogueSystem/StaticDialogueStructures.cs","tags":{"FILE_LINE_OF_CODE":"86"}}
{"ts":1739554779407,"action":"FILE_OPENED","file":"/Assets/Scripts/DialogueSystem/LocalizedDialogueStructures.cs","tags":{"FILE_LINE_OF_CODE":"92"}}
{"ts":1739554833326,"action":"IDE_DEACTIVATED"}
{"ts":1739554837608,"action":"IDE_ACTIVATED"}
{"ts":1739554838211,"action":"IDE_DEACTIVATED"}
{"ts":1739554839161,"action":"IDE_ACTIVATED"}
{"ts":1739554850889,"action":"IDE_DEACTIVATED"}
{"ts":1739554891271,"action":"IDE_ACTIVATED"}
{"ts":1739554891940,"action":"FILE_CLOSED","file":"/Assets/Scripts/DialogueSystem/LocalizedDialogueStructures.cs","tags":{"FILE_LINE_OF_CODE":"94"}}
{"ts":1739554891940,"action":"FILE_OPENED","file":"/Assets/Scripts/DialogueSystem/StaticDialogueStructures.cs","tags":{"FILE_LINE_OF_CODE":"86"}}
{"ts":1739554904729,"action":"IDE_DEACTIVATED"}
{"ts":1739555201405,"action":"IDE_ACTIVATED"}
{"ts":1739555214298,"action":"FILE_CLOSED","file":"/Assets/Scripts/DialogueSystem/StaticDialogueStructures.cs","tags":{"FILE_LINE_OF_CODE":"86"}}
{"ts":1739555214298,"action":"FILE_OPENED","file":"/Assets/Scripts/DialogueSystem/DialogueDisplayer.cs","tags":{"FILE_LINE_OF_CODE":"65"}}
{"ts":1739555218760,"action":"FILE_CLOSED","file":"/Assets/Scripts/DialogueSystem/DialogueDisplayer.cs","tags":{"FILE_LINE_OF_CODE":"65"}}
{"ts":1739555218760,"action":"FILE_OPENED","file":"/Assets/Scripts/DialogueSystem/CharSequenceDisplayer.cs","tags":{"FILE_LINE_OF_CODE":"78"}}
{"ts":1739555231162,"action":"IDE_DEACTIVATED"}
{"ts":1739555253489,"action":"IDE_ACTIVATED"}
{"ts":1739555270809,"action":"IDE_DEACTIVATED"}
{"ts":1739555286033,"action":"IDE_ACTIVATED"}
{"ts":1739555396077,"action":"FILE_CLOSED","file":"/Assets/Scripts/DialogueSystem/CharSequenceDisplayer.cs","tags":{"FILE_LINE_OF_CODE":"78"}}
{"ts":1739555396077,"action":"FILE_OPENED","file":"/Assets/Scripts/DialogueSystem/DialogueDisplayer.cs","tags":{"FILE_LINE_OF_CODE":"65"}}
{"ts":1739555407296,"action":"FILE_CLOSED","file":"/Assets/Scripts/DialogueSystem/DialogueDisplayer.cs","tags":{"FILE_LINE_OF_CODE":"65"}}
{"ts":1739555407296,"action":"FILE_OPENED","file":"/Assets/Scripts/DialogueSystem/CharSequenceDisplayer.cs","tags":{"FILE_LINE_OF_CODE":"78"}}
{"ts":1739555424943,"action":"FILE_CLOSED","file":"/Assets/Scripts/DialogueSystem/CharSequenceDisplayer.cs","tags":{"FILE_LINE_OF_CODE":"79"}}
{"ts":1739555424943,"action":"FILE_OPENED","file":"/Assets/Scripts/DialogueSystem/DialogueDisplayer.cs","tags":{"FILE_LINE_OF_CODE":"65"}}
{"ts":1739555454723,"action":"IDE_DEACTIVATED"}
{"ts":1739555488119,"action":"IDE_ACTIVATED"}
{"ts":1739555488242,"action":"FILE_CLOSED","file":"/Assets/Scripts/DialogueSystem/DialogueDisplayer.cs","tags":{"FILE_LINE_OF_CODE":"65"}}
{"ts":1739555488242,"action":"FILE_OPENED","file":"/Assets/Scripts/DialogueSystem/CharSequenceDisplayer.cs","tags":{"FILE_LINE_OF_CODE":"79"}}
{"ts":1739555494815,"action":"IDE_DEACTIVATED"}
{"ts":1739555523928,"action":"IDE_ACTIVATED"}
{"ts":1739555594850,"action":"IDE_DEACTIVATED"}
{"ts":1739555646267,"action":"IDE_ACTIVATED"}
{"ts":1739555824522,"action":"IDE_DEACTIVATED"}
{"ts":1739555842108,"action":"IDE_ACTIVATED"}
{"ts":1739555851291,"action":"IDE_DEACTIVATED"}
{"ts":1739555851317,"action":"IDE_ACTIVATED"}
{"ts":1739555851514,"action":"IDE_DEACTIVATED"}
{"ts":1739556304488,"action":"IDE_ACTIVATED"}
{"ts":1739556304641,"action":"FILE_OPENED","file":"/Library/PackageCache/com.oni_sakana.fries/Fries/Inspector/GameObjectBoxField/LocalizedStringPickerWindow.cs","tags":{"FILE_LINE_OF_CODE":"272"}}
{"ts":1739556304753,"action":"FILE_CLOSED","file":"/Library/PackageCache/com.oni_sakana.fries/Fries/Inspector/GameObjectBoxField/LocalizedStringPickerWindow.cs","tags":{"FILE_LINE_OF_CODE":"272"}}
{"ts":1739556304753,"action":"FILE_OPENED","file":"/Packages/manifest.json","tags":{"FILE_LINE_OF_CODE":"55"}}
{"ts":1739556338615,"action":"IDE_DEACTIVATED"}
{"ts":1739557038913,"action":"IDE_ACTIVATED"}
{"ts":1739557044641,"action":"PROJECT_CLOSED","tags":{"PROJECT_NAME":"MSS_Timeplex"}}
{"ts":1739564678511,"action":"PROJECT_OPENED","tags":{"PROJECT_NAME":"MSS_Timeplex"}}
{"ts":1739564689035,"action":"FILE_CLOSED","file":"/Packages/manifest.json","tags":{"FILE_LINE_OF_CODE":"51"}}
{"ts":1739564888949,"action":"FILE_CLOSED","file":"/Assets/Scripts/DialogueSystem/DialogueDisplayer.cs","tags":{"FILE_LINE_OF_CODE":"65"}}
{"ts":1739564888949,"action":"FILE_OPENED","file":"/Assets/Scripts/DialogueSystem/Structures.cs","tags":{"FILE_LINE_OF_CODE":"46"}}
{"ts":1739564897677,"action":"FILE_CLOSED","file":"/Assets/Scripts/DialogueSystem/Structures.cs","tags":{"FILE_LINE_OF_CODE":"46"}}
{"ts":1739564897677,"action":"FILE_OPENED","file":"/Assets/Scripts/DialogueSystem/DialogueDisplayer.cs","tags":{"FILE_LINE_OF_CODE":"65"}}
{"ts":1739565174190,"action":"FILE_CLOSED","file":"/Assets/Scripts/DialogueSystem/DialogueDisplayer.cs","tags":{"FILE_LINE_OF_CODE":"72"}}
{"ts":1739565174190,"action":"FILE_OPENED","file":"/Assets/Scripts/DialogueSystem/Structures.cs","tags":{"FILE_LINE_OF_CODE":"46"}}
{"ts":1739565208539,"action":"FILE_CLOSED","file":"/Assets/Scripts/DialogueSystem/Structures.cs","tags":{"FILE_LINE_OF_CODE":"46"}}
{"ts":1739565208539,"action":"FILE_OPENED","file":"/Assets/Scripts/DialogueSystem/DialogueDisplayer.cs","tags":{"FILE_LINE_OF_CODE":"72"}}
{"ts":1739565245756,"action":"FILE_CLOSED","file":"/Assets/Scripts/DialogueSystem/DialogueDisplayer.cs","tags":{"FILE_LINE_OF_CODE":"72"}}
{"ts":1739565245756,"action":"FILE_OPENED","file":"/Assets/Scripts/DialogueSystem/Structures.cs","tags":{"FILE_LINE_OF_CODE":"46"}}
{"ts":1739565391962,"action":"IDE_DEACTIVATED"}
{"ts":1739565393072,"action":"IDE_ACTIVATED"}
{"ts":1739565500096,"action":"FILE_CLOSED","file":"/Assets/Scripts/DialogueSystem/Structures.cs","tags":{"FILE_LINE_OF_CODE":"46"}}
{"ts":1739565500096,"action":"FILE_OPENED","file":"/Assets/Scripts/DialogueSystem/DialogueDisplayer.cs","tags":{"FILE_LINE_OF_CODE":"72"}}
{"ts":1739565525314,"action":"FILE_CLOSED","file":"/Assets/Scripts/DialogueSystem/DialogueDisplayer.cs","tags":{"FILE_LINE_OF_CODE":"72"}}
{"ts":1739565525314,"action":"FILE_OPENED","file":"/Assets/Scripts/DialogueSystem/Structures.cs","tags":{"FILE_LINE_OF_CODE":"50"}}
{"ts":1739565533410,"action":"FILE_CLOSED","file":"/Assets/Scripts/DialogueSystem/Structures.cs","tags":{"FILE_LINE_OF_CODE":"46"}}
{"ts":1739565533410,"action":"FILE_OPENED","file":"/Assets/Scripts/DialogueSystem/DialogueDisplayer.cs","tags":{"FILE_LINE_OF_CODE":"72"}}
{"ts":1739565566756,"action":"FILE_CLOSED","file":"/Assets/Scripts/DialogueSystem/DialogueDisplayer.cs","tags":{"FILE_LINE_OF_CODE":"71"}}
{"ts":1739565566756,"action":"FILE_OPENED","file":"/Assets/Scripts/DialogueSystem/CharSequenceDisplayer.cs","tags":{"FILE_LINE_OF_CODE":"83"}}
{"ts":1739565584786,"action":"FILE_CLOSED","file":"/Assets/Scripts/DialogueSystem/CharSequenceDisplayer.cs","tags":{"FILE_LINE_OF_CODE":"79"}}
{"ts":1739565584786,"action":"FILE_OPENED","file":"/Assets/Scripts/DialogueSystem/DialogueDisplayer.cs","tags":{"FILE_LINE_OF_CODE":"71"}}
{"ts":1739566493190,"action":"IDE_DEACTIVATED"}
{"ts":1739566520125,"action":"IDE_ACTIVATED"}
{"ts":1739566575250,"action":"IDE_DEACTIVATED"}
{"ts":1739566592295,"action":"IDE_ACTIVATED"}
{"ts":1739566709855,"action":"FILE_CLOSED","file":"/Assets/Scripts/DialogueSystem/DialogueDisplayer.cs","tags":{"FILE_LINE_OF_CODE":"82"}}
{"ts":1739566709855,"action":"FILE_OPENED","file":"/Assets/Scripts/DialogueSystem/CharSequenceDisplayer.cs","tags":{"FILE_LINE_OF_CODE":"79"}}
{"ts":1739566799338,"action":"IDE_DEACTIVATED"}
{"ts":1739566853902,"action":"IDE_ACTIVATED"}
{"ts":1739566870373,"action":"FILE_CLOSED","file":"/Assets/Scripts/DialogueSystem/CharSequenceDisplayer.cs","tags":{"FILE_LINE_OF_CODE":"96"}}
{"ts":1739566870373,"action":"FILE_OPENED","file":"/Assets/Scripts/DialogueSystem/DialogueDisplayer.cs","tags":{"FILE_LINE_OF_CODE":"82"}}
{"ts":1739566926628,"action":"IDE_DEACTIVATED"}
{"ts":1739567037073,"action":"IDE_ACTIVATED"}
{"ts":1739567076170,"action":"IDE_DEACTIVATED"}
{"ts":1739567077156,"action":"IDE_ACTIVATED"}
{"ts":1739567567005,"action":"FILE_CLOSED","file":"/Assets/Scripts/DialogueSystem/DialogueDisplayer.cs","tags":{"FILE_LINE_OF_CODE":"98"}}
{"ts":1739567567005,"action":"FILE_OPENED","file":"/Assets/Scripts/DialogueSystem/CharSequenceDisplayer.cs","tags":{"FILE_LINE_OF_CODE":"96"}}
{"ts":1739567584627,"action":"FILE_CLOSED","file":"/Assets/Scripts/DialogueSystem/CharSequenceDisplayer.cs","tags":{"FILE_LINE_OF_CODE":"96"}}
{"ts":1739567584627,"action":"FILE_OPENED","file":"/Assets/Scripts/DialogueSystem/DialogueDisplayer.cs","tags":{"FILE_LINE_OF_CODE":"98"}}
{"ts":1739567640799,"action":"FILE_CLOSED","file":"/Assets/Scripts/DialogueSystem/DialogueDisplayer.cs","tags":{"FILE_LINE_OF_CODE":"99"}}
{"ts":1739567640800,"action":"FILE_OPENED","file":"/Assets/Scripts/DialogueSystem/Option.cs","tags":{"FILE_LINE_OF_CODE":"12"}}
{"ts":1739567653340,"action":"FILE_CLOSED","file":"/Assets/Scripts/DialogueSystem/Option.cs","tags":{"FILE_LINE_OF_CODE":"12"}}
{"ts":1739567653340,"action":"FILE_OPENED","file":"/Assets/Scripts/DialogueSystem/CharSequenceDisplayer.cs","tags":{"FILE_LINE_OF_CODE":"96"}}
{"ts":1739567666157,"action":"FILE_CLOSED","file":"/Assets/Scripts/DialogueSystem/CharSequenceDisplayer.cs","tags":{"FILE_LINE_OF_CODE":"97"}}
{"ts":1739567666157,"action":"FILE_OPENED","file":"/Assets/Scripts/DialogueSystem/Option.cs","tags":{"FILE_LINE_OF_CODE":"13"}}
{"ts":1739567672720,"action":"FILE_CLOSED","file":"/Assets/Scripts/DialogueSystem/Option.cs","tags":{"FILE_LINE_OF_CODE":"13"}}
{"ts":1739567672720,"action":"FILE_OPENED","file":"/Assets/Scripts/DialogueSystem/DialogueDisplayer.cs","tags":{"FILE_LINE_OF_CODE":"99"}}
{"ts":1739567692838,"action":"FILE_CLOSED","file":"/Assets/Scripts/DialogueSystem/DialogueDisplayer.cs","tags":{"FILE_LINE_OF_CODE":"99"}}
{"ts":1739567692838,"action":"FILE_OPENED","file":"/Assets/Scripts/DialogueSystem/Option.cs","tags":{"FILE_LINE_OF_CODE":"13"}}
{"ts":1739567697323,"action":"FILE_CLOSED","file":"/Assets/Scripts/DialogueSystem/Option.cs","tags":{"FILE_LINE_OF_CODE":"13"}}
{"ts":1739567697323,"action":"FILE_OPENED","file":"/Assets/Scripts/DialogueSystem/DialogueDisplayer.cs","tags":{"FILE_LINE_OF_CODE":"99"}}
{"ts":1739567865974,"action":"FILE_CLOSED","file":"/Assets/Scripts/DialogueSystem/DialogueDisplayer.cs","tags":{"FILE_LINE_OF_CODE":"103"}}
{"ts":1739567865974,"action":"FILE_OPENED","file":"/Assets/Scripts/DialogueSystem/CharSequenceDisplayer.cs","tags":{"FILE_LINE_OF_CODE":"97"}}
{"ts":1739567920571,"action":"FILE_CLOSED","file":"/Assets/Scripts/DialogueSystem/CharSequenceDisplayer.cs","tags":{"FILE_LINE_OF_CODE":"97"}}
{"ts":1739567920571,"action":"FILE_OPENED","file":"/Assets/Scripts/DialogueSystem/Option.cs","tags":{"FILE_LINE_OF_CODE":"13"}}
{"ts":1739567921521,"action":"FILE_CLOSED","file":"/Assets/Scripts/DialogueSystem/Option.cs","tags":{"FILE_LINE_OF_CODE":"13"}}
{"ts":1739567921521,"action":"FILE_OPENED","file":"/Assets/Scripts/DialogueSystem/DialogueDisplayer.cs","tags":{"FILE_LINE_OF_CODE":"103"}}
{"ts":1739567973437,"action":"FILE_CLOSED","file":"/Assets/Scripts/DialogueSystem/DialogueDisplayer.cs","tags":{"FILE_LINE_OF_CODE":"104"}}
{"ts":1739567973437,"action":"FILE_OPENED","file":"/Assets/Scripts/DialogueSystem/Option.cs","tags":{"FILE_LINE_OF_CODE":"13"}}
{"ts":1739567980350,"action":"FILE_CLOSED","file":"/Assets/Scripts/DialogueSystem/Option.cs","tags":{"FILE_LINE_OF_CODE":"13"}}
{"ts":1739567980350,"action":"FILE_OPENED","file":"/Assets/Scripts/DialogueSystem/DialogueDisplayer.cs","tags":{"FILE_LINE_OF_CODE":"104"}}
{"ts":1739568008023,"action":"FILE_CLOSED","file":"/Assets/Scripts/DialogueSystem/DialogueDisplayer.cs","tags":{"FILE_LINE_OF_CODE":"104"}}
{"ts":1739568008023,"action":"FILE_OPENED","file":"/Assets/Scripts/DialogueSystem/CharSequenceDisplayer.cs","tags":{"FILE_LINE_OF_CODE":"97"}}
{"ts":1739568129827,"action":"FILE_CLOSED","file":"/Assets/Scripts/DialogueSystem/CharSequenceDisplayer.cs","tags":{"FILE_LINE_OF_CODE":"99"}}
{"ts":1739568129827,"action":"FILE_OPENED","file":"/Assets/Scripts/DialogueSystem/DialogueDisplayer.cs","tags":{"FILE_LINE_OF_CODE":"104"}}
{"ts":1739568148661,"action":"FILE_CLOSED","file":"/Assets/Scripts/DialogueSystem/DialogueDisplayer.cs","tags":{"FILE_LINE_OF_CODE":"106"}}
{"ts":1739568148661,"action":"FILE_OPENED","file":"/Assets/Scripts/DialogueSystem/CharSequenceDisplayer.cs","tags":{"FILE_LINE_OF_CODE":"99"}}
{"ts":1739568157813,"action":"FILE_CLOSED","file":"/Assets/Scripts/DialogueSystem/CharSequenceDisplayer.cs","tags":{"FILE_LINE_OF_CODE":"99"}}
{"ts":1739568157813,"action":"FILE_OPENED","file":"/Assets/Scripts/DialogueSystem/DialogueDisplayer.cs","tags":{"FILE_LINE_OF_CODE":"106"}}
{"ts":1739568159410,"action":"FILE_CLOSED","file":"/Assets/Scripts/DialogueSystem/DialogueDisplayer.cs","tags":{"FILE_LINE_OF_CODE":"106"}}
{"ts":1739568159410,"action":"FILE_OPENED","file":"/Assets/Scripts/DialogueSystem/CharSequenceDisplayer.cs","tags":{"FILE_LINE_OF_CODE":"99"}}
{"ts":1739568274156,"action":"FILE_CLOSED","file":"/Assets/Scripts/DialogueSystem/CharSequenceDisplayer.cs","tags":{"FILE_LINE_OF_CODE":"103"}}
{"ts":1739568274156,"action":"FILE_OPENED","file":"/Assets/Scripts/DialogueSystem/DialogueDisplayer.cs","tags":{"FILE_LINE_OF_CODE":"106"}}
{"ts":1739568283439,"action":"FILE_CLOSED","file":"/Assets/Scripts/DialogueSystem/DialogueDisplayer.cs","tags":{"FILE_LINE_OF_CODE":"106"}}
{"ts":1739568283439,"action":"FILE_OPENED","file":"/Assets/Scripts/DialogueSystem/CharSequenceDisplayer.cs","tags":{"FILE_LINE_OF_CODE":"103"}}
{"ts":1739568304731,"action":"FILE_CLOSED","file":"/Assets/Scripts/DialogueSystem/CharSequenceDisplayer.cs","tags":{"FILE_LINE_OF_CODE":"102"}}
{"ts":1739568304731,"action":"FILE_OPENED","file":"/Assets/Scripts/DialogueSystem/DialogueDisplayer.cs","tags":{"FILE_LINE_OF_CODE":"106"}}
{"ts":1739568315444,"action":"FILE_CLOSED","file":"/Assets/Scripts/DialogueSystem/DialogueDisplayer.cs","tags":{"FILE_LINE_OF_CODE":"106"}}
{"ts":1739568315444,"action":"FILE_OPENED","file":"/Assets/Scripts/DialogueSystem/CharSequenceDisplayer.cs","tags":{"FILE_LINE_OF_CODE":"102"}}
{"ts":1739568329855,"action":"FILE_CLOSED","file":"/Assets/Scripts/DialogueSystem/CharSequenceDisplayer.cs","tags":{"FILE_LINE_OF_CODE":"99"}}
{"ts":1739568329855,"action":"FILE_OPENED","file":"/Assets/Scripts/DialogueSystem/DialogueDisplayer.cs","tags":{"FILE_LINE_OF_CODE":"106"}}
{"ts":1739568346753,"action":"FILE_CLOSED","file":"/Assets/Scripts/DialogueSystem/DialogueDisplayer.cs","tags":{"FILE_LINE_OF_CODE":"106"}}
{"ts":1739568346753,"action":"FILE_OPENED","file":"/Assets/Scripts/DialogueSystem/CharSequenceDisplayer.cs","tags":{"FILE_LINE_OF_CODE":"99"}}
{"ts":1739568433339,"action":"IDE_DEACTIVATED"}
{"ts":1739568452081,"action":"IDE_ACTIVATED"}
{"ts":1739568457964,"action":"FILE_CLOSED","file":"/Assets/Scripts/DialogueSystem/CharSequenceDisplayer.cs","tags":{"FILE_LINE_OF_CODE":"108"}}
{"ts":1739568457964,"action":"FILE_OPENED","file":"/Assets/Scripts/DialogueSystem/DialogueDisplayer.cs","tags":{"FILE_LINE_OF_CODE":"106"}}
{"ts":1739568599851,"action":"IDE_DEACTIVATED"}
{"ts":1739568637623,"action":"IDE_ACTIVATED"}
{"ts":1739568640813,"action":"IDE_DEACTIVATED"}
{"ts":1739569137476,"action":"IDE_ACTIVATED"}
{"ts":1739569140950,"action":"FILE_CLOSED","file":"/Assets/Scripts/DialogueSystem/DialogueDisplayer.cs","tags":{"FILE_LINE_OF_CODE":"103"}}
{"ts":1739569140950,"action":"FILE_OPENED","file":"/Assets/Scripts/DialogueSystem/CharSequenceDisplayer.cs","tags":{"FILE_LINE_OF_CODE":"108"}}
{"ts":1739569284932,"action":"IDE_DEACTIVATED"}
{"ts":1739569305465,"action":"IDE_ACTIVATED"}
{"ts":1739569311233,"action":"IDE_DEACTIVATED"}
{"ts":1739569314920,"action":"IDE_ACTIVATED"}
{"ts":1739569315601,"action":"IDE_DEACTIVATED"}
{"ts":1739569581125,"action":"IDE_ACTIVATED"}
{"ts":1739569585249,"action":"FILE_CLOSED","file":"/Assets/Scripts/DialogueSystem/CharSequenceDisplayer.cs","tags":{"FILE_LINE_OF_CODE":"108"}}
{"ts":1739569585249,"action":"FILE_OPENED","file":"/Assets/Scripts/DialogueSystem/DialogueDisplayer.cs","tags":{"FILE_LINE_OF_CODE":"103"}}
{"ts":1739569599892,"action":"IDE_DEACTIVATED"}
{"ts":1739569637291,"action":"IDE_ACTIVATED"}
{"ts":1739569701030,"action":"IDE_DEACTIVATED"}
{"ts":1739569920525,"action":"IDE_ACTIVATED"}
{"ts":1739569930834,"action":"FILE_CLOSED","file":"/Assets/Scripts/DialogueSystem/DialogueDisplayer.cs","tags":{"FILE_LINE_OF_CODE":"103"}}
{"ts":1739569930834,"action":"FILE_OPENED","file":"/Assets/Scripts/DialogueSystem/CharSequenceDisplayer.cs","tags":{"FILE_LINE_OF_CODE":"108"}}
{"ts":1739570405612,"action":"IDE_DEACTIVATED"}
{"ts":1739570463431,"action":"IDE_ACTIVATED"}
{"ts":1739570467884,"action":"FILE_CLOSED","file":"/Assets/Scripts/DialogueSystem/CharSequenceDisplayer.cs","tags":{"FILE_LINE_OF_CODE":"127"}}
{"ts":1739570467884,"action":"FILE_OPENED","file":"/Assets/Scripts/DialogueSystem/DialogueDisplayer.cs","tags":{"FILE_LINE_OF_CODE":"103"}}
{"ts":1739570472386,"action":"IDE_DEACTIVATED"}
{"ts":1739570493669,"action":"IDE_ACTIVATED"}
{"ts":1739570501265,"action":"FILE_CLOSED","file":"/Assets/Scripts/DialogueSystem/DialogueDisplayer.cs","tags":{"FILE_LINE_OF_CODE":"103"}}
{"ts":1739570501265,"action":"FILE_OPENED","file":"/Assets/Scripts/DialogueSystem/Structures.cs","tags":{"FILE_LINE_OF_CODE":"46"}}
{"ts":1739570506522,"action":"IDE_DEACTIVATED"}
{"ts":1739570678078,"action":"IDE_ACTIVATED"}
{"ts":1739570709250,"action":"IDE_DEACTIVATED"}
{"ts":1739570877868,"action":"IDE_ACTIVATED"}
{"ts":1739570937951,"action":"IDE_DEACTIVATED"}
{"ts":1739573783861,"action":"IDE_ACTIVATED"}
{"ts":1739573808690,"action":"IDE_DEACTIVATED"}
{"ts":1739580041584,"action":"PROJECT_CLOSED","tags":{"PROJECT_NAME":"MSS_Timeplex"}}
{"ts":1739770354958,"action":"PROJECT_OPENED","tags":{"PROJECT_NAME":"MSS_Timeplex"}}
{"ts":1739770355684,"action":"IDE_DEACTIVATED"}
{"ts":1739770474004,"action":"FILE_CLOSED","file":"/Assets/Scripts/DialogueSystem/DialogueDisplayer.cs","tags":{"FILE_LINE_OF_CODE":"103"}}
{"ts":1739770474004,"action":"FILE_OPENED","file":"/Assets/Scripts/DialogueSystem/StaticDialogue.cs","tags":{"FILE_LINE_OF_CODE":"29"}}
{"ts":1739770474043,"action":"IDE_ACTIVATED"}
{"ts":1739770480671,"action":"IDE_DEACTIVATED"}
{"ts":1739771178420,"action":"IDE_ACTIVATED"}
{"ts":1739771181568,"action":"IDE_DEACTIVATED"}
{"ts":1739771182142,"action":"IDE_ACTIVATED"}
{"ts":1739771190672,"action":"FILE_CLOSED","file":"/Assets/Scripts/DialogueSystem/StaticDialogue.cs","tags":{"FILE_LINE_OF_CODE":"29"}}
{"ts":1739771190672,"action":"FILE_OPENED","file":"/Assets/Scripts/DialogueSystem/StaticDialogueStructures.cs","tags":{"FILE_LINE_OF_CODE":"86"}}
{"ts":1739771194683,"action":"FILE_CLOSED","file":"/Assets/Scripts/DialogueSystem/StaticDialogueStructures.cs","tags":{"FILE_LINE_OF_CODE":"86"}}
{"ts":1739771194683,"action":"FILE_OPENED","file":"/Assets/Scripts/DialogueSystem/Structures.cs","tags":{"FILE_LINE_OF_CODE":"50"}}
{"ts":1739771197557,"action":"FILE_CLOSED","file":"/Assets/Scripts/DialogueSystem/Structures.cs","tags":{"FILE_LINE_OF_CODE":"50"}}
{"ts":1739771197557,"action":"FILE_OPENED","file":"/Assets/Scripts/DialogueSystem/StaticDialogueStructures.cs","tags":{"FILE_LINE_OF_CODE":"86"}}
{"ts":1739771199555,"action":"FILE_CLOSED","file":"/Assets/Scripts/DialogueSystem/StaticDialogueStructures.cs","tags":{"FILE_LINE_OF_CODE":"86"}}
{"ts":1739771199555,"action":"FILE_OPENED","file":"/Assets/Scripts/DialogueSystem/Structures.cs","tags":{"FILE_LINE_OF_CODE":"50"}}
{"ts":1739771254079,"action":"IDE_DEACTIVATED"}
{"ts":1739771498560,"action":"IDE_ACTIVATED"}
{"ts":1739771508592,"action":"FILE_CLOSED","file":"/Assets/Scripts/DialogueSystem/Structures.cs","tags":{"FILE_LINE_OF_CODE":"50"}}
{"ts":1739771508592,"action":"FILE_OPENED","file":"/Assets/Scripts/DialogueSystem/DialogueDisplayer.cs","tags":{"FILE_LINE_OF_CODE":"103"}}
{"ts":1739771514791,"action":"IDE_DEACTIVATED"}
{"ts":1739771574617,"action":"IDE_ACTIVATED"}
{"ts":1739771585773,"action":"FILE_CLOSED","file":"/Assets/Scripts/DialogueSystem/DialogueDisplayer.cs","tags":{"FILE_LINE_OF_CODE":"103"}}
{"ts":1739771585773,"action":"FILE_OPENED","file":"/Assets/Scripts/DialogueSystem/Structures.cs","tags":{"FILE_LINE_OF_CODE":"50"}}
{"ts":1739771615736,"action":"IDE_DEACTIVATED"}
{"ts":1739771707015,"action":"IDE_ACTIVATED"}
{"ts":1739771709089,"action":"IDE_DEACTIVATED"}
{"ts":1739771763205,"action":"IDE_ACTIVATED"}
{"ts":1739771766447,"action":"IDE_DEACTIVATED"}
{"ts":1739772124155,"action":"IDE_ACTIVATED"}
{"ts":1739772132710,"action":"FILE_CLOSED","file":"/Assets/Scripts/DialogueSystem/Structures.cs","tags":{"FILE_LINE_OF_CODE":"50"}}
{"ts":1739772132710,"action":"FILE_OPENED","file":"/Assets/Scripts/DialogueSystem/StaticDialogue.cs","tags":{"FILE_LINE_OF_CODE":"29"}}
{"ts":1739772136013,"action":"FILE_CLOSED","file":"/Assets/Scripts/DialogueSystem/StaticDialogue.cs","tags":{"FILE_LINE_OF_CODE":"29"}}
{"ts":1739772136013,"action":"FILE_OPENED","file":"/Assets/Scripts/DialogueSystem/DialogueDisplayer.cs","tags":{"FILE_LINE_OF_CODE":"103"}}
{"ts":1739772139429,"action":"IDE_DEACTIVATED"}
{"ts":1739772140303,"action":"IDE_ACTIVATED"}
{"ts":1739772146761,"action":"FILE_CLOSED","file":"/Assets/Scripts/DialogueSystem/DialogueDisplayer.cs","tags":{"FILE_LINE_OF_CODE":"96"}}
{"ts":1739772146761,"action":"FILE_OPENED","file":"/Assets/Scripts/DialogueSystem/Structures.cs","tags":{"FILE_LINE_OF_CODE":"50"}}
{"ts":1739772247022,"action":"FILE_CLOSED","file":"/Assets/Scripts/DialogueSystem/Structures.cs","tags":{"FILE_LINE_OF_CODE":"57"}}
{"ts":1739772247022,"action":"FILE_OPENED","file":"/Assets/Scripts/DialogueSystem/DialogueDisplayer.cs","tags":{"FILE_LINE_OF_CODE":"96"}}
{"ts":1739772289655,"action":"FILE_CLOSED","file":"/Assets/Scripts/DialogueSystem/DialogueDisplayer.cs","tags":{"FILE_LINE_OF_CODE":"96"}}
{"ts":1739772289655,"action":"FILE_OPENED","file":"/Assets/Scripts/DialogueSystem/Structures.cs","tags":{"FILE_LINE_OF_CODE":"57"}}
{"ts":1739772291667,"action":"FILE_CLOSED","file":"/Assets/Scripts/DialogueSystem/Structures.cs","tags":{"FILE_LINE_OF_CODE":"57"}}
{"ts":1739772291667,"action":"FILE_OPENED","file":"/Assets/Scripts/DialogueSystem/DialogueDisplayer.cs","tags":{"FILE_LINE_OF_CODE":"96"}}
{"ts":1739772314409,"action":"IDE_DEACTIVATED"}
{"ts":1739772691277,"action":"IDE_ACTIVATED"}
{"ts":1739772767791,"action":"FILE_CLOSED","file":"/Assets/Scripts/DialogueSystem/DialogueDisplayer.cs","tags":{"FILE_LINE_OF_CODE":"96"}}
{"ts":1739772767791,"action":"FILE_OPENED","file":"/Assets/Scripts/DialogueSystem/Structures.cs","tags":{"FILE_LINE_OF_CODE":"57"}}
{"ts":1739772803391,"action":"IDE_DEACTIVATED"}
{"ts":1739772895164,"action":"IDE_ACTIVATED"}
{"ts":1739772904345,"action":"IDE_DEACTIVATED"}
{"ts":1739772914175,"action":"IDE_ACTIVATED"}
{"ts":1739772978776,"action":"IDE_DEACTIVATED"}
{"ts":1739773028125,"action":"IDE_ACTIVATED"}
{"ts":1739773037477,"action":"IDE_DEACTIVATED"}
{"ts":1739773138722,"action":"IDE_ACTIVATED"}
{"ts":1739773202815,"action":"IDE_DEACTIVATED"}
{"ts":1739773254196,"action":"IDE_ACTIVATED"}
{"ts":1739773259265,"action":"IDE_DEACTIVATED"}
{"ts":1739773351082,"action":"IDE_ACTIVATED"}
{"ts":1739773372469,"action":"IDE_DEACTIVATED"}
{"ts":1739773392001,"action":"IDE_ACTIVATED"}
{"ts":1739773399207,"action":"IDE_DEACTIVATED"}
{"ts":1739773526842,"action":"IDE_ACTIVATED"}
{"ts":1739773608665,"action":"IDE_DEACTIVATED"}
{"ts":1739773651456,"action":"IDE_ACTIVATED"}
{"ts":1739773654778,"action":"FILE_CLOSED","file":"/Assets/Scripts/DialogueSystem/Structures.cs","tags":{"FILE_LINE_OF_CODE":"63"}}
{"ts":1739773654778,"action":"FILE_OPENED","file":"/Assets/Scripts/DialogueSystem/DialogueDisplayer.cs","tags":{"FILE_LINE_OF_CODE":"96"}}
{"ts":1739773669842,"action":"IDE_DEACTIVATED"}
{"ts":1739773848244,"action":"IDE_ACTIVATED"}
{"ts":1739773850329,"action":"FILE_CLOSED","file":"/Assets/Scripts/DialogueSystem/DialogueDisplayer.cs","tags":{"FILE_LINE_OF_CODE":"96"}}
{"ts":1739773850329,"action":"FILE_OPENED","file":"/Assets/Scripts/DialogueSystem/StaticDialogue.cs","tags":{"FILE_LINE_OF_CODE":"29"}}
{"ts":1739773852782,"action":"FILE_CLOSED","file":"/Assets/Scripts/DialogueSystem/StaticDialogue.cs","tags":{"FILE_LINE_OF_CODE":"29"}}
{"ts":1739773852782,"action":"FILE_OPENED","file":"/Assets/Scripts/DialogueSystem/Structures.cs","tags":{"FILE_LINE_OF_CODE":"63"}}
{"ts":1739773866879,"action":"IDE_DEACTIVATED"}
{"ts":1739773874402,"action":"IDE_ACTIVATED"}
{"ts":1739773964737,"action":"IDE_DEACTIVATED"}
{"ts":1739774114225,"action":"IDE_ACTIVATED"}
{"ts":1739774120985,"action":"IDE_DEACTIVATED"}
{"ts":1739774189019,"action":"IDE_ACTIVATED"}
{"ts":1739774195204,"action":"IDE_DEACTIVATED"}
{"ts":1739774260868,"action":"IDE_ACTIVATED"}
{"ts":1739774348253,"action":"FILE_CLOSED","file":"/Assets/Scripts/DialogueSystem/Structures.cs","tags":{"FILE_LINE_OF_CODE":"62"}}
{"ts":1739774348253,"action":"FILE_OPENED","file":"/Assets/Scripts/DialogueSystem/DialogueDisplayer.cs","tags":{"FILE_LINE_OF_CODE":"96"}}
{"ts":1739774360755,"action":"FILE_CLOSED","file":"/Assets/Scripts/DialogueSystem/DialogueDisplayer.cs","tags":{"FILE_LINE_OF_CODE":"96"}}
{"ts":1739774360755,"action":"FILE_OPENED","file":"/Assets/Scripts/DialogueSystem/Structures.cs","tags":{"FILE_LINE_OF_CODE":"62"}}
{"ts":1739774366172,"action":"FILE_CLOSED","file":"/Assets/Scripts/DialogueSystem/Structures.cs","tags":{"FILE_LINE_OF_CODE":"62"}}
{"ts":1739774366172,"action":"FILE_OPENED","file":"/Assets/Scripts/DialogueSystem/DialogueDisplayer.cs","tags":{"FILE_LINE_OF_CODE":"96"}}
{"ts":1739774370205,"action":"FILE_CLOSED","file":"/Assets/Scripts/DialogueSystem/DialogueDisplayer.cs","tags":{"FILE_LINE_OF_CODE":"96"}}
{"ts":1739774370205,"action":"FILE_OPENED","file":"/Assets/Scripts/DialogueSystem/Structures.cs","tags":{"FILE_LINE_OF_CODE":"62"}}
{"ts":1739774473774,"action":"IDE_DEACTIVATED"}
{"ts":1739775310429,"action":"IDE_ACTIVATED"}
{"ts":1739775316132,"action":"IDE_DEACTIVATED"}
{"ts":1740589976908,"action":"PROJECT_OPENED","tags":{"PROJECT_NAME":"MSS_Timeplex"}}
{"ts":1740589984210,"action":"IDE_DEACTIVATED"}
{"ts":1740589985786,"action":"IDE_ACTIVATED"}
{"ts":1740589988801,"action":"IDE_DEACTIVATED"}
{"ts":1740589989839,"action":"IDE_ACTIVATED"}
{"ts":1740589992723,"action":"IDE_DEACTIVATED"}
{"ts":1740589996098,"action":"IDE_ACTIVATED"}
{"ts":1740590091048,"action":"FILE_CLOSED","file":"/Assets/Scripts/Grid/scrGridLocations.cs","tags":{"FILE_LINE_OF_CODE":"59"}}
{"ts":1740590091049,"action":"FILE_OPENED","file":"/Assets/Scripts/Grid/scrGridObjectExtension.cs","tags":{"FILE_LINE_OF_CODE":"14"}}
{"ts":1740590095273,"action":"FILE_CLOSED","file":"/Assets/Scripts/Grid/scrGridObjectExtension.cs","tags":{"FILE_LINE_OF_CODE":"14"}}
{"ts":1740590095273,"action":"FILE_OPENED","file":"/Assets/Scripts/Imported/GridObject.cs","tags":{"FILE_LINE_OF_CODE":"60"}}
{"ts":1740590326407,"action":"IDE_DEACTIVATED"}
{"ts":1740591199268,"action":"IDE_ACTIVATED"}
{"ts":1740591204290,"action":"IDE_DEACTIVATED"}
{"ts":1740591519958,"action":"IDE_ACTIVATED"}
{"ts":1740591534752,"action":"FILE_CLOSED","file":"/Assets/Scripts/Imported/GridObject.cs","tags":{"FILE_LINE_OF_CODE":"60"}}
{"ts":1740591534752,"action":"FILE_OPENED","file":"/Assets/Scripts/DialogueSystem/DialogueDisplayer.cs","tags":{"FILE_LINE_OF_CODE":"96"}}
{"ts":1740591543332,"action":"FILE_CLOSED","file":"/Assets/Scripts/DialogueSystem/DialogueDisplayer.cs","tags":{"FILE_LINE_OF_CODE":"96"}}
{"ts":1740591543332,"action":"FILE_OPENED","file":"/Assets/Scripts/DialogueSystem/Option.cs","tags":{"FILE_LINE_OF_CODE":"13"}}
{"ts":1740591546542,"action":"FILE_CLOSED","file":"/Assets/Scripts/DialogueSystem/Option.cs","tags":{"FILE_LINE_OF_CODE":"13"}}
{"ts":1740591546542,"action":"FILE_OPENED","file":"/Assets/Scripts/DialogueSystem/CharSequenceDisplayer.cs","tags":{"FILE_LINE_OF_CODE":"127"}}
{"ts":1740591630445,"action":"IDE_DEACTIVATED"}
{"ts":1740591656954,"action":"IDE_ACTIVATED"}
{"ts":1740591675350,"action":"IDE_DEACTIVATED"}
{"ts":1740591676824,"action":"IDE_ACTIVATED"}
{"ts":1740591725344,"action":"FILE_CLOSED","file":"/Assets/Scripts/DialogueSystem/CharSequenceDisplayer.cs","tags":{"FILE_LINE_OF_CODE":"130"}}
{"ts":1740591725344,"action":"FILE_OPENED","file":"/Assets/Scripts/DialogueSystem/DialogueDisplayer.cs","tags":{"FILE_LINE_OF_CODE":"96"}}
{"ts":1740591998899,"action":"IDE_DEACTIVATED"}
{"ts":1740592005110,"action":"IDE_ACTIVATED"}
{"ts":1740592006493,"action":"IDE_DEACTIVATED"}
{"ts":1740592422757,"action":"IDE_ACTIVATED"}
{"ts":1740592448493,"action":"IDE_DEACTIVATED"}
{"ts":1740592448620,"action":"IDE_ACTIVATED"}
{"ts":1740592450512,"action":"IDE_DEACTIVATED"}
{"ts":1740592484909,"action":"IDE_ACTIVATED"}
{"ts":1740592488752,"action":"IDE_DEACTIVATED"}
{"ts":1740592529169,"action":"IDE_ACTIVATED"}
{"ts":1740592533531,"action":"IDE_DEACTIVATED"}
{"ts":1740592547842,"action":"IDE_ACTIVATED"}
{"ts":1740592552256,"action":"IDE_DEACTIVATED"}
{"ts":1740592569644,"action":"IDE_ACTIVATED"}
{"ts":1740592572126,"action":"IDE_DEACTIVATED"}
{"ts":1740592573218,"action":"IDE_ACTIVATED"}
{"ts":1740592611210,"action":"FILE_CLOSED","file":"/Assets/Scripts/DialogueSystem/DialogueDisplayer.cs","tags":{"FILE_LINE_OF_CODE":"107"}}
{"ts":1740592611210,"action":"FILE_OPENED","file":"/Assets/Scripts/DialogueSystem/Structures.cs","tags":{"FILE_LINE_OF_CODE":"57"}}
{"ts":1740592644294,"action":"FILE_CLOSED","file":"/Assets/Scripts/DialogueSystem/Structures.cs","tags":{"FILE_LINE_OF_CODE":"56"}}
{"ts":1740592644294,"action":"FILE_OPENED","file":"/Assets/Scripts/DialogueSystem/CharSequenceDisplayer.cs","tags":{"FILE_LINE_OF_CODE":"130"}}
{"ts":1740592655450,"action":"FILE_CLOSED","file":"/Assets/Scripts/DialogueSystem/CharSequenceDisplayer.cs","tags":{"FILE_LINE_OF_CODE":"131"}}
{"ts":1740592655450,"action":"FILE_OPENED","file":"/Assets/Scripts/DialogueSystem/DialogueDisplayer.cs","tags":{"FILE_LINE_OF_CODE":"107"}}
{"ts":1740592807486,"action":"FILE_CLOSED","file":"/Assets/Scripts/DialogueSystem/DialogueDisplayer.cs","tags":{"FILE_LINE_OF_CODE":"111"}}
{"ts":1740592807487,"action":"FILE_OPENED","file":"/Assets/Scripts/Imported/GridObject.cs","tags":{"FILE_LINE_OF_CODE":"60"}}
{"ts":1740592835667,"action":"FILE_CLOSED","file":"/Assets/Scripts/Imported/GridObject.cs","tags":{"FILE_LINE_OF_CODE":"60"}}
{"ts":1740592835667,"action":"FILE_OPENED","file":"/Assets/Scripts/Grid/scrGridObjectExtension.cs","tags":{"FILE_LINE_OF_CODE":"14"}}
{"ts":1740592836871,"action":"FILE_CLOSED","file":"/Assets/Scripts/Grid/scrGridObjectExtension.cs","tags":{"FILE_LINE_OF_CODE":"14"}}
{"ts":1740592836871,"action":"FILE_OPENED","file":"/Assets/Scripts/Grid/scrGridMakerTilted.cs","tags":{"FILE_LINE_OF_CODE":"98"}}
{"ts":1740592865423,"action":"FILE_CLOSED","file":"/Assets/Scripts/Grid/scrGridMakerTilted.cs","tags":{"FILE_LINE_OF_CODE":"98"}}
{"ts":1740592865423,"action":"FILE_OPENED","file":"/Assets/Scripts/Imported/GridObject.cs","tags":{"FILE_LINE_OF_CODE":"60"}}
{"ts":1740592883276,"action":"FILE_CLOSED","file":"/Assets/Scripts/Imported/GridObject.cs","tags":{"FILE_LINE_OF_CODE":"60"}}
{"ts":1740592883276,"action":"FILE_OPENED","file":"/Assets/Scripts/Grid/scrGridMakerTilted.cs","tags":{"FILE_LINE_OF_CODE":"98"}}
{"ts":1740592916190,"action":"FILE_CLOSED","file":"/Assets/Scripts/Grid/scrGridMakerTilted.cs","tags":{"FILE_LINE_OF_CODE":"98"}}
{"ts":1740592916190,"action":"FILE_OPENED","file":"/Assets/Scripts/Imported/GridObject.cs","tags":{"FILE_LINE_OF_CODE":"60"}}
{"ts":1740592931909,"action":"FILE_CLOSED","file":"/Assets/Scripts/Imported/GridObject.cs","tags":{"FILE_LINE_OF_CODE":"60"}}
{"ts":1740592931909,"action":"FILE_OPENED","file":"/Assets/Scripts/Grid/scrGridMakerTilted.cs","tags":{"FILE_LINE_OF_CODE":"98"}}
{"ts":1740592935359,"action":"FILE_CLOSED","file":"/Assets/Scripts/Grid/scrGridMakerTilted.cs","tags":{"FILE_LINE_OF_CODE":"98"}}
{"ts":1740592935359,"action":"FILE_OPENED","file":"/Assets/Scripts/Imported/GridObject.cs","tags":{"FILE_LINE_OF_CODE":"60"}}
{"ts":1740592987390,"action":"FILE_CLOSED","file":"/Assets/Scripts/Imported/GridObject.cs","tags":{"FILE_LINE_OF_CODE":"60"}}
{"ts":1740592987390,"action":"FILE_OPENED","file":"/Assets/Scripts/Grid/scrGridMakerTilted.cs","tags":{"FILE_LINE_OF_CODE":"98"}}
{"ts":1740593019892,"action":"FILE_CLOSED","file":"/Assets/Scripts/Grid/scrGridMakerTilted.cs","tags":{"FILE_LINE_OF_CODE":"98"}}
{"ts":1740593019892,"action":"FILE_OPENED","file":"/Assets/Scripts/Imported/GridObject.cs","tags":{"FILE_LINE_OF_CODE":"60"}}
{"ts":1740593027885,"action":"FILE_CLOSED","file":"/Assets/Scripts/Imported/GridObject.cs","tags":{"FILE_LINE_OF_CODE":"60"}}
{"ts":1740593027885,"action":"FILE_OPENED","file":"/Assets/Scripts/DialogueSystem/DialogueDisplayer.cs","tags":{"FILE_LINE_OF_CODE":"111"}}
{"ts":1740593224886,"action":"FILE_CLOSED","file":"/Assets/Scripts/DialogueSystem/DialogueDisplayer.cs","tags":{"FILE_LINE_OF_CODE":"119"}}
{"ts":1740593229765,"action":"FILE_OPENED","file":"/Library/PackageCache/com.unity.render-pipelines.core/Editor/Lighting/ProbeVolume/ProbeGIBaking.Placement.cs","tags":{"FILE_LINE_OF_CODE":"375"}}
{"ts":1740593236808,"action":"FILE_CLOSED","file":"/Library/PackageCache/com.unity.render-pipelines.core/Editor/Lighting/ProbeVolume/ProbeGIBaking.Placement.cs","tags":{"FILE_LINE_OF_CODE":"375"}}
{"ts":1740593236808,"action":"FILE_OPENED","file":"/Assets/Scripts/DialogueSystem/DialogueDisplayer.cs","tags":{"FILE_LINE_OF_CODE":"119"}}
{"ts":1740593419908,"action":"IDE_DEACTIVATED"}
{"ts":1740593466058,"action":"IDE_ACTIVATED"}
{"ts":1740593791399,"action":"IDE_DEACTIVATED"}
{"ts":1740596394529,"action":"IDE_ACTIVATED"}
{"ts":1740596421888,"action":"IDE_DEACTIVATED"}
{"ts":1740596639013,"action":"IDE_ACTIVATED"}
{"ts":1740596647082,"action":"IDE_DEACTIVATED"}
{"ts":1740602525191,"action":"IDE_ACTIVATED"}
{"ts":1740602533040,"action":"IDE_DEACTIVATED"}
{"ts":1740604041234,"action":"IDE_ACTIVATED"}
{"ts":1740604050470,"action":"IDE_DEACTIVATED"}
{"ts":1741486581089,"action":"PROJECT_OPENED","tags":{"PROJECT_NAME":"MSS_Timeplex"}}
{"ts":1741486603249,"action":"IDE_ACTIVATED"}
{"ts":1741486612905,"action":"IDE_DEACTIVATED"}
{"ts":1741486738710,"action":"IDE_ACTIVATED"}
{"ts":1741486743551,"action":"FILE_CLOSED","file":"/Assets/Scripts/Managers/scrMoveInheritanceManager.cs","tags":{"FILE_LINE_OF_CODE":"181"}}
{"ts":1741486743551,"action":"FILE_OPENED","file":"/Assets/Scripts/DialogueSystem/StaticDialogue.cs","tags":{"FILE_LINE_OF_CODE":"29"}}
{"ts":1741486753182,"action":"FILE_CLOSED","file":"/Assets/Scripts/DialogueSystem/StaticDialogue.cs","tags":{"FILE_LINE_OF_CODE":"29"}}
{"ts":1741486753182,"action":"FILE_OPENED","file":"/Assets/Scripts/DialogueSystem/ComplexStaticDialogue.cs","tags":{"FILE_LINE_OF_CODE":"29"}}
{"ts":1741486785616,"action":"IDE_DEACTIVATED"}
{"ts":1741486791412,"action":"IDE_ACTIVATED"}
{"ts":1741486794753,"action":"FILE_CLOSED","file":"/Assets/Scripts/DialogueSystem/ComplexStaticDialogue.cs","tags":{"FILE_LINE_OF_CODE":"30"}}
{"ts":1741486794753,"action":"FILE_OPENED","file":"/Assets/Scripts/DialogueSystem/ComplexStaticDialogueStructures.cs","tags":{"FILE_LINE_OF_CODE":"86"}}
{"ts":1741487052636,"action":"IDE_DEACTIVATED"}
{"ts":1741487086347,"action":"IDE_ACTIVATED"}
{"ts":1741487922993,"action":"IDE_DEACTIVATED"}
{"ts":1741487928559,"action":"IDE_ACTIVATED"}
{"ts":1741487933253,"action":"IDE_DEACTIVATED"}
{"ts":1741487936544,"action":"IDE_ACTIVATED"}
{"ts":1741487937684,"action":"IDE_DEACTIVATED"}
{"ts":1741487951943,"action":"IDE_ACTIVATED"}
{"ts":1741487953899,"action":"IDE_DEACTIVATED"}
{"ts":1741487960041,"action":"IDE_ACTIVATED"}
{"ts":1741487965828,"action":"IDE_DEACTIVATED"}
{"ts":1741487971603,"action":"IDE_ACTIVATED"}
{"ts":1741488066124,"action":"IDE_DEACTIVATED"}
{"ts":1741488069384,"action":"IDE_ACTIVATED"}
{"ts":1741488074750,"action":"IDE_DEACTIVATED"}
{"ts":1741488095141,"action":"IDE_ACTIVATED"}
{"ts":1741488099253,"action":"IDE_DEACTIVATED"}
{"ts":1741488161575,"action":"IDE_ACTIVATED"}
{"ts":1741488294945,"action":"IDE_DEACTIVATED"}
{"ts":1741488296839,"action":"IDE_ACTIVATED"}
{"ts":1741488297697,"action":"IDE_DEACTIVATED"}
{"ts":1741488304910,"action":"IDE_ACTIVATED"}
{"ts":1741488317531,"action":"IDE_DEACTIVATED"}
{"ts":1741488318210,"action":"IDE_ACTIVATED"}
{"ts":1741488369736,"action":"IDE_DEACTIVATED"}
{"ts":1741488498781,"action":"IDE_ACTIVATED"}
{"ts":1741488586725,"action":"FILE_CLOSED","file":"/Assets/Scripts/DialogueSystem/ComplexStaticDialogueStructures.cs","tags":{"FILE_LINE_OF_CODE":"120"}}
{"ts":1741488586725,"action":"FILE_OPENED","file":"/Library/PackageCache/com.oni_sakana.fries/Fries/Inspector/RefUnion.cs","tags":{"FILE_LINE_OF_CODE":"40"}}
{"ts":1741488606343,"action":"FILE_CLOSED","file":"/Library/PackageCache/com.oni_sakana.fries/Fries/Inspector/RefUnion.cs","tags":{"FILE_LINE_OF_CODE":"40"}}
{"ts":1741488606343,"action":"FILE_OPENED","file":"/Assets/Scripts/DialogueSystem/ComplexStaticDialogueStructures.cs","tags":{"FILE_LINE_OF_CODE":"120"}}
{"ts":1741488651433,"action":"IDE_DEACTIVATED"}
{"ts":1741488656927,"action":"IDE_ACTIVATED"}
{"ts":1741488701049,"action":"IDE_DEACTIVATED"}
{"ts":1741488705141,"action":"IDE_ACTIVATED"}
{"ts":1741488706907,"action":"IDE_DEACTIVATED"}
{"ts":1741488723311,"action":"IDE_ACTIVATED"}
{"ts":1741488724938,"action":"IDE_DEACTIVATED"}
{"ts":1741488726106,"action":"IDE_ACTIVATED"}
{"ts":1741488765878,"action":"FILE_CLOSED","file":"/Assets/Scripts/DialogueSystem/ComplexStaticDialogueStructures.cs","tags":{"FILE_LINE_OF_CODE":"127"}}
{"ts":1741488765878,"action":"FILE_OPENED","file":"/Library/PackageCache/com.oni_sakana.fries/Fries/Inspector/StringSso.cs","tags":{"FILE_LINE_OF_CODE":"49"}}
{"ts":1741488776972,"action":"FILE_CLOSED","file":"/Library/PackageCache/com.oni_sakana.fries/Fries/Inspector/StringSso.cs","tags":{"FILE_LINE_OF_CODE":"49"}}
{"ts":1741488776972,"action":"FILE_OPENED","file":"/Assets/Scripts/DialogueSystem/ComplexStaticDialogueStructures.cs","tags":{"FILE_LINE_OF_CODE":"127"}}
{"ts":1741488834284,"action":"FILE_CLOSED","file":"/Assets/Scripts/DialogueSystem/ComplexStaticDialogueStructures.cs","tags":{"FILE_LINE_OF_CODE":"130"}}
{"ts":1741488834284,"action":"FILE_OPENED","file":"/Library/PackageCache/com.oni_sakana.fries/Fries/Inspector/SerializableSysObject.cs","tags":{"FILE_LINE_OF_CODE":"21"}}
{"ts":1741488839067,"action":"FILE_CLOSED","file":"/Library/PackageCache/com.oni_sakana.fries/Fries/Inspector/SerializableSysObject.cs","tags":{"FILE_LINE_OF_CODE":"21"}}
{"ts":1741488839067,"action":"FILE_OPENED","file":"/Assets/Scripts/DialogueSystem/ComplexStaticDialogueStructures.cs","tags":{"FILE_LINE_OF_CODE":"130"}}
{"ts":1741488858537,"action":"FILE_CLOSED","file":"/Assets/Scripts/DialogueSystem/ComplexStaticDialogueStructures.cs","tags":{"FILE_LINE_OF_CODE":"130"}}
{"ts":1741488858537,"action":"FILE_OPENED","file":"/Library/PackageCache/com.oni_sakana.fries/Fries/Inspector/GameObjectBoxField/GameObjectBox.cs","tags":{"FILE_LINE_OF_CODE":"20"}}
{"ts":1741488867001,"action":"FILE_CLOSED","file":"/Library/PackageCache/com.oni_sakana.fries/Fries/Inspector/GameObjectBoxField/GameObjectBox.cs","tags":{"FILE_LINE_OF_CODE":"20"}}
{"ts":1741488867001,"action":"FILE_OPENED","file":"/Assets/Scripts/DialogueSystem/ComplexStaticDialogueStructures.cs","tags":{"FILE_LINE_OF_CODE":"130"}}
{"ts":1741489111904,"action":"FILE_CLOSED","file":"/Assets/Scripts/DialogueSystem/ComplexStaticDialogueStructures.cs","tags":{"FILE_LINE_OF_CODE":"150"}}
{"ts":1741489111904,"action":"FILE_OPENED","file":"/Assets/Scripts/DialogueSystem/ComplexStaticDialogue.cs","tags":{"FILE_LINE_OF_CODE":"30"}}
{"ts":1741489179137,"action":"FILE_CLOSED","file":"/Assets/Scripts/DialogueSystem/ComplexStaticDialogue.cs","tags":{"FILE_LINE_OF_CODE":"30"}}
{"ts":1741489179137,"action":"FILE_OPENED","file":"/Assets/Scripts/DialogueSystem/ComplexStaticDialogueStructures.cs","tags":{"FILE_LINE_OF_CODE":"150"}}
{"ts":1741489185379,"action":"FILE_CLOSED","file":"/Assets/Scripts/DialogueSystem/ComplexStaticDialogueStructures.cs","tags":{"FILE_LINE_OF_CODE":"150"}}
{"ts":1741489185379,"action":"FILE_OPENED","file":"/Assets/Scripts/DialogueSystem/ComplexStaticDialogue.cs","tags":{"FILE_LINE_OF_CODE":"30"}}
{"ts":1741489212925,"action":"FILE_CLOSED","file":"/Assets/Scripts/DialogueSystem/ComplexStaticDialogue.cs","tags":{"FILE_LINE_OF_CODE":"30"}}
{"ts":1741489212925,"action":"FILE_OPENED","file":"/Assets/Scripts/DialogueSystem/ComplexStaticDialogueStructures.cs","tags":{"FILE_LINE_OF_CODE":"150"}}
{"ts":1741489219872,"action":"FILE_CLOSED","file":"/Assets/Scripts/DialogueSystem/ComplexStaticDialogueStructures.cs","tags":{"FILE_LINE_OF_CODE":"150"}}
{"ts":1741489219872,"action":"FILE_OPENED","file":"/Assets/Scripts/DialogueSystem/ComplexStaticDialogue.cs","tags":{"FILE_LINE_OF_CODE":"30"}}
{"ts":1741489237235,"action":"IDE_DEACTIVATED"}
{"ts":1741489290187,"action":"IDE_ACTIVATED"}
{"ts":1741489368582,"action":"IDE_DEACTIVATED"}
{"ts":1741489383930,"action":"IDE_ACTIVATED"}
{"ts":1741489383970,"action":"FILE_CLOSED","file":"/Assets/Scripts/DialogueSystem/ComplexStaticDialogue.cs","tags":{"FILE_LINE_OF_CODE":"47"}}
{"ts":1741489383970,"action":"FILE_OPENED","file":"/Library/PackageCache/com.oni_sakana.fries/Fries/Inspector/AnInspector.cs","tags":{"FILE_LINE_OF_CODE":"136"}}
{"ts":1741489388782,"action":"IDE_DEACTIVATED"}
{"ts":1741489401846,"action":"IDE_ACTIVATED"}
{"ts":1741489401875,"action":"FILE_CLOSED","file":"/Library/PackageCache/com.oni_sakana.fries/Fries/Inspector/AnInspector.cs","tags":{"FILE_LINE_OF_CODE":"136"}}
{"ts":1741489401875,"action":"FILE_OPENED","file":"/Assets/Scripts/DialogueSystem/ComplexStaticDialogue.cs","tags":{"FILE_LINE_OF_CODE":"47"}}
{"ts":1741489412311,"action":"FILE_CLOSED","file":"/Assets/Scripts/DialogueSystem/ComplexStaticDialogue.cs","tags":{"FILE_LINE_OF_CODE":"47"}}
{"ts":1741489412311,"action":"FILE_OPENED","file":"/Assets/Scripts/DialogueSystem/ComplexStaticDialogueStructures.cs","tags":{"FILE_LINE_OF_CODE":"150"}}
{"ts":1741489433272,"action":"FILE_CLOSED","file":"/Assets/Scripts/DialogueSystem/ComplexStaticDialogueStructures.cs","tags":{"FILE_LINE_OF_CODE":"150"}}
{"ts":1741489433272,"action":"FILE_OPENED","file":"/Assets/Scripts/DialogueSystem/ComplexStaticDialogue.cs","tags":{"FILE_LINE_OF_CODE":"47"}}
{"ts":1741489446754,"action":"IDE_DEACTIVATED"}
{"ts":1741489449415,"action":"IDE_ACTIVATED"}
{"ts":1741489531809,"action":"IDE_DEACTIVATED"}
{"ts":1741489538704,"action":"IDE_ACTIVATED"}
{"ts":1741489547646,"action":"IDE_DEACTIVATED"}
{"ts":1741489591452,"action":"IDE_ACTIVATED"}
{"ts":1741489658655,"action":"IDE_DEACTIVATED"}
{"ts":1741489764491,"action":"IDE_ACTIVATED"}
{"ts":1741489764528,"action":"FILE_CLOSED","file":"/Assets/Scripts/DialogueSystem/ComplexStaticDialogue.cs","tags":{"FILE_LINE_OF_CODE":"48"}}
{"ts":1741489764528,"action":"FILE_OPENED","file":"/Library/PackageCache/com.oni_sakana.fries/Fries/Inspector/AnInspector.cs","tags":{"FILE_LINE_OF_CODE":"136"}}
{"ts":1741489768464,"action":"FILE_CLOSED","file":"/Library/PackageCache/com.oni_sakana.fries/Fries/Inspector/AnInspector.cs","tags":{"FILE_LINE_OF_CODE":"136"}}
{"ts":1741489768464,"action":"FILE_OPENED","file":"/Assets/Scripts/DialogueSystem/ComplexStaticDialogue.cs","tags":{"FILE_LINE_OF_CODE":"48"}}
{"ts":1741489775971,"action":"FILE_CLOSED","file":"/Assets/Scripts/DialogueSystem/ComplexStaticDialogue.cs","tags":{"FILE_LINE_OF_CODE":"48"}}
{"ts":1741489775971,"action":"FILE_OPENED","file":"/Assets/Scripts/DialogueSystem/ComplexStaticDialogueStructures.cs","tags":{"FILE_LINE_OF_CODE":"150"}}
{"ts":1741489936240,"action":"IDE_DEACTIVATED"}
{"ts":1741489945628,"action":"IDE_ACTIVATED"}
{"ts":1741489968201,"action":"FILE_CLOSED","file":"/Assets/Scripts/DialogueSystem/ComplexStaticDialogueStructures.cs","tags":{"FILE_LINE_OF_CODE":"152"}}
{"ts":1741489968201,"action":"FILE_OPENED","file":"/Assets/Scripts/DialogueSystem/ComplexStaticDialogue.cs","tags":{"FILE_LINE_OF_CODE":"48"}}
{"ts":1741489979867,"action":"IDE_DEACTIVATED"}
{"ts":1741489982227,"action":"IDE_ACTIVATED"}
{"ts":1741490137725,"action":"IDE_DEACTIVATED"}
{"ts":1741490140097,"action":"IDE_ACTIVATED"}
{"ts":1741490198079,"action":"IDE_DEACTIVATED"}
{"ts":1741490292800,"action":"IDE_ACTIVATED"}
{"ts":1741490314419,"action":"IDE_DEACTIVATED"}
{"ts":1741490324802,"action":"IDE_ACTIVATED"}
{"ts":1741490328456,"action":"IDE_DEACTIVATED"}
{"ts":1741490329575,"action":"IDE_ACTIVATED"}
{"ts":1741490427413,"action":"IDE_DEACTIVATED"}
{"ts":1741490616447,"action":"IDE_ACTIVATED"}
{"ts":1741490624999,"action":"IDE_DEACTIVATED"}
{"ts":1741490627174,"action":"IDE_ACTIVATED"}
{"ts":1741490628617,"action":"IDE_DEACTIVATED"}
{"ts":1741490629932,"action":"IDE_ACTIVATED"}
{"ts":1741490679925,"action":"IDE_DEACTIVATED"}
{"ts":1741490757268,"action":"IDE_ACTIVATED"}
{"ts":1741490766959,"action":"IDE_DEACTIVATED"}
{"ts":1741490930492,"action":"IDE_ACTIVATED"}
{"ts":1741491089753,"action":"IDE_DEACTIVATED"}
{"ts":1741491247023,"action":"IDE_ACTIVATED"}
{"ts":1741491260469,"action":"IDE_DEACTIVATED"}
{"ts":1741491400148,"action":"IDE_ACTIVATED"}
{"ts":1741491401356,"action":"IDE_DEACTIVATED"}
{"ts":1741491436177,"action":"IDE_ACTIVATED"}
{"ts":1741491517306,"action":"IDE_DEACTIVATED"}
{"ts":1741491832988,"action":"IDE_ACTIVATED"}
{"ts":1741491844604,"action":"IDE_DEACTIVATED"}
{"ts":1741491868499,"action":"IDE_ACTIVATED"}
{"ts":1741491869706,"action":"IDE_DEACTIVATED"}
{"ts":1741492104685,"action":"FILE_CLOSED","file":"/Assets/Scripts/DialogueSystem/ComplexStaticDialogue.cs","tags":{"FILE_LINE_OF_CODE":"49"}}
{"ts":1741492104686,"action":"FILE_OPENED","file":"/Library/PackageCache/com.oni_sakana.fries/Fries/Inspector/AnInspector.cs","tags":{"FILE_LINE_OF_CODE":"137"}}
{"ts":1741492104710,"action":"IDE_ACTIVATED"}
{"ts":1741492140680,"action":"IDE_DEACTIVATED"}
{"ts":1741492144815,"action":"IDE_ACTIVATED"}
{"ts":1741492154179,"action":"IDE_DEACTIVATED"}
{"ts":1741492164757,"action":"IDE_ACTIVATED"}
{"ts":1741492168305,"action":"FILE_CLOSED","file":"/Library/PackageCache/com.oni_sakana.fries/Fries/Inspector/AnInspector.cs","tags":{"FILE_LINE_OF_CODE":"137"}}
{"ts":1741492168305,"action":"FILE_OPENED","file":"/Assets/Scripts/DialogueSystem/ComplexStaticDialogue.cs","tags":{"FILE_LINE_OF_CODE":"49"}}
{"ts":1741492252830,"action":"IDE_DEACTIVATED"}
{"ts":1741492303945,"action":"IDE_ACTIVATED"}
{"ts":1741492304138,"action":"FILE_CLOSED","file":"/Assets/Scripts/DialogueSystem/ComplexStaticDialogue.cs","tags":{"FILE_LINE_OF_CODE":"54"}}
{"ts":1741492304138,"action":"FILE_OPENED","file":"/Library/PackageCache/com.oni_sakana.fries/Fries/Inspector/AnInspector.cs","tags":{"FILE_LINE_OF_CODE":"137"}}
{"ts":1741492356911,"action":"IDE_DEACTIVATED"}
{"ts":1741492365712,"action":"IDE_ACTIVATED"}
{"ts":1741492367192,"action":"FILE_CLOSED","file":"/Library/PackageCache/com.oni_sakana.fries/Fries/Inspector/AnInspector.cs","tags":{"FILE_LINE_OF_CODE":"137"}}
{"ts":1741492367192,"action":"FILE_OPENED","file":"/Assets/Scripts/DialogueSystem/ComplexStaticDialogue.cs","tags":{"FILE_LINE_OF_CODE":"54"}}
{"ts":1741492382605,"action":"IDE_DEACTIVATED"}
{"ts":1741492391885,"action":"IDE_ACTIVATED"}
{"ts":1741492391915,"action":"FILE_CLOSED","file":"/Assets/Scripts/DialogueSystem/ComplexStaticDialogue.cs","tags":{"FILE_LINE_OF_CODE":"54"}}
{"ts":1741492391915,"action":"FILE_OPENED","file":"/Library/PackageCache/com.oni_sakana.fries/Fries/Inspector/SerializedPropertyExtensions.cs","tags":{"FILE_LINE_OF_CODE":"70"}}
{"ts":1741492426069,"action":"IDE_DEACTIVATED"}
{"ts":1741492429683,"action":"IDE_ACTIVATED"}
{"ts":1741492434381,"action":"IDE_DEACTIVATED"}
{"ts":1741492435661,"action":"IDE_ACTIVATED"}
{"ts":1741492565337,"action":"IDE_DEACTIVATED"}
{"ts":1741492567276,"action":"IDE_ACTIVATED"}
{"ts":1741492576510,"action":"IDE_DEACTIVATED"}
{"ts":1741492646822,"action":"IDE_ACTIVATED"}
{"ts":1741492646970,"action":"FILE_CLOSED","file":"/Library/PackageCache/com.oni_sakana.fries/Fries/Inspector/SerializedPropertyExtensions.cs","tags":{"FILE_LINE_OF_CODE":"71"}}
{"ts":1741492646970,"action":"FILE_OPENED","file":"/Library/PackageCache/com.oni_sakana.fries/Fries/Inspector/AnInspector.cs","tags":{"FILE_LINE_OF_CODE":"137"}}
{"ts":1741492661814,"action":"IDE_DEACTIVATED"}
{"ts":1741492662932,"action":"IDE_ACTIVATED"}
{"ts":1741492675303,"action":"IDE_DEACTIVATED"}
{"ts":1741492680293,"action":"IDE_ACTIVATED"}
{"ts":1741492680321,"action":"FILE_CLOSED","file":"/Library/PackageCache/com.oni_sakana.fries/Fries/Inspector/AnInspector.cs","tags":{"FILE_LINE_OF_CODE":"137"}}
{"ts":1741492680321,"action":"FILE_OPENED","file":"/Library/PackageCache/com.oni_sakana.fries/Fries/Inspector/SerializedPropertyExtensions.cs","tags":{"FILE_LINE_OF_CODE":"71"}}
{"ts":1741492692652,"action":"IDE_DEACTIVATED"}
{"ts":1741492692925,"action":"IDE_ACTIVATED"}
{"ts":1741492692954,"action":"FILE_CLOSED","file":"/Library/PackageCache/com.oni_sakana.fries/Fries/Inspector/SerializedPropertyExtensions.cs","tags":{"FILE_LINE_OF_CODE":"71"}}
{"ts":1741492692954,"action":"FILE_OPENED","file":"/Library/PackageCache/com.oni_sakana.fries/Fries/Inspector/AnInspector.cs","tags":{"FILE_LINE_OF_CODE":"137"}}
{"ts":1741492722691,"action":"FILE_CLOSED","file":"/Library/PackageCache/com.oni_sakana.fries/Fries/Inspector/AnInspector.cs","tags":{"FILE_LINE_OF_CODE":"137"}}
{"ts":1741492722691,"action":"FILE_OPENED","file":"/Library/PackageCache/com.oni_sakana.fries/Fries/Inspector/SerializedPropertyExtensions.cs","tags":{"FILE_LINE_OF_CODE":"71"}}
{"ts":1741492735588,"action":"IDE_DEACTIVATED"}
{"ts":1741492749153,"action":"IDE_ACTIVATED"}
{"ts":1741492827132,"action":"IDE_DEACTIVATED"}
{"ts":1741492842201,"action":"IDE_ACTIVATED"}
{"ts":1741492845522,"action":"IDE_DEACTIVATED"}
{"ts":1741492919289,"action":"IDE_ACTIVATED"}
{"ts":1741492919316,"action":"FILE_CLOSED","file":"/Library/PackageCache/com.oni_sakana.fries/Fries/Inspector/SerializedPropertyExtensions.cs","tags":{"FILE_LINE_OF_CODE":"71"}}
{"ts":1741492919316,"action":"FILE_OPENED","file":"/Library/PackageCache/com.oni_sakana.fries/Fries/Inspector/AnInspector.cs","tags":{"FILE_LINE_OF_CODE":"136"}}
{"ts":1741492926902,"action":"IDE_DEACTIVATED"}
{"ts":1741492946160,"action":"IDE_ACTIVATED"}
{"ts":1741492956784,"action":"IDE_DEACTIVATED"}
{"ts":1741492958206,"action":"IDE_ACTIVATED"}
{"ts":1741492958238,"action":"FILE_CLOSED","file":"/Library/PackageCache/com.oni_sakana.fries/Fries/Inspector/AnInspector.cs","tags":{"FILE_LINE_OF_CODE":"136"}}
{"ts":1741492958238,"action":"FILE_OPENED","file":"/Library/PackageCache/com.oni_sakana.fries/Fries/Inspector/RefUnionDrawer.cs","tags":{"FILE_LINE_OF_CODE":"112"}}
{"ts":1741493024075,"action":"FILE_CLOSED","file":"/Library/PackageCache/com.oni_sakana.fries/Fries/Inspector/RefUnionDrawer.cs","tags":{"FILE_LINE_OF_CODE":"112"}}
{"ts":1741493024075,"action":"FILE_OPENED","file":"/Library/PackageCache/com.oni_sakana.fries/Fries/Inspector/AnInspector.cs","tags":{"FILE_LINE_OF_CODE":"136"}}
{"ts":1741493035844,"action":"FILE_CLOSED","file":"/Library/PackageCache/com.oni_sakana.fries/Fries/Inspector/AnInspector.cs","tags":{"FILE_LINE_OF_CODE":"136"}}
{"ts":1741493035844,"action":"FILE_OPENED","file":"/Library/PackageCache/com.oni_sakana.fries/Fries/Inspector/RefUnionDrawer.cs","tags":{"FILE_LINE_OF_CODE":"112"}}
{"ts":1741493076605,"action":"FILE_CLOSED","file":"/Library/PackageCache/com.oni_sakana.fries/Fries/Inspector/RefUnionDrawer.cs","tags":{"FILE_LINE_OF_CODE":"112"}}
{"ts":1741493076605,"action":"FILE_OPENED","file":"/Assets/Scripts/DialogueSystem/ComplexStaticDialogue.cs","tags":{"FILE_LINE_OF_CODE":"54"}}
{"ts":1741493077856,"action":"FILE_CLOSED","file":"/Assets/Scripts/DialogueSystem/ComplexStaticDialogue.cs","tags":{"FILE_LINE_OF_CODE":"54"}}
{"ts":1741493077856,"action":"FILE_OPENED","file":"/Assets/Scripts/DialogueSystem/ComplexStaticDialogueStructures.cs","tags":{"FILE_LINE_OF_CODE":"152"}}
{"ts":1741493084530,"action":"FILE_CLOSED","file":"/Assets/Scripts/DialogueSystem/ComplexStaticDialogueStructures.cs","tags":{"FILE_LINE_OF_CODE":"152"}}
{"ts":1741493084530,"action":"FILE_OPENED","file":"/Library/PackageCache/com.oni_sakana.fries/Fries/Inspector/StringSso.cs","tags":{"FILE_LINE_OF_CODE":"49"}}
{"ts":1741493086823,"action":"FILE_CLOSED","file":"/Library/PackageCache/com.oni_sakana.fries/Fries/Inspector/StringSso.cs","tags":{"FILE_LINE_OF_CODE":"49"}}
{"ts":1741493086823,"action":"FILE_OPENED","file":"/Library/PackageCache/com.oni_sakana.fries/Fries/Inspector/SerializableSysObject.cs","tags":{"FILE_LINE_OF_CODE":"21"}}
{"ts":1741493101662,"action":"FILE_CLOSED","file":"/Library/PackageCache/com.oni_sakana.fries/Fries/Inspector/SerializableSysObject.cs","tags":{"FILE_LINE_OF_CODE":"21"}}
{"ts":1741493101662,"action":"FILE_OPENED","file":"/Library/PackageCache/com.oni_sakana.fries/Fries/Inspector/GameObjectBoxField/GameObjectBox.cs","tags":{"FILE_LINE_OF_CODE":"20"}}
{"ts":1741493103993,"action":"FILE_CLOSED","file":"/Library/PackageCache/com.oni_sakana.fries/Fries/Inspector/GameObjectBoxField/GameObjectBox.cs","tags":{"FILE_LINE_OF_CODE":"20"}}
{"ts":1741493103993,"action":"FILE_OPENED","file":"/Assets/Scripts/DialogueSystem/ComplexStaticDialogueStructures.cs","tags":{"FILE_LINE_OF_CODE":"152"}}
{"ts":1741493171978,"action":"IDE_DEACTIVATED"}
{"ts":1741493176966,"action":"IDE_ACTIVATED"}
{"ts":1741493209152,"action":"FILE_CLOSED","file":"/Assets/Scripts/DialogueSystem/ComplexStaticDialogueStructures.cs","tags":{"FILE_LINE_OF_CODE":"154"}}
{"ts":1741493209152,"action":"FILE_OPENED","file":"/Library/PackageCache/com.oni_sakana.fries/Fries/Inspector/GameObjectBoxField/GameObjectBoxes.cs","tags":{"FILE_LINE_OF_CODE":"15"}}
{"ts":1741493211614,"action":"IDE_DEACTIVATED"}
{"ts":1741493226934,"action":"IDE_ACTIVATED"}
{"ts":1741493286260,"action":"IDE_DEACTIVATED"}
{"ts":1741493335156,"action":"IDE_ACTIVATED"}
{"ts":1741493512400,"action":"IDE_DEACTIVATED"}
{"ts":1741494225059,"action":"IDE_ACTIVATED"}
{"ts":1741494432833,"action":"IDE_DEACTIVATED"}
{"ts":1741494759063,"action":"IDE_ACTIVATED"}
{"ts":1741494763646,"action":"IDE_DEACTIVATED"}
{"ts":1741494938411,"action":"IDE_ACTIVATED"}
{"ts":1741494943734,"action":"FILE_CLOSED","file":"/Library/PackageCache/com.oni_sakana.fries/Fries/Inspector/GameObjectBoxField/GameObjectBoxes.cs","tags":{"FILE_LINE_OF_CODE":"16"}}
{"ts":1741494943734,"action":"FILE_OPENED","file":"/Assets/Scripts/DialogueSystem/ComplexStaticDialogueStructures.cs","tags":{"FILE_LINE_OF_CODE":"154"}}
{"ts":1741494949207,"action":"IDE_DEACTIVATED"}
{"ts":1741494957951,"action":"FILE_CLOSED","file":"/Assets/Scripts/DialogueSystem/ComplexStaticDialogueStructures.cs","tags":{"FILE_LINE_OF_CODE":"154"}}
{"ts":1741494957951,"action":"FILE_OPENED","file":"/Library/PackageCache/com.oni_sakana.fries/Fries/Inspector/SerializedPropertyExtensions.cs","tags":{"FILE_LINE_OF_CODE":"71"}}
{"ts":1741494957957,"action":"IDE_ACTIVATED"}
{"ts":1741494968549,"action":"IDE_DEACTIVATED"}
{"ts":1741494968793,"action":"IDE_ACTIVATED"}
{"ts":1741494995419,"action":"IDE_DEACTIVATED"}
{"ts":1741495001120,"action":"IDE_ACTIVATED"}
{"ts":1741495015942,"action":"IDE_DEACTIVATED"}
{"ts":1741495036580,"action":"IDE_ACTIVATED"}
{"ts":1741495077685,"action":"IDE_DEACTIVATED"}
{"ts":1741495089118,"action":"IDE_ACTIVATED"}
{"ts":1741495090113,"action":"IDE_DEACTIVATED"}
{"ts":1741495091736,"action":"IDE_ACTIVATED"}
{"ts":1741495102840,"action":"IDE_DEACTIVATED"}
{"ts":1741495361228,"action":"FILE_CLOSED","file":"/Library/PackageCache/com.oni_sakana.fries/Fries/Inspector/SerializedPropertyExtensions.cs","tags":{"FILE_LINE_OF_CODE":"74"}}
{"ts":1741495361228,"action":"FILE_OPENED","file":"/Library/PackageCache/com.oni_sakana.fries/Fries/Inspector/RefUnionDrawer.cs","tags":{"FILE_LINE_OF_CODE":"112"}}
{"ts":1741495361246,"action":"IDE_ACTIVATED"}
{"ts":1741495426279,"action":"FILE_CLOSED","file":"/Library/PackageCache/com.oni_sakana.fries/Fries/Inspector/RefUnionDrawer.cs","tags":{"FILE_LINE_OF_CODE":"112"}}
{"ts":1741495426279,"action":"FILE_OPENED","file":"/Library/PackageCache/com.oni_sakana.fries/Fries/Inspector/AnInspector.cs","tags":{"FILE_LINE_OF_CODE":"136"}}
{"ts":1741495434137,"action":"IDE_DEACTIVATED"}
{"ts":1741495440767,"action":"IDE_ACTIVATED"}
{"ts":1741495472387,"action":"FILE_CLOSED","file":"/Library/PackageCache/com.oni_sakana.fries/Fries/Inspector/AnInspector.cs","tags":{"FILE_LINE_OF_CODE":"136"}}
{"ts":1741495472387,"action":"FILE_OPENED","file":"/Assets/Scripts/DialogueSystem/ComplexStaticDialogue.cs","tags":{"FILE_LINE_OF_CODE":"54"}}
{"ts":1741495502365,"action":"FILE_CLOSED","file":"/Assets/Scripts/DialogueSystem/ComplexStaticDialogue.cs","tags":{"FILE_LINE_OF_CODE":"55"}}
{"ts":1741495502365,"action":"FILE_OPENED","file":"/Assets/Scripts/DialogueSystem/ComplexStaticDialogueStructures.cs","tags":{"FILE_LINE_OF_CODE":"154"}}
{"ts":1741495577008,"action":"FILE_CLOSED","file":"/Assets/Scripts/DialogueSystem/ComplexStaticDialogueStructures.cs","tags":{"FILE_LINE_OF_CODE":"162"}}
{"ts":1741495577008,"action":"FILE_OPENED","file":"/Library/PackageCache/com.oni_sakana.fries/Fries/Inspector/SerializableSysObject.cs","tags":{"FILE_LINE_OF_CODE":"21"}}
{"ts":1741495585467,"action":"FILE_CLOSED","file":"/Library/PackageCache/com.oni_sakana.fries/Fries/Inspector/SerializableSysObject.cs","tags":{"FILE_LINE_OF_CODE":"21"}}
{"ts":1741495585467,"action":"FILE_OPENED","file":"/Library/PackageCache/com.oni_sakana.fries/Fries/Inspector/GameObjectBoxField/GameObjectBox.cs","tags":{"FILE_LINE_OF_CODE":"20"}}
{"ts":1741495588302,"action":"FILE_CLOSED","file":"/Library/PackageCache/com.oni_sakana.fries/Fries/Inspector/GameObjectBoxField/GameObjectBox.cs","tags":{"FILE_LINE_OF_CODE":"20"}}
{"ts":1741495588302,"action":"FILE_OPENED","file":"/Library/PackageCache/com.oni_sakana.fries/Fries/Inspector/GameObjectBoxField/GameObjectBoxes.cs","tags":{"FILE_LINE_OF_CODE":"16"}}
{"ts":1741495591920,"action":"FILE_CLOSED","file":"/Library/PackageCache/com.oni_sakana.fries/Fries/Inspector/GameObjectBoxField/GameObjectBoxes.cs","tags":{"FILE_LINE_OF_CODE":"16"}}
{"ts":1741495591920,"action":"FILE_OPENED","file":"/Assets/Scripts/DialogueSystem/ComplexStaticDialogueStructures.cs","tags":{"FILE_LINE_OF_CODE":"162"}}
{"ts":1741495640201,"action":"FILE_CLOSED","file":"/Assets/Scripts/DialogueSystem/ComplexStaticDialogueStructures.cs","tags":{"FILE_LINE_OF_CODE":"166"}}
{"ts":1741495640201,"action":"FILE_OPENED","file":"/Assets/Scripts/DialogueSystem/ComplexStaticDialogue.cs","tags":{"FILE_LINE_OF_CODE":"55"}}
{"ts":1741495652604,"action":"FILE_CLOSED","file":"/Assets/Scripts/DialogueSystem/ComplexStaticDialogue.cs","tags":{"FILE_LINE_OF_CODE":"55"}}
{"ts":1741495652604,"action":"FILE_OPENED","file":"/Assets/Scripts/DialogueSystem/ComplexStaticDialogueStructures.cs","tags":{"FILE_LINE_OF_CODE":"166"}}
{"ts":1741495683268,"action":"FILE_CLOSED","file":"/Assets/Scripts/DialogueSystem/ComplexStaticDialogueStructures.cs","tags":{"FILE_LINE_OF_CODE":"170"}}
{"ts":1741495683268,"action":"FILE_OPENED","file":"/Assets/Scripts/DialogueSystem/ComplexStaticDialogue.cs","tags":{"FILE_LINE_OF_CODE":"55"}}
{"ts":1741495687345,"action":"IDE_DEACTIVATED"}
{"ts":1741495696878,"action":"IDE_ACTIVATED"}
{"ts":1741495708548,"action":"IDE_DEACTIVATED"}
{"ts":1741495751118,"action":"IDE_ACTIVATED"}
{"ts":1741495751194,"action":"FILE_CLOSED","file":"/Assets/Scripts/DialogueSystem/ComplexStaticDialogue.cs","tags":{"FILE_LINE_OF_CODE":"56"}}
{"ts":1741495751194,"action":"FILE_OPENED","file":"/Library/PackageCache/com.oni_sakana.fries/Fries/Inspector/AnInspector.cs","tags":{"FILE_LINE_OF_CODE":"136"}}
{"ts":1741495762068,"action":"IDE_DEACTIVATED"}
{"ts":1741495762274,"action":"IDE_ACTIVATED"}
{"ts":1741495765289,"action":"IDE_DEACTIVATED"}
{"ts":1741495767616,"action":"IDE_ACTIVATED"}
{"ts":1741495791394,"action":"IDE_DEACTIVATED"}
{"ts":1741495799445,"action":"IDE_ACTIVATED"}
{"ts":1741495825776,"action":"FILE_CLOSED","file":"/Library/PackageCache/com.oni_sakana.fries/Fries/Inspector/AnInspector.cs","tags":{"FILE_LINE_OF_CODE":"136"}}
{"ts":1741495825777,"action":"FILE_OPENED","file":"/Library/PackageCache/com.oni_sakana.fries/Fries/Inspector/RefUnionDrawer.cs","tags":{"FILE_LINE_OF_CODE":"112"}}
{"ts":1741495973975,"action":"FILE_CLOSED","file":"/Library/PackageCache/com.oni_sakana.fries/Fries/Inspector/RefUnionDrawer.cs","tags":{"FILE_LINE_OF_CODE":"112"}}
{"ts":1741495973975,"action":"FILE_OPENED","file":"/Assets/Scripts/DialogueSystem/ComplexStaticDialogueStructures.cs","tags":{"FILE_LINE_OF_CODE":"170"}}
{"ts":1741496051009,"action":"IDE_DEACTIVATED"}
{"ts":1741496119491,"action":"IDE_ACTIVATED"}
{"ts":1741496125139,"action":"FILE_CLOSED","file":"/Assets/Scripts/DialogueSystem/ComplexStaticDialogueStructures.cs","tags":{"FILE_LINE_OF_CODE":"171"}}
{"ts":1741496125139,"action":"FILE_OPENED","file":"/Library/PackageCache/com.oni_sakana.fries/Fries/Inspector/AnInspector.cs","tags":{"FILE_LINE_OF_CODE":"136"}}
{"ts":1741496131938,"action":"FILE_CLOSED","file":"/Library/PackageCache/com.oni_sakana.fries/Fries/Inspector/AnInspector.cs","tags":{"FILE_LINE_OF_CODE":"136"}}
{"ts":1741496131938,"action":"FILE_OPENED","file":"/Assets/Scripts/DialogueSystem/ComplexStaticDialogueStructures.cs","tags":{"FILE_LINE_OF_CODE":"171"}}
{"ts":1741496139209,"action":"FILE_CLOSED","file":"/Assets/Scripts/DialogueSystem/ComplexStaticDialogueStructures.cs","tags":{"FILE_LINE_OF_CODE":"171"}}
{"ts":1741496139209,"action":"FILE_OPENED","file":"/Assets/Scripts/DialogueSystem/ComplexStaticDialogue.cs","tags":{"FILE_LINE_OF_CODE":"56"}}
{"ts":1741496144253,"action":"IDE_DEACTIVATED"}
{"ts":1741496158528,"action":"IDE_ACTIVATED"}
{"ts":1741496167217,"action":"FILE_CLOSED","file":"/Assets/Scripts/DialogueSystem/ComplexStaticDialogue.cs","tags":{"FILE_LINE_OF_CODE":"56"}}
{"ts":1741496167217,"action":"FILE_OPENED","file":"/Assets/Scripts/DialogueSystem/ComplexStaticDialogueStructures.cs","tags":{"FILE_LINE_OF_CODE":"171"}}
{"ts":1741496263098,"action":"IDE_DEACTIVATED"}
{"ts":1741496265280,"action":"IDE_ACTIVATED"}
{"ts":1741496556088,"action":"IDE_DEACTIVATED"}
{"ts":1741496681250,"action":"IDE_ACTIVATED"}
{"ts":1741496681363,"action":"FILE_CLOSED","file":"/Assets/Scripts/DialogueSystem/ComplexStaticDialogueStructures.cs","tags":{"FILE_LINE_OF_CODE":"172"}}
{"ts":1741496681363,"action":"FILE_OPENED","file":"/Library/PackageCache/com.oni_sakana.fries/Fries/Inspector/AnInspector.cs","tags":{"FILE_LINE_OF_CODE":"135"}}
{"ts":1741496687009,"action":"FILE_CLOSED","file":"/Library/PackageCache/com.oni_sakana.fries/Fries/Inspector/AnInspector.cs","tags":{"FILE_LINE_OF_CODE":"135"}}
{"ts":1741496687009,"action":"FILE_OPENED","file":"/Assets/Scripts/DialogueSystem/ComplexStaticDialogueStructures.cs","tags":{"FILE_LINE_OF_CODE":"172"}}
{"ts":1741496697263,"action":"IDE_DEACTIVATED"}
{"ts":1741496843896,"action":"IDE_ACTIVATED"}
{"ts":1741496875062,"action":"IDE_DEACTIVATED"}
{"ts":1741496882480,"action":"IDE_ACTIVATED"}
{"ts":1741496894612,"action":"IDE_DEACTIVATED"}
{"ts":1741496912685,"action":"IDE_ACTIVATED"}
{"ts":1741496915767,"action":"FILE_CLOSED","file":"/Assets/Scripts/DialogueSystem/ComplexStaticDialogueStructures.cs","tags":{"FILE_LINE_OF_CODE":"172"}}
{"ts":1741496915768,"action":"FILE_OPENED","file":"/Library/PackageCache/com.oni_sakana.fries/Fries/Inspector/RefUnionDrawer.cs","tags":{"FILE_LINE_OF_CODE":"111"}}
{"ts":1741496946968,"action":"FILE_CLOSED","file":"/Library/PackageCache/com.oni_sakana.fries/Fries/Inspector/RefUnionDrawer.cs","tags":{"FILE_LINE_OF_CODE":"111"}}
{"ts":1741496946968,"action":"FILE_OPENED","file":"/Library/PackageCache/com.oni_sakana.fries/Fries/Inspector/SerializedPropertyExtensions.cs","tags":{"FILE_LINE_OF_CODE":"74"}}
{"ts":1741496949875,"action":"IDE_DEACTIVATED"}
{"ts":1741496951196,"action":"IDE_ACTIVATED"}
{"ts":1741496977285,"action":"IDE_DEACTIVATED"}
{"ts":1741496981073,"action":"IDE_ACTIVATED"}
{"ts":1741496986932,"action":"IDE_DEACTIVATED"}
{"ts":1741497026492,"action":"IDE_ACTIVATED"}
{"ts":1741497031390,"action":"IDE_DEACTIVATED"}
{"ts":1741497032501,"action":"IDE_ACTIVATED"}
{"ts":1741497035964,"action":"FILE_CLOSED","file":"/Library/PackageCache/com.oni_sakana.fries/Fries/Inspector/SerializedPropertyExtensions.cs","tags":{"FILE_LINE_OF_CODE":"74"}}
{"ts":1741497035964,"action":"FILE_OPENED","file":"/Assets/Scripts/DialogueSystem/ComplexStaticDialogue.cs","tags":{"FILE_LINE_OF_CODE":"56"}}
{"ts":1741497040715,"action":"IDE_DEACTIVATED"}
{"ts":1741497053855,"action":"IDE_ACTIVATED"}
{"ts":1741497083777,"action":"FILE_CLOSED","file":"/Assets/Scripts/DialogueSystem/ComplexStaticDialogue.cs","tags":{"FILE_LINE_OF_CODE":"56"}}
{"ts":1741497083777,"action":"FILE_OPENED","file":"/Assets/Scripts/DialogueSystem/ComplexStaticDialogueStructures.cs","tags":{"FILE_LINE_OF_CODE":"172"}}
{"ts":1741497098374,"action":"IDE_DEACTIVATED"}
{"ts":1741497104211,"action":"IDE_ACTIVATED"}
{"ts":1741497109184,"action":"IDE_DEACTIVATED"}
{"ts":1741497167055,"action":"IDE_ACTIVATED"}
{"ts":1741497189418,"action":"IDE_DEACTIVATED"}
{"ts":1741497209490,"action":"IDE_ACTIVATED"}
{"ts":1741497216702,"action":"IDE_DEACTIVATED"}
{"ts":1741497218166,"action":"IDE_ACTIVATED"}
{"ts":1741497226531,"action":"IDE_DEACTIVATED"}
{"ts":1741497234589,"action":"IDE_ACTIVATED"}
{"ts":1741497264102,"action":"IDE_DEACTIVATED"}
{"ts":1741497271990,"action":"IDE_ACTIVATED"}
{"ts":1741497275968,"action":"IDE_DEACTIVATED"}
{"ts":1741497575433,"action":"FILE_CLOSED","file":"/Assets/Scripts/DialogueSystem/ComplexStaticDialogueStructures.cs","tags":{"FILE_LINE_OF_CODE":"172"}}
{"ts":1741497575433,"action":"FILE_OPENED","file":"/Library/PackageCache/com.oni_sakana.fries/Fries/Inspector/AnInspector.cs","tags":{"FILE_LINE_OF_CODE":"135"}}
{"ts":1741497575478,"action":"IDE_ACTIVATED"}
{"ts":1741497635903,"action":"IDE_DEACTIVATED"}
{"ts":1741497636169,"action":"IDE_ACTIVATED"}
{"ts":1741497649502,"action":"FILE_CLOSED","file":"/Library/PackageCache/com.oni_sakana.fries/Fries/Inspector/AnInspector.cs","tags":{"FILE_LINE_OF_CODE":"135"}}
{"ts":1741497651185,"action":"FILE_OPENED","file":"/Library/PackageCache/com.oni_sakana.fries/Fries/Inspector/AnInspector.cs","tags":{"FILE_LINE_OF_CODE":"135"}}
{"ts":1741497666125,"action":"FILE_CLOSED","file":"/Library/PackageCache/com.oni_sakana.fries/Fries/Inspector/AnInspector.cs","tags":{"FILE_LINE_OF_CODE":"135"}}
{"ts":1741497666125,"action":"FILE_OPENED","file":"/Assets/Scripts/DialogueSystem/ComplexStaticDialogue.cs","tags":{"FILE_LINE_OF_CODE":"56"}}
{"ts":1741497673681,"action":"FILE_CLOSED","file":"/Assets/Scripts/DialogueSystem/ComplexStaticDialogue.cs","tags":{"FILE_LINE_OF_CODE":"56"}}
{"ts":1741497673681,"action":"FILE_OPENED","file":"/Library/PackageCache/com.oni_sakana.fries/Fries/Inspector/AnInspector.cs","tags":{"FILE_LINE_OF_CODE":"135"}}
{"ts":1741497797496,"action":"IDE_DEACTIVATED"}
{"ts":1741497800760,"action":"IDE_ACTIVATED"}
{"ts":1741497825018,"action":"IDE_DEACTIVATED"}
{"ts":1741497899719,"action":"IDE_ACTIVATED"}
{"ts":1741497903973,"action":"IDE_DEACTIVATED"}
{"ts":1741497910318,"action":"IDE_ACTIVATED"}
{"ts":1741497911281,"action":"IDE_DEACTIVATED"}
{"ts":1741497918945,"action":"IDE_ACTIVATED"}
{"ts":1741497929461,"action":"IDE_DEACTIVATED"}
{"ts":1741497931203,"action":"IDE_ACTIVATED"}
{"ts":1741497946559,"action":"IDE_DEACTIVATED"}
{"ts":1741497955017,"action":"IDE_ACTIVATED"}
{"ts":1741497955686,"action":"IDE_DEACTIVATED"}
{"ts":1741498019162,"action":"FILE_CLOSED","file":"/Library/PackageCache/com.oni_sakana.fries/Fries/Inspector/AnInspector.cs","tags":{"FILE_LINE_OF_CODE":"134"}}
{"ts":1741498019162,"action":"FILE_OPENED","file":"/Library/PackageCache/com.oni_sakana.fries/Fries/Inspector/RefUnionDrawer.cs","tags":{"FILE_LINE_OF_CODE":"112"}}
{"ts":1741498019186,"action":"IDE_ACTIVATED"}
{"ts":1741498034712,"action":"IDE_DEACTIVATED"}
{"ts":1741498035118,"action":"IDE_ACTIVATED"}
{"ts":1741498066355,"action":"IDE_DEACTIVATED"}
{"ts":1741498066618,"action":"IDE_ACTIVATED"}
{"ts":1741498073143,"action":"IDE_DEACTIVATED"}
{"ts":1741498073330,"action":"IDE_ACTIVATED"}
{"ts":1741498073695,"action":"IDE_DEACTIVATED"}
{"ts":1741498073880,"action":"IDE_ACTIVATED"}
{"ts":1741498164768,"action":"FILE_CLOSED","file":"/Library/PackageCache/com.oni_sakana.fries/Fries/Inspector/RefUnionDrawer.cs","tags":{"FILE_LINE_OF_CODE":"112"}}
{"ts":1741498164768,"action":"FILE_OPENED","file":"/Assets/Scripts/DialogueSystem/ComplexStaticDialogue.cs","tags":{"FILE_LINE_OF_CODE":"56"}}
{"ts":1741498186101,"action":"FILE_CLOSED","file":"/Assets/Scripts/DialogueSystem/ComplexStaticDialogue.cs","tags":{"FILE_LINE_OF_CODE":"56"}}
{"ts":1741498186101,"action":"FILE_OPENED","file":"/Library/PackageCache/com.oni_sakana.fries/Fries/Inspector/SerializedPropertyExtensions.cs","tags":{"FILE_LINE_OF_CODE":"74"}}
{"ts":1741498200390,"action":"FILE_CLOSED","file":"/Library/PackageCache/com.oni_sakana.fries/Fries/Inspector/SerializedPropertyExtensions.cs","tags":{"FILE_LINE_OF_CODE":"74"}}
{"ts":1741498200390,"action":"FILE_OPENED","file":"/Assets/Scripts/DialogueSystem/ComplexStaticDialogue.cs","tags":{"FILE_LINE_OF_CODE":"56"}}
{"ts":1741498211430,"action":"FILE_CLOSED","file":"/Assets/Scripts/DialogueSystem/ComplexStaticDialogue.cs","tags":{"FILE_LINE_OF_CODE":"56"}}
{"ts":1741498211430,"action":"FILE_OPENED","file":"/Library/PackageCache/com.oni_sakana.fries/Fries/Inspector/RefUnionDrawer.cs","tags":{"FILE_LINE_OF_CODE":"112"}}
{"ts":1741498263424,"action":"IDE_DEACTIVATED"}
{"ts":1741498265423,"action":"IDE_ACTIVATED"}
{"ts":1741498288700,"action":"IDE_DEACTIVATED"}
{"ts":1741498293162,"action":"IDE_ACTIVATED"}
{"ts":1741498422913,"action":"IDE_DEACTIVATED"}
{"ts":1741498436374,"action":"IDE_ACTIVATED"}
{"ts":1741498439870,"action":"IDE_DEACTIVATED"}
{"ts":1741498524595,"action":"IDE_ACTIVATED"}
{"ts":1741498581557,"action":"IDE_DEACTIVATED"}
{"ts":1741498581813,"action":"IDE_ACTIVATED"}
{"ts":1741498592254,"action":"IDE_DEACTIVATED"}
{"ts":1741498595902,"action":"IDE_ACTIVATED"}
{"ts":1741498636069,"action":"IDE_DEACTIVATED"}
{"ts":1741498637856,"action":"IDE_ACTIVATED"}
{"ts":1741498681433,"action":"IDE_DEACTIVATED"}
{"ts":1741498685691,"action":"IDE_ACTIVATED"}
{"ts":1741498690295,"action":"IDE_DEACTIVATED"}
{"ts":1741498809110,"action":"IDE_ACTIVATED"}
{"ts":1741498825112,"action":"IDE_DEACTIVATED"}
{"ts":1741498825399,"action":"IDE_ACTIVATED"}
{"ts":1741498842168,"action":"IDE_DEACTIVATED"}
{"ts":1741498925867,"action":"IDE_ACTIVATED"}
{"ts":1741499046182,"action":"IDE_DEACTIVATED"}
{"ts":1741499047578,"action":"IDE_ACTIVATED"}
{"ts":1741499061263,"action":"IDE_DEACTIVATED"}
{"ts":1741499069241,"action":"IDE_ACTIVATED"}
{"ts":1741499112192,"action":"FILE_CLOSED","file":"/Library/PackageCache/com.oni_sakana.fries/Fries/Inspector/RefUnionDrawer.cs","tags":{"FILE_LINE_OF_CODE":"115"}}
{"ts":1741499112192,"action":"FILE_OPENED","file":"/Library/PackageCache/com.oni_sakana.fries/Fries/Inspector/KeyValuePairPropertyDrawer.cs","tags":{"FILE_LINE_OF_CODE":"61"}}
{"ts":1741499123178,"action":"IDE_DEACTIVATED"}
{"ts":1741499123469,"action":"IDE_ACTIVATED"}
{"ts":1741499281985,"action":"IDE_DEACTIVATED"}
{"ts":1741499301470,"action":"IDE_ACTIVATED"}
{"ts":1741499313461,"action":"FILE_CLOSED","file":"/Library/PackageCache/com.oni_sakana.fries/Fries/Inspector/KeyValuePairPropertyDrawer.cs","tags":{"FILE_LINE_OF_CODE":"61"}}
{"ts":1741499313461,"action":"FILE_OPENED","file":"/Library/PackageCache/com.oni_sakana.fries/Fries/Inspector/RefUnionDrawer.cs","tags":{"FILE_LINE_OF_CODE":"115"}}
{"ts":1741499452646,"action":"FILE_CLOSED","file":"/Library/PackageCache/com.oni_sakana.fries/Fries/Inspector/RefUnionDrawer.cs","tags":{"FILE_LINE_OF_CODE":"115"}}
{"ts":1741499452646,"action":"FILE_OPENED","file":"/Assets/Scripts/DialogueSystem/ComplexStaticDialogue.cs","tags":{"FILE_LINE_OF_CODE":"56"}}
{"ts":1741499454112,"action":"FILE_CLOSED","file":"/Assets/Scripts/DialogueSystem/ComplexStaticDialogue.cs","tags":{"FILE_LINE_OF_CODE":"56"}}
{"ts":1741499454112,"action":"FILE_OPENED","file":"/Assets/Scripts/DialogueSystem/ComplexStaticDialogueStructures.cs","tags":{"FILE_LINE_OF_CODE":"172"}}
{"ts":1741499479442,"action":"IDE_DEACTIVATED"}
{"ts":1741499570313,"action":"IDE_ACTIVATED"}
{"ts":1741499570354,"action":"FILE_CLOSED","file":"/Assets/Scripts/DialogueSystem/ComplexStaticDialogueStructures.cs","tags":{"FILE_LINE_OF_CODE":"174"}}
{"ts":1741499570355,"action":"FILE_OPENED","file":"/Library/PackageCache/com.oni_sakana.fries/Fries/Inspector/SerializedPropertyExtensions.cs","tags":{"FILE_LINE_OF_CODE":"74"}}
{"ts":1741499587089,"action":"IDE_DEACTIVATED"}
{"ts":1741499654486,"action":"IDE_ACTIVATED"}
{"ts":1741499671109,"action":"IDE_DEACTIVATED"}
{"ts":1741499677501,"action":"IDE_ACTIVATED"}
{"ts":1741499681783,"action":"IDE_DEACTIVATED"}
{"ts":1741499720642,"action":"IDE_ACTIVATED"}
{"ts":1741499720754,"action":"FILE_CLOSED","file":"/Library/PackageCache/com.oni_sakana.fries/Fries/Inspector/SerializedPropertyExtensions.cs","tags":{"FILE_LINE_OF_CODE":"74"}}
{"ts":1741499720754,"action":"FILE_OPENED","file":"/Library/PackageCache/com.oni_sakana.fries/Fries/Inspector/KeyValuePairPropertyDrawer.cs","tags":{"FILE_LINE_OF_CODE":"61"}}
{"ts":1741499734974,"action":"FILE_CLOSED","file":"/Library/PackageCache/com.oni_sakana.fries/Fries/Inspector/KeyValuePairPropertyDrawer.cs","tags":{"FILE_LINE_OF_CODE":"61"}}
{"ts":1741499734974,"action":"FILE_OPENED","file":"/Library/PackageCache/com.oni_sakana.fries/Fries/Inspector/RefUnionDrawer.cs","tags":{"FILE_LINE_OF_CODE":"115"}}
{"ts":1741499754674,"action":"FILE_CLOSED","file":"/Library/PackageCache/com.oni_sakana.fries/Fries/Inspector/RefUnionDrawer.cs","tags":{"FILE_LINE_OF_CODE":"115"}}
{"ts":1741499756296,"action":"FILE_OPENED","file":"/Library/PackageCache/com.oni_sakana.fries/Fries/Inspector/RefUnionDrawer.cs","tags":{"FILE_LINE_OF_CODE":"115"}}
{"ts":1741499763317,"action":"FILE_CLOSED","file":"/Library/PackageCache/com.oni_sakana.fries/Fries/Inspector/RefUnionDrawer.cs","tags":{"FILE_LINE_OF_CODE":"115"}}
{"ts":1741499763317,"action":"FILE_OPENED","file":"/Library/PackageCache/com.oni_sakana.fries/Fries/Inspector/SerializedPropertyExtensions.cs","tags":{"FILE_LINE_OF_CODE":"74"}}
{"ts":1741499777754,"action":"IDE_DEACTIVATED"}
{"ts":1741499781938,"action":"IDE_ACTIVATED"}
{"ts":1741500070439,"action":"IDE_DEACTIVATED"}
{"ts":1741500086138,"action":"IDE_ACTIVATED"}
{"ts":1741500090963,"action":"IDE_DEACTIVATED"}
{"ts":1741500237792,"action":"FILE_CLOSED","file":"/Library/PackageCache/com.oni_sakana.fries/Fries/Inspector/SerializedPropertyExtensions.cs","tags":{"FILE_LINE_OF_CODE":"76"}}
{"ts":1741500237792,"action":"FILE_OPENED","file":"/Assets/Scripts/DialogueSystem/ComplexStaticDialogueStructures.cs","tags":{"FILE_LINE_OF_CODE":"174"}}
{"ts":1741500237837,"action":"IDE_ACTIVATED"}
{"ts":1741500242099,"action":"IDE_DEACTIVATED"}
{"ts":1741500536964,"action":"IDE_ACTIVATED"}
{"ts":1741500537230,"action":"FILE_CLOSED","file":"/Assets/Scripts/DialogueSystem/ComplexStaticDialogueStructures.cs","tags":{"FILE_LINE_OF_CODE":"173"}}
{"ts":1741500537230,"action":"FILE_OPENED","file":"/Library/PackageCache/com.oni_sakana.fries/Fries/Inspector/AnInspector.cs","tags":{"FILE_LINE_OF_CODE":"135"}}
{"ts":1741500593052,"action":"IDE_DEACTIVATED"}
{"ts":1741500612813,"action":"IDE_ACTIVATED"}
{"ts":1741500631949,"action":"FILE_CLOSED","file":"/Library/PackageCache/com.oni_sakana.fries/Fries/Inspector/AnInspector.cs","tags":{"FILE_LINE_OF_CODE":"135"}}
{"ts":1741500631949,"action":"FILE_OPENED","file":"/Assets/Scripts/DialogueSystem/ComplexStaticDialogueStructures.cs","tags":{"FILE_LINE_OF_CODE":"173"}}
{"ts":1741500760858,"action":"FILE_CLOSED","file":"/Assets/Scripts/DialogueSystem/ComplexStaticDialogueStructures.cs","tags":{"FILE_LINE_OF_CODE":"116"}}
{"ts":1741500760858,"action":"FILE_OPENED","file":"/Assets/Scripts/DialogueSystem/ComplexStaticDialogue.cs","tags":{"FILE_LINE_OF_CODE":"56"}}
{"ts":1741500774384,"action":"IDE_DEACTIVATED"}
{"ts":1741501438094,"action":"IDE_ACTIVATED"}
{"ts":1741501438243,"action":"FILE_CLOSED","file":"/Assets/Scripts/DialogueSystem/ComplexStaticDialogue.cs","tags":{"FILE_LINE_OF_CODE":"38"}}
{"ts":1741501438243,"action":"FILE_OPENED","file":"/Assets/Scripts/Grid/EditorSnapToGridButton.cs","tags":{"FILE_LINE_OF_CODE":"38"}}
{"ts":1741501445879,"action":"IDE_DEACTIVATED"}
{"ts":1741501759294,"action":"IDE_ACTIVATED"}
{"ts":1741501775884,"action":"IDE_DEACTIVATED"}
{"ts":1741626360719,"action":"IDE_ACTIVATED"}
{"ts":1741626375856,"action":"IDE_DEACTIVATED"}
{"ts":1741626406280,"action":"IDE_ACTIVATED"}
{"ts":1741626417231,"action":"IDE_DEACTIVATED"}
{"ts":1741626448743,"action":"IDE_ACTIVATED"}
{"ts":1741626665358,"action":"FILE_CLOSED","file":"/Assets/Scripts/Grid/EditorSnapToGridButton.cs","tags":{"FILE_LINE_OF_CODE":"43"}}
{"ts":1741626665358,"action":"FILE_OPENED","file":"/Assets/Scripts/DialogueSystem/CommandManager.cs","tags":{"FILE_LINE_OF_CODE":"5"}}
{"ts":1741626846000,"action":"IDE_DEACTIVATED"}
{"ts":1741626861322,"action":"IDE_ACTIVATED"}
{"ts":1741626862482,"action":"IDE_DEACTIVATED"}
{"ts":1741626863226,"action":"IDE_ACTIVATED"}
{"ts":1741626869421,"action":"IDE_DEACTIVATED"}
{"ts":1741626897767,"action":"IDE_ACTIVATED"}
{"ts":1741626901937,"action":"IDE_DEACTIVATED"}
{"ts":1741626904159,"action":"IDE_ACTIVATED"}
{"ts":1741626909822,"action":"IDE_DEACTIVATED"}
{"ts":1741626910681,"action":"IDE_ACTIVATED"}
{"ts":1741626957517,"action":"IDE_DEACTIVATED"}
{"ts":1741627392019,"action":"IDE_ACTIVATED"}
{"ts":1741627403170,"action":"FILE_CLOSED","file":"/Assets/Scripts/DialogueSystem/CommandManager.cs","tags":{"FILE_LINE_OF_CODE":"11"}}
{"ts":1741627403170,"action":"FILE_OPENED","file":"/Assets/Scripts/DialogueSystem/CommandAttribute.cs","tags":{"FILE_LINE_OF_CODE":"5"}}
{"ts":1741627420017,"action":"IDE_DEACTIVATED"}
{"ts":1741627434483,"action":"IDE_ACTIVATED"}
{"ts":1741627437578,"action":"FILE_CLOSED","file":"/Assets/Scripts/DialogueSystem/CommandAttribute.cs","tags":{"FILE_LINE_OF_CODE":"13"}}
{"ts":1741627437579,"action":"FILE_OPENED","file":"/Assets/Scripts/DialogueSystem/CommandManager.cs","tags":{"FILE_LINE_OF_CODE":"11"}}
{"ts":1741627451512,"action":"IDE_DEACTIVATED"}
{"ts":1741627460452,"action":"IDE_ACTIVATED"}
{"ts":1741627515656,"action":"IDE_DEACTIVATED"}
{"ts":1741637528569,"action":"IDE_ACTIVATED"}
{"ts":1741637911914,"action":"FILE_CLOSED","file":"/Assets/Scripts/DialogueSystem/CommandManager.cs","tags":{"FILE_LINE_OF_CODE":"80"}}
{"ts":1741637911914,"action":"FILE_OPENED","file":"/Assets/Scripts/DialogueSystem/DialogueCommands.cs","tags":{"FILE_LINE_OF_CODE":"5"}}
{"ts":1741637967572,"action":"FILE_CLOSED","file":"/Assets/Scripts/DialogueSystem/DialogueCommands.cs","tags":{"FILE_LINE_OF_CODE":"11"}}
{"ts":1741637967572,"action":"FILE_OPENED","file":"/Assets/Scripts/DialogueSystem/CommandManager.cs","tags":{"FILE_LINE_OF_CODE":"80"}}
{"ts":1741637987978,"action":"FILE_CLOSED","file":"/Assets/Scripts/DialogueSystem/CommandManager.cs","tags":{"FILE_LINE_OF_CODE":"80"}}
{"ts":1741637987978,"action":"FILE_OPENED","file":"/Assets/Scripts/DialogueSystem/DialogueCommands.cs","tags":{"FILE_LINE_OF_CODE":"11"}}
{"ts":1741638053321,"action":"IDE_DEACTIVATED"}
{"ts":1741638118858,"action":"IDE_ACTIVATED"}
{"ts":1741638124592,"action":"IDE_DEACTIVATED"}
{"ts":1741638200195,"action":"IDE_ACTIVATED"}
{"ts":1741638204205,"action":"IDE_DEACTIVATED"}
{"ts":1741638474579,"action":"IDE_ACTIVATED"}
{"ts":1741638477922,"action":"FILE_CLOSED","file":"/Assets/Scripts/DialogueSystem/DialogueCommands.cs","tags":{"FILE_LINE_OF_CODE":"11"}}
{"ts":1741638477922,"action":"FILE_OPENED","file":"/Assets/Scripts/DialogueSystem/CommandManager.cs","tags":{"FILE_LINE_OF_CODE":"80"}}
{"ts":1741638497567,"action":"FILE_CLOSED","file":"/Assets/Scripts/DialogueSystem/CommandManager.cs","tags":{"FILE_LINE_OF_CODE":"80"}}
{"ts":1741638497567,"action":"FILE_OPENED","file":"/Assets/Scripts/Grid/EditorSnapToGridButton.cs","tags":{"FILE_LINE_OF_CODE":"38"}}
{"ts":1741638502726,"action":"IDE_DEACTIVATED"}
{"ts":1741638514307,"action":"IDE_ACTIVATED"}
{"ts":1741638516941,"action":"IDE_DEACTIVATED"}
{"ts":1741638520385,"action":"IDE_ACTIVATED"}
{"ts":1741638550223,"action":"IDE_DEACTIVATED"}
{"ts":1741638552619,"action":"IDE_ACTIVATED"}
{"ts":1741638553494,"action":"IDE_DEACTIVATED"}
{"ts":1741638575914,"action":"IDE_ACTIVATED"}
{"ts":1741638579307,"action":"FILE_CLOSED","file":"/Assets/Scripts/Grid/EditorSnapToGridButton.cs","tags":{"FILE_LINE_OF_CODE":"38"}}
{"ts":1741638579307,"action":"FILE_OPENED","file":"/Assets/Scripts/DialogueSystem/CommandManager.cs","tags":{"FILE_LINE_OF_CODE":"80"}}
{"ts":1741638612015,"action":"FILE_CLOSED","file":"/Assets/Scripts/DialogueSystem/CommandManager.cs","tags":{"FILE_LINE_OF_CODE":"80"}}
{"ts":1741638612015,"action":"FILE_OPENED","file":"/Assets/Scripts/Grid/EditorSnapToGridButton.cs","tags":{"FILE_LINE_OF_CODE":"38"}}
{"ts":1741638621075,"action":"FILE_CLOSED","file":"/Assets/Scripts/Grid/EditorSnapToGridButton.cs","tags":{"FILE_LINE_OF_CODE":"38"}}
{"ts":1741638621075,"action":"FILE_OPENED","file":"/Assets/Scripts/DialogueSystem/CommandManager.cs","tags":{"FILE_LINE_OF_CODE":"80"}}
{"ts":1741638636127,"action":"IDE_DEACTIVATED"}
{"ts":1741638688887,"action":"IDE_ACTIVATED"}
{"ts":1741638693952,"action":"IDE_DEACTIVATED"}
{"ts":1741638700457,"action":"IDE_ACTIVATED"}
{"ts":1741638721259,"action":"IDE_DEACTIVATED"}
{"ts":1741638722686,"action":"IDE_ACTIVATED"}
{"ts":1741638731124,"action":"FILE_CLOSED","file":"/Assets/Scripts/DialogueSystem/CommandManager.cs","tags":{"FILE_LINE_OF_CODE":"80"}}
{"ts":1741638734161,"action":"FILE_OPENED","file":"/Assets/Scripts/DialogueSystem/CommandManager.cs","tags":{"FILE_LINE_OF_CODE":"80"}}
{"ts":1741638764157,"action":"IDE_DEACTIVATED"}
{"ts":1741638771519,"action":"IDE_ACTIVATED"}
{"ts":1741638772300,"action":"FILE_CLOSED","file":"/Assets/Scripts/DialogueSystem/CommandManager.cs","tags":{"FILE_LINE_OF_CODE":"80"}}
{"ts":1741638772300,"action":"FILE_OPENED","file":"/Assets/Scripts/Grid/EditorSnapToGridButton.cs","tags":{"FILE_LINE_OF_CODE":"38"}}
{"ts":1741638775520,"action":"FILE_CLOSED","file":"/Assets/Scripts/Grid/EditorSnapToGridButton.cs","tags":{"FILE_LINE_OF_CODE":"38"}}
{"ts":1741638775520,"action":"FILE_OPENED","file":"/Assets/Scripts/DialogueSystem/DialogueCommands.cs","tags":{"FILE_LINE_OF_CODE":"11"}}
{"ts":1741639037056,"action":"FILE_CLOSED","file":"/Assets/Scripts/DialogueSystem/DialogueCommands.cs","tags":{"FILE_LINE_OF_CODE":"28"}}
{"ts":1741639037056,"action":"FILE_OPENED","file":"/Assets/Scripts/DialogueSystem/CommandManager.cs","tags":{"FILE_LINE_OF_CODE":"80"}}
{"ts":1741639061182,"action":"IDE_DEACTIVATED"}
{"ts":1741639068957,"action":"IDE_ACTIVATED"}
{"ts":1741639070114,"action":"FILE_CLOSED","file":"/Assets/Scripts/DialogueSystem/CommandManager.cs","tags":{"FILE_LINE_OF_CODE":"80"}}
{"ts":1741639070114,"action":"FILE_OPENED","file":"/Assets/Scripts/Grid/EditorSnapToGridButton.cs","tags":{"FILE_LINE_OF_CODE":"38"}}
{"ts":1741639072248,"action":"FILE_CLOSED","file":"/Assets/Scripts/Grid/EditorSnapToGridButton.cs","tags":{"FILE_LINE_OF_CODE":"38"}}
{"ts":1741639072248,"action":"FILE_OPENED","file":"/Assets/Scripts/DialogueSystem/CommandManager.cs","tags":{"FILE_LINE_OF_CODE":"80"}}
{"ts":1741639075077,"action":"FILE_CLOSED","file":"/Assets/Scripts/DialogueSystem/CommandManager.cs","tags":{"FILE_LINE_OF_CODE":"80"}}
{"ts":1741639075077,"action":"FILE_OPENED","file":"/Assets/Scripts/DialogueSystem/DialogueCommands.cs","tags":{"FILE_LINE_OF_CODE":"28"}}
{"ts":1741639080726,"action":"IDE_DEACTIVATED"}
{"ts":1741639105392,"action":"IDE_ACTIVATED"}
{"ts":1741639105517,"action":"FILE_CLOSED","file":"/Assets/Scripts/DialogueSystem/DialogueCommands.cs","tags":{"FILE_LINE_OF_CODE":"28"}}
{"ts":1741639105517,"action":"FILE_OPENED","file":"/Assets/Scripts/DialogueSystem/CommandManager.cs","tags":{"FILE_LINE_OF_CODE":"80"}}
{"ts":1741639150178,"action":"FILE_CLOSED","file":"/Assets/Scripts/DialogueSystem/CommandManager.cs","tags":{"FILE_LINE_OF_CODE":"80"}}
{"ts":1741639150178,"action":"FILE_OPENED","file":"/Assets/Scripts/Grid/EditorSnapToGridButton.cs","tags":{"FILE_LINE_OF_CODE":"38"}}
{"ts":1741639151694,"action":"FILE_CLOSED","file":"/Assets/Scripts/Grid/EditorSnapToGridButton.cs","tags":{"FILE_LINE_OF_CODE":"38"}}
{"ts":1741639151694,"action":"FILE_OPENED","file":"/Assets/Scripts/DialogueSystem/DialogueCommands.cs","tags":{"FILE_LINE_OF_CODE":"28"}}
{"ts":1741639309788,"action":"IDE_DEACTIVATED"}
{"ts":1741639315092,"action":"IDE_ACTIVATED"}
{"ts":1741639317116,"action":"IDE_DEACTIVATED"}
{"ts":1741639481440,"action":"IDE_ACTIVATED"}
{"ts":1741639483982,"action":"IDE_DEACTIVATED"}
{"ts":1741640285640,"action":"IDE_ACTIVATED"}
{"ts":1741640337819,"action":"IDE_DEACTIVATED"}
{"ts":1741642445923,"action":"IDE_ACTIVATED"}
{"ts":1741642447414,"action":"IDE_DEACTIVATED"}
{"ts":1741642448519,"action":"IDE_ACTIVATED"}
{"ts":1741642460538,"action":"FILE_CLOSED","file":"/Assets/Scripts/DialogueSystem/DialogueCommands.cs","tags":{"FILE_LINE_OF_CODE":"36"}}
{"ts":1741642460538,"action":"FILE_OPENED","file":"/Assets/Scripts/DialogueSystem/StaticDialogue.cs","tags":{"FILE_LINE_OF_CODE":"29"}}
{"ts":1741642480329,"action":"IDE_DEACTIVATED"}
{"ts":1741642514052,"action":"IDE_ACTIVATED"}
{"ts":1741642525389,"action":"IDE_DEACTIVATED"}
{"ts":1741642551601,"action":"IDE_ACTIVATED"}
{"ts":1741642565381,"action":"FILE_CLOSED","file":"/Assets/Scripts/DialogueSystem/StaticDialogue.cs","tags":{"FILE_LINE_OF_CODE":"29"}}
{"ts":1741642565381,"action":"FILE_OPENED","file":"/Assets/Scripts/DialogueSystem/CommandManager.cs","tags":{"FILE_LINE_OF_CODE":"80"}}
{"ts":1741642569617,"action":"FILE_CLOSED","file":"/Assets/Scripts/DialogueSystem/CommandManager.cs","tags":{"FILE_LINE_OF_CODE":"80"}}
{"ts":1741642569617,"action":"FILE_OPENED","file":"/Assets/Scripts/DialogueSystem/StaticDialogue.cs","tags":{"FILE_LINE_OF_CODE":"29"}}
{"ts":1741642577635,"action":"FILE_CLOSED","file":"/Assets/Scripts/DialogueSystem/StaticDialogue.cs","tags":{"FILE_LINE_OF_CODE":"29"}}
{"ts":1741642577635,"action":"FILE_OPENED","file":"/Assets/Scripts/DialogueSystem/StaticDialogueStructures.cs","tags":{"FILE_LINE_OF_CODE":"86"}}
{"ts":1741642582805,"action":"FILE_CLOSED","file":"/Assets/Scripts/DialogueSystem/StaticDialogueStructures.cs","tags":{"FILE_LINE_OF_CODE":"86"}}
{"ts":1741642582805,"action":"FILE_OPENED","file":"/Library/PackageCache/com.oni_sakana.fries/Fries/FriesUpdater.cs","tags":{"FILE_LINE_OF_CODE":"42"}}
{"ts":1741642612126,"action":"IDE_DEACTIVATED"}
{"ts":1741642663119,"action":"IDE_ACTIVATED"}
{"ts":1741642668715,"action":"IDE_DEACTIVATED"}
{"ts":1741642671384,"action":"IDE_ACTIVATED"}
{"ts":1741642676101,"action":"IDE_DEACTIVATED"}
{"ts":1741642676206,"action":"IDE_ACTIVATED"}
{"ts":1741642700722,"action":"IDE_DEACTIVATED"}
{"ts":1741642702275,"action":"IDE_ACTIVATED"}
{"ts":1741642703451,"action":"IDE_DEACTIVATED"}
{"ts":1741642704702,"action":"IDE_ACTIVATED"}
{"ts":1741642706104,"action":"IDE_DEACTIVATED"}
{"ts":1741643215111,"action":"IDE_ACTIVATED"}
{"ts":1741643216541,"action":"IDE_DEACTIVATED"}
{"ts":1741643217182,"action":"IDE_ACTIVATED"}
{"ts":1741643224662,"action":"IDE_DEACTIVATED"}
{"ts":1741643280523,"action":"IDE_ACTIVATED"}
{"ts":1741643363539,"action":"IDE_DEACTIVATED"}
{"ts":1741643409128,"action":"IDE_ACTIVATED"}
{"ts":1741643421111,"action":"IDE_DEACTIVATED"}
{"ts":1741643558530,"action":"IDE_ACTIVATED"}
{"ts":1741643589216,"action":"IDE_DEACTIVATED"}
{"ts":1741643658212,"action":"IDE_ACTIVATED"}
{"ts":1741643664891,"action":"IDE_DEACTIVATED"}
{"ts":1741643750332,"action":"IDE_ACTIVATED"}
{"ts":1741643756138,"action":"IDE_DEACTIVATED"}
{"ts":1741643796070,"action":"IDE_ACTIVATED"}
{"ts":1741643820271,"action":"IDE_DEACTIVATED"}
{"ts":1741643849944,"action":"IDE_ACTIVATED"}
{"ts":1741643855183,"action":"IDE_DEACTIVATED"}
{"ts":1741643863173,"action":"IDE_ACTIVATED"}
{"ts":1741643864401,"action":"IDE_DEACTIVATED"}
{"ts":1741643938500,"action":"IDE_ACTIVATED"}
{"ts":1741643946950,"action":"IDE_DEACTIVATED"}
{"ts":1741643954039,"action":"IDE_ACTIVATED"}
{"ts":1741643955957,"action":"IDE_DEACTIVATED"}
{"ts":1741643957742,"action":"IDE_ACTIVATED"}
{"ts":1741643963722,"action":"IDE_DEACTIVATED"}
{"ts":1741643982754,"action":"IDE_ACTIVATED"}
{"ts":1741643985228,"action":"IDE_DEACTIVATED"}
{"ts":1741643986408,"action":"IDE_ACTIVATED"}
{"ts":1741644011417,"action":"IDE_DEACTIVATED"}
{"ts":1741644054747,"action":"IDE_ACTIVATED"}
{"ts":1741644063817,"action":"IDE_DEACTIVATED"}
{"ts":1741644118035,"action":"IDE_ACTIVATED"}
{"ts":1741644124904,"action":"IDE_DEACTIVATED"}
{"ts":1741644176004,"action":"IDE_ACTIVATED"}
{"ts":1741644181364,"action":"IDE_DEACTIVATED"}
{"ts":1741644262507,"action":"IDE_ACTIVATED"}
{"ts":1741644265644,"action":"IDE_DEACTIVATED"}
{"ts":1741644278242,"action":"IDE_ACTIVATED"}
{"ts":1741644279092,"action":"IDE_DEACTIVATED"}
{"ts":1741644279309,"action":"IDE_ACTIVATED"}
{"ts":1741644279356,"action":"IDE_DEACTIVATED"}
{"ts":1741644280268,"action":"IDE_ACTIVATED"}
{"ts":1741644757908,"action":"IDE_DEACTIVATED"}
{"ts":1741644832678,"action":"IDE_ACTIVATED"}
{"ts":1741644865591,"action":"IDE_DEACTIVATED"}
{"ts":1741644941024,"action":"IDE_ACTIVATED"}
{"ts":1741644975992,"action":"IDE_DEACTIVATED"}
{"ts":1741644978723,"action":"IDE_ACTIVATED"}
{"ts":1741644985267,"action":"IDE_DEACTIVATED"}
{"ts":1741645000877,"action":"IDE_ACTIVATED"}
{"ts":1741645030875,"action":"FILE_CLOSED","file":"/Library/PackageCache/com.oni_sakana.fries/Fries/FriesUpdater.cs","tags":{"FILE_LINE_OF_CODE":"36"}}
{"ts":1741645030876,"action":"FILE_OPENED","file":"/Assets/Scripts/DialogueSystem/CommandManager.cs","tags":{"FILE_LINE_OF_CODE":"80"}}
{"ts":1741645044558,"action":"IDE_DEACTIVATED"}
{"ts":1741645047012,"action":"IDE_ACTIVATED"}
{"ts":1741645080723,"action":"IDE_DEACTIVATED"}
{"ts":1741645161217,"action":"IDE_ACTIVATED"}
{"ts":1741645227971,"action":"FILE_CLOSED","file":"/Assets/Scripts/DialogueSystem/CommandManager.cs","tags":{"FILE_LINE_OF_CODE":"80"}}
{"ts":1741645227971,"action":"FILE_OPENED","file":"/Assets/Scripts/DialogueSystem/StaticDialogue.cs","tags":{"FILE_LINE_OF_CODE":"29"}}
{"ts":1741645231123,"action":"FILE_CLOSED","file":"/Assets/Scripts/DialogueSystem/StaticDialogue.cs","tags":{"FILE_LINE_OF_CODE":"29"}}
{"ts":1741645231123,"action":"FILE_OPENED","file":"/Assets/Scripts/DialogueSystem/StaticDialogueStructures.cs","tags":{"FILE_LINE_OF_CODE":"86"}}
{"ts":1741645358492,"action":"IDE_DEACTIVATED"}
{"ts":1741645461828,"action":"IDE_ACTIVATED"}
{"ts":1741645472839,"action":"IDE_DEACTIVATED"}
{"ts":1741645533681,"action":"IDE_ACTIVATED"}
{"ts":1741645546362,"action":"IDE_DEACTIVATED"}
{"ts":1741645587809,"action":"IDE_ACTIVATED"}
{"ts":1741645608832,"action":"IDE_DEACTIVATED"}
{"ts":1741645611519,"action":"IDE_ACTIVATED"}
{"ts":1741645614906,"action":"IDE_DEACTIVATED"}
{"ts":1741645718110,"action":"IDE_ACTIVATED"}
{"ts":1741645835355,"action":"IDE_DEACTIVATED"}
{"ts":1741645848774,"action":"IDE_ACTIVATED"}
{"ts":1741645853301,"action":"IDE_DEACTIVATED"}
{"ts":1741645909771,"action":"IDE_ACTIVATED"}
{"ts":1741645909891,"action":"FILE_CLOSED","file":"/Assets/Scripts/DialogueSystem/StaticDialogueStructures.cs","tags":{"FILE_LINE_OF_CODE":"93"}}
{"ts":1741645909891,"action":"FILE_OPENED","file":"/Library/PackageCache/com.oni_sakana.fries/Fries/Inspector/GameObjectBoxField/GameObjectBoxDrawer.cs","tags":{"FILE_LINE_OF_CODE":"140"}}
{"ts":1741645930927,"action":"IDE_DEACTIVATED"}
{"ts":1741646000884,"action":"IDE_ACTIVATED"}
{"ts":1741646008616,"action":"IDE_DEACTIVATED"}
{"ts":1741646009081,"action":"IDE_ACTIVATED"}
{"ts":1741646012306,"action":"IDE_DEACTIVATED"}
{"ts":1741646013862,"action":"IDE_ACTIVATED"}
{"ts":1741646101363,"action":"IDE_DEACTIVATED"}
{"ts":1741646214243,"action":"IDE_ACTIVATED"}
{"ts":1741646238059,"action":"IDE_DEACTIVATED"}
{"ts":1741646291870,"action":"IDE_ACTIVATED"}
{"ts":1741646310919,"action":"IDE_DEACTIVATED"}
{"ts":1741646390868,"action":"IDE_ACTIVATED"}
{"ts":1741646447938,"action":"IDE_ACTIVATED"}
{"ts":1741646467040,"action":"IDE_DEACTIVATED"}
{"ts":1741646535511,"action":"IDE_ACTIVATED"}
{"ts":1741646562825,"action":"IDE_DEACTIVATED"}
{"ts":1741646636980,"action":"IDE_ACTIVATED"}
{"ts":1741646659845,"action":"IDE_DEACTIVATED"}
{"ts":1741646748919,"action":"IDE_ACTIVATED"}
{"ts":1741646784845,"action":"IDE_DEACTIVATED"}
{"ts":1741646854226,"action":"IDE_ACTIVATED"}
{"ts":1741646927096,"action":"IDE_DEACTIVATED"}
{"ts":1741646929475,"action":"IDE_ACTIVATED"}
{"ts":1741647000412,"action":"IDE_DEACTIVATED"}
{"ts":1741647006047,"action":"IDE_ACTIVATED"}
{"ts":1741647008924,"action":"IDE_DEACTIVATED"}
{"ts":1741647052333,"action":"IDE_ACTIVATED"}
{"ts":1741647064273,"action":"IDE_DEACTIVATED"}
{"ts":1741647066102,"action":"IDE_ACTIVATED"}
{"ts":1741647078182,"action":"FILE_CLOSED","file":"/Library/PackageCache/com.oni_sakana.fries/Fries/Inspector/GameObjectBoxField/GameObjectBoxDrawer.cs","tags":{"FILE_LINE_OF_CODE":"145"}}
{"ts":1741647078182,"action":"FILE_OPENED","file":"/Library/PackageCache/com.oni_sakana.fries/Fries/Inspector/StringInputWindow.cs","tags":{"FILE_LINE_OF_CODE":"73"}}
{"ts":1741647097895,"action":"IDE_DEACTIVATED"}
{"ts":1741647101507,"action":"IDE_ACTIVATED"}
{"ts":1741647134301,"action":"IDE_DEACTIVATED"}
{"ts":1741647134310,"action":"IDE_ACTIVATED"}
{"ts":1741647169371,"action":"IDE_DEACTIVATED"}
{"ts":1741647179855,"action":"IDE_ACTIVATED"}
{"ts":1741647208934,"action":"IDE_DEACTIVATED"}
{"ts":1741647218053,"action":"IDE_ACTIVATED"}
{"ts":1741647240597,"action":"IDE_DEACTIVATED"}
{"ts":1741647249145,"action":"IDE_ACTIVATED"}
{"ts":1741647254996,"action":"IDE_DEACTIVATED"}
{"ts":1741647263578,"action":"IDE_ACTIVATED"}
{"ts":1741647265289,"action":"IDE_DEACTIVATED"}
{"ts":1741647265511,"action":"IDE_ACTIVATED"}
{"ts":1741647269176,"action":"IDE_DEACTIVATED"}
{"ts":1741647397910,"action":"IDE_ACTIVATED"}
{"ts":1741647404860,"action":"FILE_CLOSED","file":"/Library/PackageCache/com.oni_sakana.fries/Fries/Inspector/StringInputWindow.cs","tags":{"FILE_LINE_OF_CODE":"73"}}
{"ts":1741647404860,"action":"FILE_OPENED","file":"/Assets/Scripts/DialogueSystem/LocalizedDialogueStructures.cs","tags":{"FILE_LINE_OF_CODE":"94"}}
{"ts":1741647446462,"action":"FILE_CLOSED","file":"/Assets/Scripts/DialogueSystem/LocalizedDialogueStructures.cs","tags":{"FILE_LINE_OF_CODE":"100"}}
{"ts":1741647446462,"action":"FILE_OPENED","file":"/Assets/Scripts/DialogueSystem/ComplexStaticDialogueStructures.cs","tags":{"FILE_LINE_OF_CODE":"116"}}
{"ts":1741647447990,"action":"FILE_CLOSED","file":"/Assets/Scripts/DialogueSystem/ComplexStaticDialogueStructures.cs","tags":{"FILE_LINE_OF_CODE":"116"}}
{"ts":1741647447990,"action":"FILE_OPENED","file":"/Assets/Scripts/DialogueSystem/LocalizedDialogueStructures.cs","tags":{"FILE_LINE_OF_CODE":"100"}}
{"ts":1741647546473,"action":"FILE_CLOSED","file":"/Assets/Scripts/DialogueSystem/LocalizedDialogueStructures.cs","tags":{"FILE_LINE_OF_CODE":"100"}}
{"ts":1741647546473,"action":"FILE_OPENED","file":"/Assets/Scripts/DialogueSystem/ComplexStaticDialogueStructures.cs","tags":{"FILE_LINE_OF_CODE":"116"}}
{"ts":1741647625427,"action":"IDE_DEACTIVATED"}
{"ts":1741647774077,"action":"IDE_ACTIVATED"}
{"ts":1741647775642,"action":"IDE_DEACTIVATED"}
{"ts":1741647778550,"action":"IDE_ACTIVATED"}
{"ts":1741647779626,"action":"IDE_DEACTIVATED"}
{"ts":1741647813491,"action":"IDE_ACTIVATED"}
{"ts":1741647815145,"action":"IDE_DEACTIVATED"}
{"ts":1741647818956,"action":"IDE_ACTIVATED"}
{"ts":1741647823356,"action":"IDE_DEACTIVATED"}
{"ts":1741647830297,"action":"IDE_ACTIVATED"}
{"ts":1741647840471,"action":"IDE_DEACTIVATED"}
{"ts":1741647841372,"action":"IDE_ACTIVATED"}
{"ts":1741647860605,"action":"IDE_DEACTIVATED"}
{"ts":1741647861631,"action":"IDE_ACTIVATED"}
{"ts":1741647862591,"action":"IDE_DEACTIVATED"}
{"ts":1741647939158,"action":"IDE_ACTIVATED"}
{"ts":1741647941181,"action":"FILE_CLOSED","file":"/Assets/Scripts/DialogueSystem/ComplexStaticDialogueStructures.cs","tags":{"FILE_LINE_OF_CODE":"122"}}
{"ts":1741647941181,"action":"FILE_OPENED","file":"/Assets/Scripts/DialogueSystem/DialogueCommands.cs","tags":{"FILE_LINE_OF_CODE":"36"}}
{"ts":1741648010374,"action":"FILE_CLOSED","file":"/Assets/Scripts/DialogueSystem/DialogueCommands.cs","tags":{"FILE_LINE_OF_CODE":"39"}}
{"ts":1741648010374,"action":"FILE_OPENED","file":"/Assets/Scripts/DialogueSystem/StaticDialogueStructures.cs","tags":{"FILE_LINE_OF_CODE":"93"}}
{"ts":1741648084072,"action":"PROJECT_CLOSED","tags":{"PROJECT_NAME":"MSS_Timeplex"}}
{"ts":1741648096149,"action":"PROJECT_OPENED","tags":{"PROJECT_NAME":"MSS_Timeplex"}}
{"ts":1741648146381,"action":"FILE_CLOSED","file":"/Assets/Scripts/DialogueSystem/StaticDialogueStructures.cs","tags":{"FILE_LINE_OF_CODE":"99"}}
{"ts":1741648146381,"action":"FILE_OPENED","file":"/Assets/Scripts/DialogueSystem/Structures.cs","tags":{"FILE_LINE_OF_CODE":"56"}}
{"ts":1741648170700,"action":"FILE_CLOSED","file":"/Assets/Scripts/DialogueSystem/Structures.cs","tags":{"FILE_LINE_OF_CODE":"56"}}
{"ts":1741648170700,"action":"FILE_OPENED","file":"/Assets/Scripts/DialogueSystem/StaticDialogue.cs","tags":{"FILE_LINE_OF_CODE":"29"}}
{"ts":1741648197280,"action":"FILE_CLOSED","file":"/Assets/Scripts/DialogueSystem/StaticDialogue.cs","tags":{"FILE_LINE_OF_CODE":"29"}}
{"ts":1741648197280,"action":"FILE_OPENED","file":"/Assets/Scripts/DialogueSystem/StaticDialogueStructures.cs","tags":{"FILE_LINE_OF_CODE":"99"}}
{"ts":1741648445948,"action":"FILE_CLOSED","file":"/Assets/Scripts/DialogueSystem/StaticDialogueStructures.cs","tags":{"FILE_LINE_OF_CODE":"110"}}
{"ts":1741648445948,"action":"FILE_OPENED","file":"/Assets/Scripts/DialogueSystem/CommandManager.cs","tags":{"FILE_LINE_OF_CODE":"80"}}
{"ts":1741648531507,"action":"FILE_CLOSED","file":"/Assets/Scripts/DialogueSystem/CommandManager.cs","tags":{"FILE_LINE_OF_CODE":"89"}}
{"ts":1741648531508,"action":"FILE_OPENED","file":"/Assets/Scripts/DialogueSystem/DialogueCommands.cs","tags":{"FILE_LINE_OF_CODE":"39"}}
{"ts":1741648611831,"action":"FILE_CLOSED","file":"/Assets/Scripts/DialogueSystem/DialogueCommands.cs","tags":{"FILE_LINE_OF_CODE":"48"}}
{"ts":1741648611831,"action":"FILE_OPENED","file":"/Assets/Scripts/DialogueSystem/StaticDialogueStructures.cs","tags":{"FILE_LINE_OF_CODE":"110"}}
{"ts":1741648612878,"action":"FILE_CLOSED","file":"/Assets/Scripts/DialogueSystem/StaticDialogueStructures.cs","tags":{"FILE_LINE_OF_CODE":"110"}}
{"ts":1741648612878,"action":"FILE_OPENED","file":"/Assets/Scripts/DialogueSystem/StaticDialogue.cs","tags":{"FILE_LINE_OF_CODE":"29"}}
{"ts":1741648614302,"action":"FILE_CLOSED","file":"/Assets/Scripts/DialogueSystem/StaticDialogue.cs","tags":{"FILE_LINE_OF_CODE":"29"}}
{"ts":1741648614302,"action":"FILE_OPENED","file":"/Assets/Scripts/DialogueSystem/StaticDialogueStructures.cs","tags":{"FILE_LINE_OF_CODE":"110"}}
{"ts":1741648629761,"action":"IDE_DEACTIVATED"}
{"ts":1741648631257,"action":"IDE_ACTIVATED"}
{"ts":1741648754258,"action":"FILE_CLOSED","file":"/Assets/Scripts/DialogueSystem/StaticDialogueStructures.cs","tags":{"FILE_LINE_OF_CODE":"116"}}
{"ts":1741648754258,"action":"FILE_OPENED","file":"/Assets/Scripts/DialogueSystem/DialogueDisplayer.cs","tags":{"FILE_LINE_OF_CODE":"131"}}
{"ts":1741648883457,"action":"IDE_DEACTIVATED"}
{"ts":1741652028028,"action":"IDE_ACTIVATED"}
{"ts":1741652029786,"action":"IDE_DEACTIVATED"}
{"ts":1741660549572,"action":"IDE_ACTIVATED"}
{"ts":1741660554212,"action":"IDE_DEACTIVATED"}
{"ts":1741660710626,"action":"IDE_ACTIVATED"}
{"ts":1741660714903,"action":"IDE_DEACTIVATED"}
{"ts":1741763821952,"action":"IDE_ACTIVATED"}
{"ts":1741763829542,"action":"IDE_DEACTIVATED"}
{"ts":1741775737783,"action":"PROJECT_CLOSED","tags":{"PROJECT_NAME":"MSS_Timeplex"}}
{"ts":1741793839807,"action":"PROJECT_OPENED","tags":{"PROJECT_NAME":"MSS_Timeplex"}}
{"ts":1741793892739,"action":"IDE_DEACTIVATED"}
{"ts":1741793893710,"action":"IDE_ACTIVATED"}
{"ts":1741793899197,"action":"FILE_CLOSED","file":"/Assets/Scripts/DialogueSystem/DialogueDisplayer.cs","tags":{"FILE_LINE_OF_CODE":"136"}}
{"ts":1741793899197,"action":"FILE_OPENED","file":"/Assets/Scripts/DialogueSystem/StaticDialogueStructures.cs","tags":{"FILE_LINE_OF_CODE":"116"}}
{"ts":1741793923308,"action":"FILE_CLOSED","file":"/Assets/Scripts/DialogueSystem/StaticDialogueStructures.cs","tags":{"FILE_LINE_OF_CODE":"116"}}
{"ts":1741793923308,"action":"FILE_OPENED","file":"/Assets/Scripts/DialogueSystem/DialogueDisplayer.cs","tags":{"FILE_LINE_OF_CODE":"136"}}
{"ts":1741794002536,"action":"IDE_DEACTIVATED"}
{"ts":1741794014469,"action":"IDE_ACTIVATED"}
{"ts":1741794053138,"action":"IDE_DEACTIVATED"}
{"ts":1741794061244,"action":"IDE_ACTIVATED"}
{"ts":1741794065605,"action":"IDE_DEACTIVATED"}
{"ts":1741796415617,"action":"IDE_ACTIVATED"}
{"ts":1741796417683,"action":"IDE_DEACTIVATED"}
{"ts":1741797724135,"action":"IDE_ACTIVATED"}
{"ts":1741797724713,"action":"FILE_CLOSED","file":"/Assets/Scripts/DialogueSystem/DialogueDisplayer.cs","tags":{"FILE_LINE_OF_CODE":"143"}}
{"ts":1741797724715,"action":"FILE_OPENED","file":"/Assets/Scripts/DialogueSystem/StaticDialogueStructures.cs","tags":{"FILE_LINE_OF_CODE":"116"}}
{"ts":1741797726515,"action":"IDE_DEACTIVATED"}
{"ts":1741797732222,"action":"IDE_ACTIVATED"}
{"ts":1741797771388,"action":"IDE_DEACTIVATED"}
{"ts":1741798189630,"action":"IDE_ACTIVATED"}
{"ts":1741798192200,"action":"IDE_DEACTIVATED"}
{"ts":1741798192991,"action":"IDE_ACTIVATED"}
{"ts":1741798194603,"action":"IDE_DEACTIVATED"}
{"ts":1741798217266,"action":"IDE_ACTIVATED"}
{"ts":1741798292112,"action":"IDE_DEACTIVATED"}
{"ts":1741798304027,"action":"IDE_ACTIVATED"}
{"ts":1741798326310,"action":"FILE_CLOSED","file":"/Assets/Scripts/DialogueSystem/StaticDialogueStructures.cs","tags":{"FILE_LINE_OF_CODE":"120"}}
{"ts":1741798326310,"action":"FILE_OPENED","file":"/Assets/Scripts/DialogueSystem/Structures.cs","tags":{"FILE_LINE_OF_CODE":"56"}}
{"ts":1741798352049,"action":"FILE_CLOSED","file":"/Assets/Scripts/DialogueSystem/Structures.cs","tags":{"FILE_LINE_OF_CODE":"60"}}
{"ts":1741798352049,"action":"FILE_OPENED","file":"/Assets/Scripts/DialogueSystem/StaticDialogueStructures.cs","tags":{"FILE_LINE_OF_CODE":"120"}}
{"ts":1741798376702,"action":"FILE_CLOSED","file":"/Assets/Scripts/DialogueSystem/StaticDialogueStructures.cs","tags":{"FILE_LINE_OF_CODE":"97"}}
{"ts":1741798376702,"action":"FILE_OPENED","file":"/Assets/Scripts/DialogueSystem/Structures.cs","tags":{"FILE_LINE_OF_CODE":"60"}}
{"ts":1741798409820,"action":"FILE_CLOSED","file":"/Assets/Scripts/DialogueSystem/Structures.cs","tags":{"FILE_LINE_OF_CODE":"84"}}
{"ts":1741798409820,"action":"FILE_OPENED","file":"/Assets/Scripts/DialogueSystem/StaticDialogueStructures.cs","tags":{"FILE_LINE_OF_CODE":"97"}}
{"ts":1741798443896,"action":"FILE_CLOSED","file":"/Assets/Scripts/DialogueSystem/StaticDialogueStructures.cs","tags":{"FILE_LINE_OF_CODE":"97"}}
{"ts":1741798443896,"action":"FILE_OPENED","file":"/Assets/Scripts/DialogueSystem/LocalizedDialogueStructures.cs","tags":{"FILE_LINE_OF_CODE":"100"}}
{"ts":1741798464925,"action":"FILE_CLOSED","file":"/Assets/Scripts/DialogueSystem/LocalizedDialogueStructures.cs","tags":{"FILE_LINE_OF_CODE":"103"}}
{"ts":1741798464925,"action":"FILE_OPENED","file":"/Assets/Scripts/DialogueSystem/ComplexStaticDialogueStructures.cs","tags":{"FILE_LINE_OF_CODE":"122"}}
{"ts":1741798492876,"action":"FILE_CLOSED","file":"/Assets/Scripts/DialogueSystem/ComplexStaticDialogueStructures.cs","tags":{"FILE_LINE_OF_CODE":"125"}}
{"ts":1741798492876,"action":"FILE_OPENED","file":"/Assets/Scripts/DialogueSystem/Structures.cs","tags":{"FILE_LINE_OF_CODE":"84"}}
{"ts":1741798504865,"action":"IDE_DEACTIVATED"}
{"ts":1741798540611,"action":"IDE_ACTIVATED"}
{"ts":1741798552745,"action":"IDE_DEACTIVATED"}
{"ts":1741798874597,"action":"FILE_CLOSED","file":"/Assets/Scripts/DialogueSystem/Structures.cs","tags":{"FILE_LINE_OF_CODE":"84"}}
{"ts":1741798874597,"action":"FILE_OPENED","file":"/Library/PackageCache/com.oni_sakana.fries/Fries/Inspector/SerializableSysObject.cs","tags":{"FILE_LINE_OF_CODE":"21"}}
{"ts":1741798874621,"action":"IDE_ACTIVATED"}
{"ts":1741798882022,"action":"IDE_DEACTIVATED"}
{"ts":1741798882225,"action":"IDE_ACTIVATED"}
{"ts":1741798882279,"action":"FILE_CLOSED","file":"/Library/PackageCache/com.oni_sakana.fries/Fries/Inspector/SerializableSysObject.cs","tags":{"FILE_LINE_OF_CODE":"21"}}
{"ts":1741798882279,"action":"FILE_OPENED","file":"/Assets/Scripts/DialogueSystem/Structures.cs","tags":{"FILE_LINE_OF_CODE":"84"}}
{"ts":1741798893451,"action":"IDE_DEACTIVATED"}
{"ts":1741798905695,"action":"IDE_ACTIVATED"}
{"ts":1741798924040,"action":"IDE_DEACTIVATED"}
{"ts":1741798945226,"action":"IDE_ACTIVATED"}
{"ts":1741798955236,"action":"FILE_CLOSED","file":"/Assets/Scripts/DialogueSystem/Structures.cs","tags":{"FILE_LINE_OF_CODE":"84"}}
{"ts":1741798955236,"action":"FILE_OPENED","file":"/Library/PackageCache/com.oni_sakana.fries/Fries/Inspector/SerializableSysObject.cs","tags":{"FILE_LINE_OF_CODE":"21"}}
{"ts":1741798956886,"action":"FILE_CLOSED","file":"/Library/PackageCache/com.oni_sakana.fries/Fries/Inspector/SerializableSysObject.cs","tags":{"FILE_LINE_OF_CODE":"21"}}
{"ts":1741798956886,"action":"FILE_OPENED","file":"/Assets/Scripts/DialogueSystem/Structures.cs","tags":{"FILE_LINE_OF_CODE":"84"}}
{"ts":1741798960651,"action":"FILE_CLOSED","file":"/Assets/Scripts/DialogueSystem/Structures.cs","tags":{"FILE_LINE_OF_CODE":"84"}}
{"ts":1741798960651,"action":"FILE_OPENED","file":"/Library/PackageCache/com.oni_sakana.fries/Fries/Inspector/SerializableSysObject.cs","tags":{"FILE_LINE_OF_CODE":"21"}}
{"ts":1741798966662,"action":"FILE_CLOSED","file":"/Library/PackageCache/com.oni_sakana.fries/Fries/Inspector/SerializableSysObject.cs","tags":{"FILE_LINE_OF_CODE":"21"}}
{"ts":1741798966662,"action":"FILE_OPENED","file":"/Assets/Scripts/DialogueSystem/Structures.cs","tags":{"FILE_LINE_OF_CODE":"84"}}
{"ts":1741798981664,"action":"IDE_DEACTIVATED"}
{"ts":1741799263818,"action":"IDE_ACTIVATED"}
{"ts":1741799267671,"action":"IDE_DEACTIVATED"}
{"ts":1741799271858,"action":"IDE_ACTIVATED"}
{"ts":1741799274741,"action":"IDE_DEACTIVATED"}
{"ts":1741799297530,"action":"IDE_ACTIVATED"}
{"ts":1741799308864,"action":"IDE_DEACTIVATED"}
{"ts":1741799321377,"action":"IDE_ACTIVATED"}
{"ts":1741799345419,"action":"FILE_CLOSED","file":"/Assets/Scripts/DialogueSystem/Structures.cs","tags":{"FILE_LINE_OF_CODE":"84"}}
{"ts":1741799345419,"action":"FILE_OPENED","file":"/Library/PackageCache/com.oni_sakana.fries/Fries/Inspector/StringSso.cs","tags":{"FILE_LINE_OF_CODE":"49"}}
{"ts":1741799356498,"action":"FILE_CLOSED","file":"/Library/PackageCache/com.oni_sakana.fries/Fries/Inspector/StringSso.cs","tags":{"FILE_LINE_OF_CODE":"49"}}
{"ts":1741799356499,"action":"FILE_OPENED","file":"/Assets/Scripts/DialogueSystem/Structures.cs","tags":{"FILE_LINE_OF_CODE":"84"}}
{"ts":1741799363731,"action":"FILE_CLOSED","file":"/Assets/Scripts/DialogueSystem/Structures.cs","tags":{"FILE_LINE_OF_CODE":"84"}}
{"ts":1741799363731,"action":"FILE_OPENED","file":"/Library/PackageCache/com.oni_sakana.fries/Fries/Inspector/StringSso.cs","tags":{"FILE_LINE_OF_CODE":"49"}}
{"ts":1741799370407,"action":"FILE_CLOSED","file":"/Library/PackageCache/com.oni_sakana.fries/Fries/Inspector/StringSso.cs","tags":{"FILE_LINE_OF_CODE":"49"}}
{"ts":1741799370407,"action":"FILE_OPENED","file":"/Assets/Scripts/DialogueSystem/Structures.cs","tags":{"FILE_LINE_OF_CODE":"84"}}
{"ts":1741799380633,"action":"FILE_CLOSED","file":"/Assets/Scripts/DialogueSystem/Structures.cs","tags":{"FILE_LINE_OF_CODE":"84"}}
{"ts":1741799380633,"action":"FILE_OPENED","file":"/Library/PackageCache/com.oni_sakana.fries/Fries/Inspector/StringSso.cs","tags":{"FILE_LINE_OF_CODE":"49"}}
{"ts":1741799384519,"action":"FILE_CLOSED","file":"/Library/PackageCache/com.oni_sakana.fries/Fries/Inspector/StringSso.cs","tags":{"FILE_LINE_OF_CODE":"49"}}
{"ts":1741799384519,"action":"FILE_OPENED","file":"/Assets/Scripts/DialogueSystem/Structures.cs","tags":{"FILE_LINE_OF_CODE":"84"}}
{"ts":1741799392122,"action":"FILE_CLOSED","file":"/Assets/Scripts/DialogueSystem/Structures.cs","tags":{"FILE_LINE_OF_CODE":"84"}}
{"ts":1741799399725,"action":"FILE_OPENED","file":"/Library/PackageCache/com.oni_sakana.fries/Fries/Inspector/StringSso.cs","tags":{"FILE_LINE_OF_CODE":"49"}}
{"ts":1741799410334,"action":"FILE_CLOSED","file":"/Library/PackageCache/com.oni_sakana.fries/Fries/Inspector/StringSso.cs","tags":{"FILE_LINE_OF_CODE":"49"}}
{"ts":1741799410334,"action":"FILE_OPENED","file":"/Assets/Scripts/DialogueSystem/DialogueCommands.cs","tags":{"FILE_LINE_OF_CODE":"48"}}
{"ts":1741799416719,"action":"FILE_CLOSED","file":"/Assets/Scripts/DialogueSystem/DialogueCommands.cs","tags":{"FILE_LINE_OF_CODE":"48"}}
{"ts":1741799416719,"action":"FILE_OPENED","file":"/Assets/Scripts/DialogueSystem/Structures.cs","tags":{"FILE_LINE_OF_CODE":"84"}}
{"ts":1741799442196,"action":"IDE_DEACTIVATED"}
{"ts":1741799464365,"action":"IDE_ACTIVATED"}
{"ts":1741799472960,"action":"IDE_DEACTIVATED"}
{"ts":1741799532871,"action":"IDE_ACTIVATED"}
{"ts":1741799541014,"action":"IDE_DEACTIVATED"}
{"ts":1741799607854,"action":"IDE_ACTIVATED"}
{"ts":1741799697459,"action":"IDE_DEACTIVATED"}
{"ts":1741799720646,"action":"IDE_ACTIVATED"}
{"ts":1741799720756,"action":"FILE_CLOSED","file":"/Assets/Scripts/DialogueSystem/Structures.cs","tags":{"FILE_LINE_OF_CODE":"85"}}
{"ts":1741799720756,"action":"FILE_OPENED","file":"/Assets/Scripts/DialogueSystem/ComplexStaticDialogueStructures.cs","tags":{"FILE_LINE_OF_CODE":"125"}}
{"ts":1741799729447,"action":"IDE_DEACTIVATED"}
{"ts":1741799809602,"action":"IDE_ACTIVATED"}
{"ts":1741799811562,"action":"FILE_CLOSED","file":"/Assets/Scripts/DialogueSystem/ComplexStaticDialogueStructures.cs","tags":{"FILE_LINE_OF_CODE":"125"}}
{"ts":1741799811562,"action":"FILE_OPENED","file":"/Assets/Scripts/DialogueSystem/Structures.cs","tags":{"FILE_LINE_OF_CODE":"85"}}
{"ts":1741799818240,"action":"IDE_DEACTIVATED"}
{"ts":1741799970798,"action":"IDE_ACTIVATED"}
{"ts":1741799985165,"action":"FILE_CLOSED","file":"/Assets/Scripts/DialogueSystem/Structures.cs","tags":{"FILE_LINE_OF_CODE":"85"}}
{"ts":1741799985165,"action":"FILE_OPENED","file":"/Assets/Scripts/DialogueSystem/DialogueCommands.cs","tags":{"FILE_LINE_OF_CODE":"48"}}
{"ts":1741800014725,"action":"FILE_CLOSED","file":"/Assets/Scripts/DialogueSystem/DialogueCommands.cs","tags":{"FILE_LINE_OF_CODE":"53"}}
{"ts":1741800014725,"action":"FILE_OPENED","file":"/Assets/Scripts/DialogueSystem/DialogueDisplayer.cs","tags":{"FILE_LINE_OF_CODE":"143"}}
{"ts":1741800021905,"action":"FILE_CLOSED","file":"/Assets/Scripts/DialogueSystem/DialogueDisplayer.cs","tags":{"FILE_LINE_OF_CODE":"143"}}
{"ts":1741800021905,"action":"FILE_OPENED","file":"/Assets/Scripts/DialogueSystem/DialogueCommands.cs","tags":{"FILE_LINE_OF_CODE":"53"}}
{"ts":1741800060929,"action":"IDE_DEACTIVATED"}
{"ts":1741800121418,"action":"IDE_ACTIVATED"}
{"ts":1741800144138,"action":"IDE_DEACTIVATED"}
{"ts":1741800212176,"action":"IDE_ACTIVATED"}
{"ts":1741800212286,"action":"FILE_CLOSED","file":"/Assets/Scripts/DialogueSystem/DialogueCommands.cs","tags":{"FILE_LINE_OF_CODE":"54"}}
{"ts":1741800212286,"action":"FILE_OPENED","file":"/Assets/Scripts/Imported/GridObject.cs","tags":{"FILE_LINE_OF_CODE":"84"}}
{"ts":1741800232592,"action":"IDE_DEACTIVATED"}
{"ts":1741800236242,"action":"IDE_ACTIVATED"}
{"ts":1741800260143,"action":"IDE_DEACTIVATED"}
{"ts":1741808022197,"action":"IDE_ACTIVATED"}
{"ts":1741808040779,"action":"FILE_CLOSED","file":"/Assets/Scripts/Imported/GridObject.cs","tags":{"FILE_LINE_OF_CODE":"84"}}
{"ts":1741808040779,"action":"FILE_OPENED","file":"/Assets/Scripts/Managers/scrSwapManager.cs","tags":{"FILE_LINE_OF_CODE":"139"}}
{"ts":1741808078833,"action":"IDE_DEACTIVATED"}
{"ts":1741808085126,"action":"IDE_ACTIVATED"}
{"ts":1741808114925,"action":"FILE_CLOSED","file":"/Assets/Scripts/Managers/scrSwapManager.cs","tags":{"FILE_LINE_OF_CODE":"139"}}
{"ts":1741808115193,"action":"FILE_OPENED","file":"/Assets/Scripts/DialogueSystem/DialogueDisplayer.cs","tags":{"FILE_LINE_OF_CODE":"143"}}
{"ts":1741808122127,"action":"IDE_DEACTIVATED"}
{"ts":1741808283536,"action":"IDE_ACTIVATED"}
{"ts":1741808283544,"action":"FILE_CLOSED","file":"/Assets/Scripts/DialogueSystem/DialogueDisplayer.cs","tags":{"FILE_LINE_OF_CODE":"143"}}
{"ts":1741808283544,"action":"FILE_OPENED","file":"/Library/PackageCache/com.oni_sakana.fries/Fries/GoButtons/RaycastManager.cs","tags":{"FILE_LINE_OF_CODE":"239"}}
{"ts":1741808319616,"action":"IDE_DEACTIVATED"}
{"ts":1741808356209,"action":"IDE_ACTIVATED"}
{"ts":1741808356368,"action":"FILE_CLOSED","file":"/Library/PackageCache/com.oni_sakana.fries/Fries/GoButtons/RaycastManager.cs","tags":{"FILE_LINE_OF_CODE":"242"}}
{"ts":1741808356369,"action":"FILE_OPENED","file":"/Assets/Scripts/Managers/scrSwapManager.cs","tags":{"FILE_LINE_OF_CODE":"139"}}
{"ts":1741808361934,"action":"IDE_DEACTIVATED"}
{"ts":1741808364461,"action":"IDE_ACTIVATED"}
{"ts":1741808364597,"action":"FILE_CLOSED","file":"/Assets/Scripts/Managers/scrSwapManager.cs","tags":{"FILE_LINE_OF_CODE":"139"}}
{"ts":1741808364597,"action":"FILE_OPENED","file":"/Assets/Scripts/Managers/scrMoveInheritanceManager.cs","tags":{"FILE_LINE_OF_CODE":"193"}}
{"ts":1741808370760,"action":"IDE_DEACTIVATED"}
{"ts":1741808382629,"action":"IDE_ACTIVATED"}
{"ts":1741808382697,"action":"FILE_CLOSED","file":"/Assets/Scripts/Managers/scrMoveInheritanceManager.cs","tags":{"FILE_LINE_OF_CODE":"193"}}
{"ts":1741808382697,"action":"FILE_OPENED","file":"/Assets/Scripts/Managers/scrSwapManager.cs","tags":{"FILE_LINE_OF_CODE":"139"}}
{"ts":1741808399145,"action":"IDE_DEACTIVATED"}
{"ts":1741808406631,"action":"IDE_ACTIVATED"}
{"ts":1741808406709,"action":"FILE_CLOSED","file":"/Assets/Scripts/Managers/scrSwapManager.cs","tags":{"FILE_LINE_OF_CODE":"139"}}
{"ts":1741808406827,"action":"FILE_OPENED","file":"/Assets/Scripts/DialogueSystem/DialogueDisplayer.cs","tags":{"FILE_LINE_OF_CODE":"143"}}
{"ts":1741808413995,"action":"IDE_DEACTIVATED"}
{"ts":1741808459696,"action":"IDE_ACTIVATED"}
{"ts":1741808466549,"action":"IDE_DEACTIVATED"}
{"ts":1741808476113,"action":"IDE_ACTIVATED"}
{"ts":1741808501341,"action":"FILE_CLOSED","file":"/Assets/Scripts/DialogueSystem/DialogueDisplayer.cs","tags":{"FILE_LINE_OF_CODE":"143"}}
{"ts":1741808501341,"action":"FILE_OPENED","file":"/Assets/Scripts/DialogueSystem/DialogueCommands.cs","tags":{"FILE_LINE_OF_CODE":"54"}}
{"ts":1741808514207,"action":"IDE_DEACTIVATED"}
{"ts":1741808537324,"action":"IDE_ACTIVATED"}
{"ts":1741808540436,"action":"FILE_CLOSED","file":"/Assets/Scripts/DialogueSystem/DialogueCommands.cs","tags":{"FILE_LINE_OF_CODE":"54"}}
{"ts":1741808540436,"action":"FILE_OPENED","file":"/Assets/Scripts/DialogueSystem/DialogueDisplayer.cs","tags":{"FILE_LINE_OF_CODE":"143"}}
{"ts":1741808545709,"action":"FILE_CLOSED","file":"/Assets/Scripts/DialogueSystem/DialogueDisplayer.cs","tags":{"FILE_LINE_OF_CODE":"143"}}
{"ts":1741808545709,"action":"FILE_OPENED","file":"/Assets/Scripts/DialogueSystem/CharSequenceDisplayer.cs","tags":{"FILE_LINE_OF_CODE":"131"}}
{"ts":1741808601909,"action":"FILE_CLOSED","file":"/Assets/Scripts/DialogueSystem/CharSequenceDisplayer.cs","tags":{"FILE_LINE_OF_CODE":"131"}}
{"ts":1741808601980,"action":"FILE_OPENED","file":"/Assets/Scripts/Imported/GridObject.cs","tags":{"FILE_LINE_OF_CODE":"84"}}
{"ts":1741808604753,"action":"FILE_CLOSED","file":"/Assets/Scripts/Imported/GridObject.cs","tags":{"FILE_LINE_OF_CODE":"84"}}
{"ts":1741808604803,"action":"FILE_OPENED","file":"/Assets/Scripts/Imported/GridObject.cs","tags":{"FILE_LINE_OF_CODE":"84"}}
{"ts":1741808607828,"action":"IDE_DEACTIVATED"}
{"ts":1741808613774,"action":"IDE_ACTIVATED"}
{"ts":1741808614668,"action":"IDE_DEACTIVATED"}
{"ts":1741808620845,"action":"IDE_ACTIVATED"}
{"ts":1741808620887,"action":"FILE_CLOSED","file":"/Assets/Scripts/Imported/GridObject.cs","tags":{"FILE_LINE_OF_CODE":"84"}}
{"ts":1741808620887,"action":"FILE_OPENED","file":"/Assets/Scripts/Managers/scrSwapManager.cs","tags":{"FILE_LINE_OF_CODE":"139"}}
{"ts":1741808626583,"action":"IDE_DEACTIVATED"}
{"ts":1741808626721,"action":"IDE_ACTIVATED"}
{"ts":1741808641952,"action":"IDE_DEACTIVATED"}
{"ts":1741808690309,"action":"IDE_ACTIVATED"}
{"ts":1741808691820,"action":"FILE_CLOSED","file":"/Assets/Scripts/Managers/scrSwapManager.cs","tags":{"FILE_LINE_OF_CODE":"139"}}
{"ts":1741808691820,"action":"FILE_OPENED","file":"/Assets/Scripts/DialogueSystem/DialogueCommands.cs","tags":{"FILE_LINE_OF_CODE":"54"}}
{"ts":1741808698695,"action":"FILE_CLOSED","file":"/Assets/Scripts/DialogueSystem/DialogueCommands.cs","tags":{"FILE_LINE_OF_CODE":"54"}}
{"ts":1741808698695,"action":"FILE_OPENED","file":"/Assets/Scripts/DialogueSystem/Structures.cs","tags":{"FILE_LINE_OF_CODE":"85"}}
{"ts":1741808711687,"action":"FILE_CLOSED","file":"/Assets/Scripts/DialogueSystem/Structures.cs","tags":{"FILE_LINE_OF_CODE":"85"}}
{"ts":1741808711687,"action":"FILE_OPENED","file":"/Assets/Scripts/DialogueSystem/DialogueDisplayer.cs","tags":{"FILE_LINE_OF_CODE":"143"}}
{"ts":1741808753672,"action":"FILE_CLOSED","file":"/Assets/Scripts/DialogueSystem/DialogueDisplayer.cs","tags":{"FILE_LINE_OF_CODE":"143"}}
{"ts":1741808753672,"action":"FILE_OPENED","file":"/Assets/Scripts/DialogueSystem/DialogueCommands.cs","tags":{"FILE_LINE_OF_CODE":"54"}}
{"ts":1741808765126,"action":"IDE_DEACTIVATED"}
{"ts":1741808795999,"action":"IDE_ACTIVATED"}
{"ts":1741808796120,"action":"FILE_CLOSED","file":"/Assets/Scripts/DialogueSystem/DialogueCommands.cs","tags":{"FILE_LINE_OF_CODE":"54"}}
{"ts":1741808796120,"action":"FILE_OPENED","file":"/Assets/Scripts/DialogueSystem/CharSequenceDisplayer.cs","tags":{"FILE_LINE_OF_CODE":"131"}}
{"ts":1741808801433,"action":"IDE_DEACTIVATED"}
{"ts":1741808802297,"action":"IDE_ACTIVATED"}
{"ts":1741808802376,"action":"FILE_CLOSED","file":"/Assets/Scripts/DialogueSystem/CharSequenceDisplayer.cs","tags":{"FILE_LINE_OF_CODE":"131"}}
{"ts":1741808802473,"action":"FILE_OPENED","file":"/Assets/Scripts/DialogueSystem/CharSequenceDisplayer.cs","tags":{"FILE_LINE_OF_CODE":"131"}}
{"ts":1741808810696,"action":"FILE_CLOSED","file":"/Assets/Scripts/DialogueSystem/CharSequenceDisplayer.cs","tags":{"FILE_LINE_OF_CODE":"131"}}
{"ts":1741808810789,"action":"FILE_OPENED","file":"/Assets/Scripts/Imported/GridObject.cs","tags":{"FILE_LINE_OF_CODE":"84"}}
{"ts":1741808812454,"action":"FILE_CLOSED","file":"/Assets/Scripts/Imported/GridObject.cs","tags":{"FILE_LINE_OF_CODE":"84"}}
{"ts":1741808812492,"action":"FILE_OPENED","file":"/Assets/Scripts/Imported/GridObject.cs","tags":{"FILE_LINE_OF_CODE":"84"}}
{"ts":1741808820677,"action":"FILE_CLOSED","file":"/Assets/Scripts/Imported/GridObject.cs","tags":{"FILE_LINE_OF_CODE":"84"}}
{"ts":1741808820677,"action":"FILE_OPENED","file":"/Assets/Scripts/DialogueSystem/CharSequenceDisplayer.cs","tags":{"FILE_LINE_OF_CODE":"131"}}
{"ts":1741808843748,"action":"IDE_DEACTIVATED"}
{"ts":1741808877420,"action":"IDE_ACTIVATED"}
{"ts":1741808877495,"action":"FILE_CLOSED","file":"/Assets/Scripts/DialogueSystem/CharSequenceDisplayer.cs","tags":{"FILE_LINE_OF_CODE":"133"}}
{"ts":1741808877666,"action":"FILE_OPENED","file":"/Assets/Scripts/DialogueSystem/CharSequenceDisplayer.cs","tags":{"FILE_LINE_OF_CODE":"133"}}
{"ts":1741808896354,"action":"FILE_CLOSED","file":"/Assets/Scripts/DialogueSystem/CharSequenceDisplayer.cs","tags":{"FILE_LINE_OF_CODE":"133"}}
{"ts":1741808896462,"action":"FILE_OPENED","file":"/Assets/Scripts/Imported/GridObject.cs","tags":{"FILE_LINE_OF_CODE":"84"}}
{"ts":1741808898571,"action":"FILE_CLOSED","file":"/Assets/Scripts/Imported/GridObject.cs","tags":{"FILE_LINE_OF_CODE":"84"}}
{"ts":1741808898595,"action":"FILE_OPENED","file":"/Assets/Scripts/Imported/GridObject.cs","tags":{"FILE_LINE_OF_CODE":"84"}}
{"ts":1741808900865,"action":"FILE_CLOSED","file":"/Assets/Scripts/Imported/GridObject.cs","tags":{"FILE_LINE_OF_CODE":"84"}}
{"ts":1741808900865,"action":"FILE_OPENED","file":"/Assets/Scripts/DialogueSystem/DialogueCommands.cs","tags":{"FILE_LINE_OF_CODE":"54"}}
{"ts":1741808906539,"action":"FILE_CLOSED","file":"/Assets/Scripts/DialogueSystem/DialogueCommands.cs","tags":{"FILE_LINE_OF_CODE":"54"}}
{"ts":1741808906539,"action":"FILE_OPENED","file":"/Assets/Scripts/DialogueSystem/CharSequenceDisplayer.cs","tags":{"FILE_LINE_OF_CODE":"133"}}
{"ts":1741808922166,"action":"IDE_DEACTIVATED"}
{"ts":1741808999151,"action":"IDE_ACTIVATED"}
{"ts":1741808999250,"action":"FILE_CLOSED","file":"/Assets/Scripts/DialogueSystem/CharSequenceDisplayer.cs","tags":{"FILE_LINE_OF_CODE":"133"}}
{"ts":1741808999379,"action":"FILE_OPENED","file":"/Assets/Scripts/Imported/GridObject.cs","tags":{"FILE_LINE_OF_CODE":"84"}}
{"ts":1741809011819,"action":"FILE_CLOSED","file":"/Assets/Scripts/Imported/GridObject.cs","tags":{"FILE_LINE_OF_CODE":"84"}}
{"ts":1741809011867,"action":"FILE_OPENED","file":"/Assets/Scripts/Imported/GridObject.cs","tags":{"FILE_LINE_OF_CODE":"84"}}
{"ts":1741809016368,"action":"IDE_DEACTIVATED"}
{"ts":1741809020911,"action":"IDE_ACTIVATED"}
{"ts":1741809020947,"action":"FILE_CLOSED","file":"/Assets/Scripts/Imported/GridObject.cs","tags":{"FILE_LINE_OF_CODE":"84"}}
{"ts":1741809020947,"action":"FILE_OPENED","file":"/Assets/Scripts/Managers/scrSwapManager.cs","tags":{"FILE_LINE_OF_CODE":"139"}}
{"ts":1741809054435,"action":"FILE_CLOSED","file":"/Assets/Scripts/Managers/scrSwapManager.cs","tags":{"FILE_LINE_OF_CODE":"139"}}
{"ts":1741809054435,"action":"FILE_OPENED","file":"/Assets/Scripts/Panel/scrPanel.cs","tags":{"FILE_LINE_OF_CODE":"129"}}
{"ts":1741809078143,"action":"FILE_CLOSED","file":"/Assets/Scripts/Panel/scrPanel.cs","tags":{"FILE_LINE_OF_CODE":"129"}}
{"ts":1741809078143,"action":"FILE_OPENED","file":"/Assets/Scripts/Managers/scrSwapManager.cs","tags":{"FILE_LINE_OF_CODE":"139"}}
{"ts":1741809094967,"action":"FILE_CLOSED","file":"/Assets/Scripts/Managers/scrSwapManager.cs","tags":{"FILE_LINE_OF_CODE":"139"}}
{"ts":1741809094967,"action":"FILE_OPENED","file":"/Assets/Scripts/Panel/scrPanel.cs","tags":{"FILE_LINE_OF_CODE":"129"}}
{"ts":1741809106556,"action":"IDE_DEACTIVATED"}
{"ts":1741809143533,"action":"IDE_ACTIVATED"}
{"ts":1741809146389,"action":"FILE_CLOSED","file":"/Assets/Scripts/Panel/scrPanel.cs","tags":{"FILE_LINE_OF_CODE":"129"}}
{"ts":1741809146389,"action":"FILE_OPENED","file":"/Assets/Scripts/Managers/scrSwapManager.cs","tags":{"FILE_LINE_OF_CODE":"139"}}
{"ts":1741809311959,"action":"FILE_CLOSED","file":"/Assets/Scripts/Managers/scrSwapManager.cs","tags":{"FILE_LINE_OF_CODE":"139"}}
{"ts":1741809311959,"action":"FILE_OPENED","file":"/Assets/Scripts/DialogueSystem/DialogueCommands.cs","tags":{"FILE_LINE_OF_CODE":"54"}}
{"ts":1741809319932,"action":"IDE_DEACTIVATED"}
{"ts":1741809342099,"action":"IDE_ACTIVATED"}
{"ts":1741809342173,"action":"FILE_CLOSED","file":"/Assets/Scripts/DialogueSystem/DialogueCommands.cs","tags":{"FILE_LINE_OF_CODE":"54"}}
{"ts":1741809342173,"action":"FILE_OPENED","file":"/Assets/Scripts/Managers/scrSwapManager.cs","tags":{"FILE_LINE_OF_CODE":"139"}}
{"ts":1741809344954,"action":"IDE_DEACTIVATED"}
{"ts":1741809349531,"action":"IDE_ACTIVATED"}
{"ts":1741809350453,"action":"IDE_DEACTIVATED"}
{"ts":1741809391885,"action":"IDE_ACTIVATED"}
{"ts":1741809394768,"action":"FILE_CLOSED","file":"/Assets/Scripts/Managers/scrSwapManager.cs","tags":{"FILE_LINE_OF_CODE":"139"}}
{"ts":1741809394769,"action":"FILE_OPENED","file":"/Assets/Scripts/DialogueSystem/DialogueCommands.cs","tags":{"FILE_LINE_OF_CODE":"54"}}
{"ts":1741809396038,"action":"IDE_DEACTIVATED"}
{"ts":1741809399458,"action":"IDE_ACTIVATED"}
{"ts":1741809400553,"action":"IDE_DEACTIVATED"}
{"ts":1741809405072,"action":"IDE_ACTIVATED"}
{"ts":1741809406781,"action":"FILE_CLOSED","file":"/Assets/Scripts/DialogueSystem/DialogueCommands.cs","tags":{"FILE_LINE_OF_CODE":"54"}}
{"ts":1741809406854,"action":"FILE_OPENED","file":"/Assets/Scripts/Imported/GridObject.cs","tags":{"FILE_LINE_OF_CODE":"84"}}
{"ts":1741809410940,"action":"IDE_DEACTIVATED"}
{"ts":1741809413949,"action":"IDE_ACTIVATED"}
{"ts":1741809415650,"action":"FILE_CLOSED","file":"/Assets/Scripts/Imported/GridObject.cs","tags":{"FILE_LINE_OF_CODE":"84"}}
{"ts":1741809415682,"action":"FILE_OPENED","file":"/Assets/Scripts/Imported/GridObject.cs","tags":{"FILE_LINE_OF_CODE":"84"}}
{"ts":1741809416970,"action":"IDE_DEACTIVATED"}
{"ts":1741809664860,"action":"IDE_ACTIVATED"}
{"ts":1741809671272,"action":"FILE_CLOSED","file":"/Assets/Scripts/Imported/GridObject.cs","tags":{"FILE_LINE_OF_CODE":"84"}}
{"ts":1741809671272,"action":"FILE_OPENED","file":"/Assets/Scripts/DialogueSystem/DialogueCommands.cs","tags":{"FILE_LINE_OF_CODE":"54"}}
{"ts":1741809678843,"action":"IDE_DEACTIVATED"}
{"ts":1741809828148,"action":"IDE_ACTIVATED"}
{"ts":1741809832859,"action":"IDE_DEACTIVATED"}
{"ts":1741809879057,"action":"IDE_ACTIVATED"}
{"ts":1741809881395,"action":"IDE_DEACTIVATED"}
{"ts":1741809882135,"action":"IDE_ACTIVATED"}
{"ts":1741809884094,"action":"FILE_CLOSED","file":"/Assets/Scripts/DialogueSystem/DialogueCommands.cs","tags":{"FILE_LINE_OF_CODE":"54"}}
{"ts":1741809884094,"action":"FILE_OPENED","file":"/Assets/Scripts/Grid/EditorSnapToGridButton.cs","tags":{"FILE_LINE_OF_CODE":"49"}}
{"ts":1741809902165,"action":"FILE_CLOSED","file":"/Assets/Scripts/Grid/EditorSnapToGridButton.cs","tags":{"FILE_LINE_OF_CODE":"49"}}
{"ts":1741809902165,"action":"FILE_OPENED","file":"/Assets/Scripts/Objects/scrGoal.cs","tags":{"FILE_LINE_OF_CODE":"88"}}
{"ts":1741809908068,"action":"IDE_DEACTIVATED"}
{"ts":1741809949715,"action":"IDE_ACTIVATED"}
{"ts":1741809951028,"action":"FILE_CLOSED","file":"/Assets/Scripts/Objects/scrGoal.cs","tags":{"FILE_LINE_OF_CODE":"88"}}
{"ts":1741809951028,"action":"FILE_OPENED","file":"/Assets/Scripts/Grid/EditorSnapToGridButton.cs","tags":{"FILE_LINE_OF_CODE":"49"}}
{"ts":1741809982506,"action":"IDE_DEACTIVATED"}
{"ts":1741810001489,"action":"IDE_ACTIVATED"}
{"ts":1741810004913,"action":"IDE_DEACTIVATED"}
{"ts":1741810013860,"action":"IDE_ACTIVATED"}
{"ts":1741810016794,"action":"IDE_DEACTIVATED"}
{"ts":1741810019490,"action":"IDE_ACTIVATED"}
{"ts":1741810022957,"action":"IDE_DEACTIVATED"}
{"ts":1741810025675,"action":"IDE_ACTIVATED"}
{"ts":1741810026963,"action":"IDE_DEACTIVATED"}
{"ts":1741810327302,"action":"IDE_ACTIVATED"}
{"ts":1741810333644,"action":"FILE_CLOSED","file":"/Assets/Scripts/Grid/EditorSnapToGridButton.cs","tags":{"FILE_LINE_OF_CODE":"50"}}
{"ts":1741810333644,"action":"FILE_OPENED","file":"/Assets/Scripts/Objects/scrGoal.cs","tags":{"FILE_LINE_OF_CODE":"88"}}
{"ts":1741810443163,"action":"IDE_DEACTIVATED"}
{"ts":1741810444924,"action":"IDE_ACTIVATED"}
{"ts":1741810445656,"action":"IDE_DEACTIVATED"}
{"ts":1741810460211,"action":"IDE_ACTIVATED"}
{"ts":1741810478392,"action":"IDE_DEACTIVATED"}
{"ts":1741810481176,"action":"IDE_ACTIVATED"}
{"ts":1741810482316,"action":"IDE_DEACTIVATED"}
{"ts":1741810483530,"action":"IDE_ACTIVATED"}
{"ts":1741810484145,"action":"IDE_DEACTIVATED"}
{"ts":1741810515864,"action":"IDE_ACTIVATED"}
{"ts":1741810532767,"action":"IDE_DEACTIVATED"}
{"ts":1741810534720,"action":"IDE_ACTIVATED"}
{"ts":1741810542035,"action":"IDE_DEACTIVATED"}
{"ts":1741810544577,"action":"IDE_ACTIVATED"}
{"ts":1741810545887,"action":"IDE_DEACTIVATED"}
{"ts":1741810646628,"action":"IDE_ACTIVATED"}
{"ts":1741810790511,"action":"IDE_DEACTIVATED"}
{"ts":1741810805080,"action":"IDE_ACTIVATED"}
{"ts":1741810872640,"action":"IDE_DEACTIVATED"}
{"ts":1741810875528,"action":"IDE_ACTIVATED"}
{"ts":1741810882527,"action":"IDE_DEACTIVATED"}
{"ts":1741810944495,"action":"IDE_ACTIVATED"}
{"ts":1741810955562,"action":"IDE_DEACTIVATED"}
{"ts":1741811064562,"action":"IDE_ACTIVATED"}
{"ts":1741811065765,"action":"IDE_DEACTIVATED"}
{"ts":1741811066365,"action":"IDE_ACTIVATED"}
{"ts":1741811069901,"action":"IDE_DEACTIVATED"}
{"ts":1741811209832,"action":"IDE_ACTIVATED"}
{"ts":1741811213054,"action":"IDE_DEACTIVATED"}
{"ts":1741811217530,"action":"IDE_ACTIVATED"}
{"ts":1741811221789,"action":"FILE_CLOSED","file":"/Assets/Scripts/Objects/scrGoal.cs","tags":{"FILE_LINE_OF_CODE":"103"}}
{"ts":1741811221789,"action":"FILE_OPENED","file":"/Assets/Scripts/Grid/EditorSnapToGridButton.cs","tags":{"FILE_LINE_OF_CODE":"50"}}
{"ts":1741811241605,"action":"IDE_DEACTIVATED"}
{"ts":1741811254454,"action":"IDE_ACTIVATED"}
{"ts":1741811288561,"action":"IDE_DEACTIVATED"}
{"ts":1741811567703,"action":"IDE_ACTIVATED"}
{"ts":1741811574495,"action":"FILE_CLOSED","file":"/Assets/Scripts/Grid/EditorSnapToGridButton.cs","tags":{"FILE_LINE_OF_CODE":"50"}}
{"ts":1741811574496,"action":"FILE_OPENED","file":"/Assets/Scripts/Objects/scrGoal.cs","tags":{"FILE_LINE_OF_CODE":"103"}}
{"ts":1741811606275,"action":"IDE_DEACTIVATED"}
{"ts":1741811729602,"action":"IDE_ACTIVATED"}
{"ts":1741811730574,"action":"IDE_DEACTIVATED"}
{"ts":1741811732823,"action":"IDE_ACTIVATED"}
{"ts":1741811735830,"action":"IDE_DEACTIVATED"}
{"ts":1741811842318,"action":"IDE_ACTIVATED"}
{"ts":1741811851289,"action":"IDE_DEACTIVATED"}
{"ts":1741811875895,"action":"IDE_ACTIVATED"}
{"ts":1741811936298,"action":"IDE_DEACTIVATED"}
{"ts":1741811942470,"action":"IDE_ACTIVATED"}
{"ts":1741812101081,"action":"IDE_DEACTIVATED"}
{"ts":1741812108184,"action":"IDE_ACTIVATED"}
{"ts":1741812118587,"action":"IDE_DEACTIVATED"}
{"ts":1741812905012,"action":"IDE_DEACTIVATED"}
{"ts":1741812916694,"action":"IDE_ACTIVATED"}
{"ts":1741812972258,"action":"IDE_DEACTIVATED"}
{"ts":1741812972432,"action":"IDE_ACTIVATED"}
{"ts":1741812989954,"action":"IDE_DEACTIVATED"}
{"ts":1743980646170,"action":"PROJECT_OPENED","tags":{"PROJECT_NAME":"MSS_Timeplex"}}
{"ts":1743980652371,"action":"IDE_DEACTIVATED"}
{"ts":1743980661363,"action":"IDE_ACTIVATED"}
{"ts":1743980696666,"action":"IDE_DEACTIVATED"}
{"ts":1743980709295,"action":"IDE_ACTIVATED"}
{"ts":1743980757105,"action":"IDE_DEACTIVATED"}
{"ts":1743980880784,"action":"IDE_ACTIVATED"}
{"ts":1743980905345,"action":"IDE_DEACTIVATED"}
{"ts":1743981137134,"action":"IDE_ACTIVATED"}
{"ts":1743981137792,"action":"IDE_DEACTIVATED"}
{"ts":1743981764487,"action":"IDE_ACTIVATED"}
{"ts":1743981778448,"action":"FILE_CLOSED","file":"/Assets/Scripts/DialogueSystem/Structures.cs","tags":{"FILE_LINE_OF_CODE":"85"}}
{"ts":1743981819797,"action":"IDE_DEACTIVATED"}
{"ts":1743981911364,"action":"IDE_ACTIVATED"}
{"ts":1743981917358,"action":"IDE_DEACTIVATED"}
{"ts":1743981928652,"action":"IDE_ACTIVATED"}
{"ts":1743982005729,"action":"IDE_DEACTIVATED"}
{"ts":1743982027089,"action":"IDE_ACTIVATED"}
{"ts":1743982164115,"action":"IDE_DEACTIVATED"}
{"ts":1743982213211,"action":"IDE_ACTIVATED"}
{"ts":1743982237103,"action":"IDE_DEACTIVATED"}
{"ts":1743982340678,"action":"IDE_ACTIVATED"}
{"ts":1743982347836,"action":"IDE_DEACTIVATED"}
{"ts":1743982350070,"action":"IDE_ACTIVATED"}
{"ts":1743982444791,"action":"IDE_DEACTIVATED"}
{"ts":1743982456145,"action":"IDE_ACTIVATED"}
{"ts":1743982467734,"action":"IDE_DEACTIVATED"}
{"ts":1743982519662,"action":"IDE_ACTIVATED"}
{"ts":1743982590988,"action":"IDE_DEACTIVATED"}
{"ts":1743982599259,"action":"IDE_ACTIVATED"}
{"ts":1743982728280,"action":"IDE_DEACTIVATED"}
{"ts":1743982791890,"action":"IDE_ACTIVATED"}
{"ts":1743982858907,"action":"IDE_DEACTIVATED"}
{"ts":1743982867197,"action":"IDE_ACTIVATED"}
{"ts":1743983116305,"action":"IDE_DEACTIVATED"}
{"ts":1743983124935,"action":"IDE_ACTIVATED"}
{"ts":1743983312685,"action":"IDE_DEACTIVATED"}
{"ts":1743983386591,"action":"IDE_ACTIVATED"}
{"ts":1743983410769,"action":"IDE_DEACTIVATED"}
{"ts":1743983566501,"action":"IDE_ACTIVATED"}
{"ts":1743983589702,"action":"IDE_DEACTIVATED"}
{"ts":1743983597963,"action":"IDE_ACTIVATED"}
{"ts":1743983599310,"action":"IDE_DEACTIVATED"}
{"ts":1743983684543,"action":"IDE_ACTIVATED"}
{"ts":1743983762456,"action":"IDE_DEACTIVATED"}
{"ts":1743983870305,"action":"IDE_ACTIVATED"}
{"ts":1743983905992,"action":"IDE_DEACTIVATED"}
{"ts":1743983943382,"action":"IDE_ACTIVATED"}
{"ts":1743983993490,"action":"IDE_DEACTIVATED"}
{"ts":1743984059038,"action":"IDE_ACTIVATED"}
{"ts":1743984075667,"action":"IDE_DEACTIVATED"}
{"ts":1743984092423,"action":"IDE_ACTIVATED"}
{"ts":1743984116397,"action":"IDE_DEACTIVATED"}
{"ts":1743984118164,"action":"IDE_ACTIVATED"}
{"ts":1743984127735,"action":"IDE_DEACTIVATED"}
{"ts":1743984133882,"action":"IDE_ACTIVATED"}
{"ts":1743984134923,"action":"IDE_DEACTIVATED"}
{"ts":1743984551742,"action":"IDE_ACTIVATED"}
{"ts":1743984576083,"action":"IDE_DEACTIVATED"}
{"ts":1744003362810,"action":"IDE_ACTIVATED"}
{"ts":1744003375010,"action":"PROJECT_CLOSED","tags":{"PROJECT_NAME":"MSS_Timeplex"}}
{"ts":1744038532582,"action":"PROJECT_OPENED","tags":{"PROJECT_NAME":"MSS_Timeplex"}}
{"ts":1744038596667,"action":"FILE_CLOSED","file":"/Assets/Scripts/Menu/StartScreenConfig.cs","tags":{"FILE_LINE_OF_CODE":"33"}}
{"ts":1744038596670,"action":"FILE_OPENED","file":"/Assets/Scripts/Menu/PauseScreenConfig.cs","tags":{"FILE_LINE_OF_CODE":"33"}}
{"ts":1744038699886,"action":"FILE_CLOSED","file":"/Assets/Scripts/Menu/PauseScreenConfig.cs","tags":{"FILE_LINE_OF_CODE":"38"}}
{"ts":1744038699886,"action":"FILE_OPENED","file":"/Assets/Scripts/Menu/StartScreenConfig.cs","tags":{"FILE_LINE_OF_CODE":"33"}}
{"ts":1744038702845,"action":"IDE_DEACTIVATED"}
{"ts":1744039086535,"action":"IDE_ACTIVATED"}
{"ts":1744039092183,"action":"IDE_DEACTIVATED"}
{"ts":1744039224823,"action":"IDE_ACTIVATED"}
{"ts":1744039228575,"action":"IDE_DEACTIVATED"}
{"ts":1744039230481,"action":"IDE_ACTIVATED"}
{"ts":1744039565524,"action":"IDE_DEACTIVATED"}
{"ts":1744039575469,"action":"IDE_ACTIVATED"}
{"ts":1744039619280,"action":"IDE_DEACTIVATED"}
{"ts":1744039623196,"action":"IDE_ACTIVATED"}
{"ts":1744039626412,"action":"IDE_DEACTIVATED"}
{"ts":1744040201605,"action":"IDE_ACTIVATED"}
{"ts":1744040265030,"action":"IDE_DEACTIVATED"}
{"ts":1744040378352,"action":"FILE_CLOSED","file":"/Assets/Scripts/Menu/StartScreenConfig.cs","tags":{"FILE_LINE_OF_CODE":"34"}}
{"ts":1744040378352,"action":"FILE_OPENED","file":"/Assets/Scripts/Menu/PauseScreenConfig.cs","tags":{"FILE_LINE_OF_CODE":"38"}}
{"ts":1744040378382,"action":"IDE_ACTIVATED"}
{"ts":1744040392245,"action":"IDE_DEACTIVATED"}
{"ts":1744040424321,"action":"IDE_ACTIVATED"}
{"ts":1744040424347,"action":"FILE_CLOSED","file":"/Assets/Scripts/Menu/PauseScreenConfig.cs","tags":{"FILE_LINE_OF_CODE":"41"}}
{"ts":1744040424347,"action":"FILE_OPENED","file":"/Library/PackageCache/com.oni_sakana.fries/Fries/Inspector/ValueWrapper/FloatWrapper.cs","tags":{"FILE_LINE_OF_CODE":"29"}}
{"ts":1744040497355,"action":"IDE_DEACTIVATED"}
{"ts":1744040526912,"action":"IDE_ACTIVATED"}
{"ts":1744040540879,"action":"IDE_DEACTIVATED"}
{"ts":1744040542735,"action":"IDE_ACTIVATED"}
{"ts":1744040548195,"action":"IDE_DEACTIVATED"}
{"ts":1744040552332,"action":"IDE_ACTIVATED"}
{"ts":1744040553565,"action":"IDE_DEACTIVATED"}
{"ts":1744040553808,"action":"IDE_ACTIVATED"}
{"ts":1744040555733,"action":"IDE_DEACTIVATED"}
{"ts":1744040606478,"action":"IDE_ACTIVATED"}
{"ts":1744040616195,"action":"IDE_DEACTIVATED"}
{"ts":1744040630134,"action":"IDE_ACTIVATED"}
{"ts":1744040632209,"action":"IDE_DEACTIVATED"}
{"ts":1744040654588,"action":"IDE_ACTIVATED"}
{"ts":1744040655846,"action":"IDE_DEACTIVATED"}
{"ts":1744040657594,"action":"IDE_ACTIVATED"}
{"ts":1744040659370,"action":"IDE_DEACTIVATED"}
{"ts":1744040661592,"action":"IDE_ACTIVATED"}
{"ts":1744040665051,"action":"FILE_CLOSED","file":"/Library/PackageCache/com.oni_sakana.fries/Fries/Inspector/ValueWrapper/FloatWrapper.cs","tags":{"FILE_LINE_OF_CODE":"30"}}
{"ts":1744040665052,"action":"FILE_OPENED","file":"/Assets/Scripts/Menu/PauseScreenConfig.cs","tags":{"FILE_LINE_OF_CODE":"41"}}
{"ts":1744040666071,"action":"FILE_CLOSED","file":"/Assets/Scripts/Menu/PauseScreenConfig.cs","tags":{"FILE_LINE_OF_CODE":"41"}}
{"ts":1744040666071,"action":"FILE_OPENED","file":"/Assets/Scripts/Menu/StartScreenConfig.cs","tags":{"FILE_LINE_OF_CODE":"34"}}
{"ts":1744040706324,"action":"IDE_DEACTIVATED"}
{"ts":1744040708006,"action":"IDE_ACTIVATED"}
{"ts":1744040800842,"action":"IDE_DEACTIVATED"}
{"ts":1744040800851,"action":"IDE_ACTIVATED"}
{"ts":1744040801005,"action":"IDE_DEACTIVATED"}
{"ts":1744040805719,"action":"IDE_ACTIVATED"}
{"ts":1744040807026,"action":"IDE_DEACTIVATED"}
{"ts":1744040807275,"action":"IDE_ACTIVATED"}
{"ts":1744040809522,"action":"IDE_DEACTIVATED"}
{"ts":1744040882743,"action":"IDE_ACTIVATED"}
{"ts":1744041003297,"action":"IDE_DEACTIVATED"}
{"ts":1744041016861,"action":"IDE_ACTIVATED"}
{"ts":1744041042136,"action":"IDE_DEACTIVATED"}
{"ts":1744041092029,"action":"IDE_ACTIVATED"}
{"ts":1744041092291,"action":"PROJECT_CLOSED","tags":{"PROJECT_NAME":"MSS_Timeplex"}}
{"ts":1744041104764,"action":"PROJECT_OPENED","tags":{"PROJECT_NAME":"MSS_Timeplex"}}
{"ts":1744041105386,"action":"IDE_DEACTIVATED"}
{"ts":1744041185563,"action":"IDE_ACTIVATED"}
{"ts":1744041190714,"action":"IDE_DEACTIVATED"}
{"ts":1744041192126,"action":"IDE_ACTIVATED"}
{"ts":1744041230105,"action":"IDE_DEACTIVATED"}
{"ts":1744041236553,"action":"IDE_ACTIVATED"}
{"ts":1744041291191,"action":"IDE_DEACTIVATED"}
{"ts":1744041296690,"action":"IDE_ACTIVATED"}
{"ts":1744041298220,"action":"IDE_DEACTIVATED"}
{"ts":1744041299153,"action":"IDE_ACTIVATED"}
{"ts":1744041300665,"action":"IDE_DEACTIVATED"}
{"ts":1744041301495,"action":"IDE_ACTIVATED"}
{"ts":1744041303941,"action":"FILE_CLOSED","file":"/Assets/Scripts/Menu/PauseScreenConfig.cs","tags":{"FILE_LINE_OF_CODE":"41"}}
{"ts":1744041303941,"action":"FILE_OPENED","file":"/Assets/Scripts/Menu/StartScreenConfig.cs","tags":{"FILE_LINE_OF_CODE":"41"}}
{"ts":1744041434886,"action":"IDE_DEACTIVATED"}
{"ts":1744041561638,"action":"IDE_ACTIVATED"}
{"ts":1744041565652,"action":"IDE_DEACTIVATED"}
{"ts":1744041572192,"action":"IDE_ACTIVATED"}
{"ts":1744041579965,"action":"IDE_DEACTIVATED"}
{"ts":1744041601414,"action":"IDE_ACTIVATED"}
{"ts":1744041611037,"action":"IDE_DEACTIVATED"}
{"ts":1744041618261,"action":"IDE_ACTIVATED"}
{"ts":1744041624290,"action":"IDE_DEACTIVATED"}
{"ts":1744041657843,"action":"IDE_ACTIVATED"}
{"ts":1744041657872,"action":"IDE_DEACTIVATED"}
{"ts":1744041657883,"action":"IDE_ACTIVATED"}
{"ts":1744041662209,"action":"IDE_DEACTIVATED"}
{"ts":1744041768624,"action":"IDE_ACTIVATED"}
{"ts":1744041779825,"action":"IDE_DEACTIVATED"}
{"ts":1744041794244,"action":"IDE_ACTIVATED"}
{"ts":1744041800459,"action":"IDE_DEACTIVATED"}
{"ts":1744041813537,"action":"IDE_ACTIVATED"}
{"ts":1744041816202,"action":"IDE_DEACTIVATED"}
{"ts":1744041848205,"action":"IDE_ACTIVATED"}
{"ts":1744041949298,"action":"IDE_DEACTIVATED"}
{"ts":1744041988526,"action":"IDE_ACTIVATED"}
{"ts":1744042004031,"action":"IDE_DEACTIVATED"}
{"ts":1744042018239,"action":"IDE_ACTIVATED"}
{"ts":1744042019674,"action":"IDE_DEACTIVATED"}
{"ts":1744042123386,"action":"IDE_ACTIVATED"}
{"ts":1744042123863,"action":"IDE_DEACTIVATED"}
{"ts":1744042144360,"action":"IDE_ACTIVATED"}
{"ts":1744042480462,"action":"IDE_DEACTIVATED"}
{"ts":1744042517947,"action":"IDE_ACTIVATED"}
{"ts":1744042525861,"action":"IDE_DEACTIVATED"}
{"ts":1744042571760,"action":"IDE_ACTIVATED"}
{"ts":1744042573197,"action":"IDE_DEACTIVATED"}
{"ts":1744042575298,"action":"IDE_ACTIVATED"}
{"ts":1744042607796,"action":"IDE_DEACTIVATED"}
{"ts":1744042634085,"action":"IDE_ACTIVATED"}
{"ts":1744042649902,"action":"IDE_DEACTIVATED"}
{"ts":1744045284073,"action":"IDE_ACTIVATED"}
{"ts":1744045289323,"action":"IDE_DEACTIVATED"}
{"ts":1744045351862,"action":"IDE_ACTIVATED"}
{"ts":1744045354649,"action":"IDE_DEACTIVATED"}
{"ts":1744045362282,"action":"IDE_ACTIVATED"}
{"ts":1744045370947,"action":"IDE_DEACTIVATED"}
{"ts":1744045378364,"action":"IDE_ACTIVATED"}
{"ts":1744045405476,"action":"IDE_DEACTIVATED"}
{"ts":1744045441465,"action":"IDE_ACTIVATED"}
{"ts":1744045473477,"action":"IDE_DEACTIVATED"}
{"ts":1744045480365,"action":"IDE_ACTIVATED"}
{"ts":1744045503077,"action":"IDE_DEACTIVATED"}
{"ts":1744045510973,"action":"IDE_ACTIVATED"}
{"ts":1744045669835,"action":"IDE_DEACTIVATED"}
{"ts":1744045720165,"action":"IDE_ACTIVATED"}
{"ts":1744045736975,"action":"IDE_DEACTIVATED"}
{"ts":1744045759906,"action":"IDE_ACTIVATED"}
{"ts":1744045759943,"action":"FILE_CLOSED","file":"/Assets/Scripts/Menu/StartScreenConfig.cs","tags":{"FILE_LINE_OF_CODE":"45"}}
{"ts":1744045759943,"action":"FILE_OPENED","file":"/Library/PackageCache/com.oni_sakana.fries/Fries/Inspector/ValueWrapper/FloatWrapper.cs","tags":{"FILE_LINE_OF_CODE":"39"}}
{"ts":1744045770535,"action":"FILE_CLOSED","file":"/Library/PackageCache/com.oni_sakana.fries/Fries/Inspector/ValueWrapper/FloatWrapper.cs","tags":{"FILE_LINE_OF_CODE":"39"}}
{"ts":1744045770535,"action":"FILE_OPENED","file":"/Library/PackageCache/com.oni_sakana.fries/Fries/Inspector/SerializedPropertyExtensions.cs","tags":{"FILE_LINE_OF_CODE":"101"}}
{"ts":1744046658062,"action":"PROJECT_CLOSED","tags":{"PROJECT_NAME":"MSS_Timeplex"}}
{"ts":1744212925429,"action":"PROJECT_OPENED","tags":{"PROJECT_NAME":"MSS_Timeplex"}}
{"ts":1744212976827,"action":"IDE_DEACTIVATED"}
{"ts":1744212987400,"action":"IDE_ACTIVATED"}
{"ts":1744212987444,"action":"FILE_CLOSED","file":"/Assets/Scripts/Menu/PauseScreenConfig.cs","tags":{"FILE_LINE_OF_CODE":"41"}}
{"ts":1744212987444,"action":"FILE_OPENED","file":"/Library/PackageCache/com.oni_sakana.fries/Fries/Inspector/ValueWrapper/FloatWrapper.cs","tags":{"FILE_LINE_OF_CODE":"39"}}
{"ts":1744213005963,"action":"IDE_DEACTIVATED"}
{"ts":1744213009001,"action":"IDE_ACTIVATED"}
{"ts":1744213051479,"action":"IDE_DEACTIVATED"}
{"ts":1744213053651,"action":"IDE_ACTIVATED"}
{"ts":1744213068547,"action":"IDE_DEACTIVATED"}
{"ts":1744213073884,"action":"IDE_ACTIVATED"}
{"ts":1744213081295,"action":"IDE_DEACTIVATED"}
{"ts":1744213082314,"action":"IDE_ACTIVATED"}
{"ts":1744213103255,"action":"IDE_DEACTIVATED"}
{"ts":1744213105873,"action":"IDE_ACTIVATED"}
{"ts":1744213124178,"action":"IDE_DEACTIVATED"}
{"ts":1744213137488,"action":"IDE_ACTIVATED"}
{"ts":1744213178691,"action":"IDE_DEACTIVATED"}
{"ts":1744213198788,"action":"IDE_ACTIVATED"}
{"ts":1744213200969,"action":"IDE_DEACTIVATED"}
{"ts":1744213203191,"action":"IDE_ACTIVATED"}
{"ts":1744213216198,"action":"IDE_DEACTIVATED"}
{"ts":1744213310361,"action":"IDE_ACTIVATED"}
{"ts":1744213312184,"action":"IDE_DEACTIVATED"}
{"ts":1744213320709,"action":"IDE_ACTIVATED"}
{"ts":1744213321317,"action":"FILE_CLOSED","file":"/Library/PackageCache/com.oni_sakana.fries/Fries/Inspector/ValueWrapper/FloatWrapper.cs","tags":{"FILE_LINE_OF_CODE":"41"}}
{"ts":1744213321317,"action":"FILE_OPENED","file":"/Library/PackageCache/com.oni_sakana.fries/Fries/Inspector/ComponentWrapper/ComponentWrapperDrawer.cs","tags":{"FILE_LINE_OF_CODE":"74"}}
{"ts":1744213330286,"action":"IDE_DEACTIVATED"}
{"ts":1744213331653,"action":"FILE_CLOSED","file":"/Library/PackageCache/com.oni_sakana.fries/Fries/Inspector/ComponentWrapper/ComponentWrapperDrawer.cs","tags":{"FILE_LINE_OF_CODE":"74"}}
{"ts":1744213331653,"action":"FILE_OPENED","file":"/Library/PackageCache/com.oni_sakana.fries/Fries/Inspector/ValueWrapper/FloatWrapper.cs","tags":{"FILE_LINE_OF_CODE":"41"}}
{"ts":1744213331664,"action":"IDE_ACTIVATED"}
{"ts":1744213342662,"action":"IDE_DEACTIVATED"}
{"ts":1744213344469,"action":"IDE_ACTIVATED"}
{"ts":1744213354397,"action":"FILE_CLOSED","file":"/Library/PackageCache/com.oni_sakana.fries/Fries/Inspector/ValueWrapper/FloatWrapper.cs","tags":{"FILE_LINE_OF_CODE":"41"}}
{"ts":1744213369319,"action":"IDE_DEACTIVATED"}
{"ts":1744213369570,"action":"IDE_ACTIVATED"}
{"ts":1744213369708,"action":"FILE_OPENED","file":"/Library/PackageCache/com.oni_sakana.fries/Fries/Inspector/ValueWrapper/FloatWrapper.cs","tags":{"FILE_LINE_OF_CODE":"41"}}
{"ts":1744213374308,"action":"FILE_CLOSED","file":"/Library/PackageCache/com.oni_sakana.fries/Fries/Inspector/ValueWrapper/FloatWrapper.cs","tags":{"FILE_LINE_OF_CODE":"41"}}
{"ts":1744213395846,"action":"IDE_DEACTIVATED"}
{"ts":1744213404186,"action":"IDE_ACTIVATED"}
{"ts":1744213404217,"action":"FILE_OPENED","file":"/Library/PackageCache/com.oni_sakana.fries/Fries/Inspector/ValueWrapper/FloatWrapper.cs","tags":{"FILE_LINE_OF_CODE":"41"}}
{"ts":1744213416822,"action":"IDE_DEACTIVATED"}
{"ts":1744213417068,"action":"IDE_ACTIVATED"}
{"ts":1744213426974,"action":"FILE_CLOSED","file":"/Library/PackageCache/com.oni_sakana.fries/Fries/Inspector/ValueWrapper/FloatWrapper.cs","tags":{"FILE_LINE_OF_CODE":"41"}}
{"ts":1744213433680,"action":"IDE_DEACTIVATED"}
{"ts":1744213583957,"action":"IDE_ACTIVATED"}
{"ts":1744213587953,"action":"IDE_DEACTIVATED"}
{"ts":1744213588609,"action":"IDE_ACTIVATED"}
{"ts":1744213595734,"action":"IDE_DEACTIVATED"}
{"ts":1744213600828,"action":"IDE_ACTIVATED"}
{"ts":1744213606539,"action":"FILE_OPENED","file":"/Assets/Scripts/Menu/PauseScreenConfig.cs","tags":{"FILE_LINE_OF_CODE":"41"}}
{"ts":1744213620007,"action":"FILE_CLOSED","file":"/Assets/Scripts/Menu/PauseScreenConfig.cs","tags":{"FILE_LINE_OF_CODE":"41"}}
{"ts":1744213620007,"action":"FILE_OPENED","file":"/Assets/Scripts/Menu/StartScreenConfig.cs","tags":{"FILE_LINE_OF_CODE":"45"}}
{"ts":1744213632897,"action":"IDE_DEACTIVATED"}
{"ts":1744213640695,"action":"IDE_ACTIVATED"}
{"ts":1744213651741,"action":"IDE_DEACTIVATED"}
{"ts":1744213652837,"action":"IDE_ACTIVATED"}
{"ts":1744213676364,"action":"IDE_DEACTIVATED"}
{"ts":1744213715082,"action":"IDE_ACTIVATED"}
{"ts":1744213803718,"action":"IDE_DEACTIVATED"}
{"ts":1744213894599,"action":"IDE_ACTIVATED"}
{"ts":1744213896335,"action":"IDE_DEACTIVATED"}
{"ts":1744214433873,"action":"IDE_ACTIVATED"}
{"ts":1744214439432,"action":"IDE_DEACTIVATED"}
{"ts":1744214581316,"action":"IDE_ACTIVATED"}
{"ts":1744214584518,"action":"FILE_CLOSED","file":"/Assets/Scripts/Menu/StartScreenConfig.cs","tags":{"FILE_LINE_OF_CODE":"69"}}
{"ts":1744214584518,"action":"FILE_OPENED","file":"/Assets/Scripts/Menu/PauseScreenConfig.cs","tags":{"FILE_LINE_OF_CODE":"41"}}
{"ts":1744214666129,"action":"FILE_CLOSED","file":"/Assets/Scripts/Menu/PauseScreenConfig.cs","tags":{"FILE_LINE_OF_CODE":"41"}}
{"ts":1744214666129,"action":"FILE_OPENED","file":"/Assets/Scripts/Menu/StartScreenConfig.cs","tags":{"FILE_LINE_OF_CODE":"69"}}
{"ts":1744214673222,"action":"FILE_CLOSED","file":"/Assets/Scripts/Menu/StartScreenConfig.cs","tags":{"FILE_LINE_OF_CODE":"69"}}
{"ts":1744214673222,"action":"FILE_OPENED","file":"/Assets/Scripts/Menu/PauseScreenConfig.cs","tags":{"FILE_LINE_OF_CODE":"41"}}
{"ts":1744214680929,"action":"IDE_DEACTIVATED"}
{"ts":1744214686683,"action":"IDE_ACTIVATED"}
{"ts":1744214688013,"action":"IDE_DEACTIVATED"}
{"ts":1744214688584,"action":"IDE_ACTIVATED"}
{"ts":1744214789627,"action":"IDE_DEACTIVATED"}
{"ts":1744214790714,"action":"IDE_ACTIVATED"}
{"ts":1744214803356,"action":"IDE_DEACTIVATED"}
{"ts":1744214812071,"action":"IDE_ACTIVATED"}
{"ts":1744214879996,"action":"IDE_DEACTIVATED"}
{"ts":1744214945574,"action":"IDE_ACTIVATED"}
{"ts":1744215197161,"action":"IDE_DEACTIVATED"}
{"ts":1744215327049,"action":"IDE_ACTIVATED"}
{"ts":1744215327076,"action":"FILE_CLOSED","file":"/Assets/Scripts/Menu/PauseScreenConfig.cs","tags":{"FILE_LINE_OF_CODE":"91"}}
{"ts":1744215327076,"action":"FILE_OPENED","file":"/Library/PackageCache/com.unity.ugui/Editor/UGUI/UI/SelectableEditor.cs","tags":{"FILE_LINE_OF_CODE":"384"}}
{"ts":1744215331005,"action":"PROJECT_CLOSED","tags":{"PROJECT_NAME":"MSS_Timeplex"}}
{"ts":1744215531561,"action":"PROJECT_OPENED","tags":{"PROJECT_NAME":"MSS_Timeplex"}}
{"ts":1744215540731,"action":"IDE_DEACTIVATED"}
{"ts":1744215553166,"action":"IDE_ACTIVATED"}
{"ts":1744215554542,"action":"IDE_DEACTIVATED"}
{"ts":1744215586111,"action":"IDE_ACTIVATED"}
{"ts":1744215622339,"action":"IDE_DEACTIVATED"}
{"ts":1744215701443,"action":"FILE_CLOSED","file":"/Assets/Scripts/DialogueSystem/DialogueDisplayer.cs","tags":{"FILE_LINE_OF_CODE":"142"}}
{"ts":1744215701443,"action":"FILE_OPENED","file":"/Assets/Scripts/Imported/GridObject.cs","tags":{"FILE_LINE_OF_CODE":"108"}}
{"ts":1744215701460,"action":"IDE_ACTIVATED"}
{"ts":1744215710211,"action":"IDE_DEACTIVATED"}
{"ts":1744215720225,"action":"IDE_ACTIVATED"}
{"ts":1744215731227,"action":"IDE_DEACTIVATED"}
{"ts":1744215731361,"action":"IDE_ACTIVATED"}
{"ts":1744215746940,"action":"IDE_DEACTIVATED"}
{"ts":1744215759345,"action":"IDE_ACTIVATED"}
{"ts":1744215773570,"action":"IDE_DEACTIVATED"}
{"ts":1744215913129,"action":"IDE_ACTIVATED"}
{"ts":1744215935602,"action":"IDE_DEACTIVATED"}
{"ts":1744216275111,"action":"IDE_ACTIVATED"}
{"ts":1744216282968,"action":"FILE_CLOSED","file":"/Assets/Scripts/Imported/GridObject.cs","tags":{"FILE_LINE_OF_CODE":"108"}}
{"ts":1744216282968,"action":"FILE_OPENED","file":"/Assets/Scripts/Menu/PauseScreenConfig.cs","tags":{"FILE_LINE_OF_CODE":"91"}}
{"ts":1744216314843,"action":"IDE_DEACTIVATED"}
{"ts":1744216328444,"action":"IDE_ACTIVATED"}
{"ts":1744216331947,"action":"FILE_CLOSED","file":"/Assets/Scripts/Menu/PauseScreenConfig.cs","tags":{"FILE_LINE_OF_CODE":"91"}}
{"ts":1744216331947,"action":"FILE_OPENED","file":"/Assets/Scripts/Menu/StartScreenConfig.cs","tags":{"FILE_LINE_OF_CODE":"69"}}
{"ts":1744216332458,"action":"IDE_DEACTIVATED"}
{"ts":1744216333761,"action":"IDE_ACTIVATED"}
{"ts":1744216342703,"action":"IDE_DEACTIVATED"}
{"ts":1744216588787,"action":"IDE_ACTIVATED"}
{"ts":1744216603190,"action":"IDE_DEACTIVATED"}
{"ts":1744216604099,"action":"IDE_ACTIVATED"}
{"ts":1744216605321,"action":"IDE_DEACTIVATED"}
{"ts":1744216606234,"action":"IDE_ACTIVATED"}
{"ts":1744216656453,"action":"FILE_CLOSED","file":"/Assets/Scripts/Menu/StartScreenConfig.cs","tags":{"FILE_LINE_OF_CODE":"75"}}
{"ts":1744216656453,"action":"FILE_OPENED","file":"/Assets/Scripts/Menu/PauseScreenConfig.cs","tags":{"FILE_LINE_OF_CODE":"91"}}
{"ts":1744216659809,"action":"FILE_CLOSED","file":"/Assets/Scripts/Menu/PauseScreenConfig.cs","tags":{"FILE_LINE_OF_CODE":"91"}}
{"ts":1744216659809,"action":"FILE_OPENED","file":"/Assets/Scripts/Menu/StartScreenConfig.cs","tags":{"FILE_LINE_OF_CODE":"75"}}
{"ts":1744216663636,"action":"FILE_CLOSED","file":"/Assets/Scripts/Menu/StartScreenConfig.cs","tags":{"FILE_LINE_OF_CODE":"75"}}
{"ts":1744216663636,"action":"FILE_OPENED","file":"/Assets/Scripts/Menu/PauseScreenConfig.cs","tags":{"FILE_LINE_OF_CODE":"91"}}
{"ts":1744216673297,"action":"FILE_CLOSED","file":"/Assets/Scripts/Menu/PauseScreenConfig.cs","tags":{"FILE_LINE_OF_CODE":"99"}}
{"ts":1744216673298,"action":"FILE_OPENED","file":"/Assets/Scripts/Menu/StartScreenConfig.cs","tags":{"FILE_LINE_OF_CODE":"75"}}
{"ts":1744216677695,"action":"FILE_CLOSED","file":"/Assets/Scripts/Menu/StartScreenConfig.cs","tags":{"FILE_LINE_OF_CODE":"75"}}
{"ts":1744216677695,"action":"FILE_OPENED","file":"/Assets/Scripts/Menu/PauseScreenConfig.cs","tags":{"FILE_LINE_OF_CODE":"99"}}
{"ts":1744216689308,"action":"IDE_DEACTIVATED"}
{"ts":1744216843250,"action":"IDE_ACTIVATED"}
{"ts":1744216859210,"action":"FILE_CLOSED","file":"/Assets/Scripts/Menu/PauseScreenConfig.cs","tags":{"FILE_LINE_OF_CODE":"95"}}
{"ts":1744216859210,"action":"FILE_OPENED","file":"/Assets/Scripts/Menu/StartScreenConfig.cs","tags":{"FILE_LINE_OF_CODE":"75"}}
{"ts":1744216868614,"action":"IDE_DEACTIVATED"}
{"ts":1744216909416,"action":"IDE_ACTIVATED"}
{"ts":1744216913153,"action":"IDE_DEACTIVATED"}
{"ts":1744255696153,"action":"IDE_ACTIVATED"}
{"ts":1744255739557,"action":"IDE_DEACTIVATED"}
{"ts":1744343757685,"action":"IDE_ACTIVATED"}
{"ts":1744343853679,"action":"IDE_DEACTIVATED"}
{"ts":1744343859048,"action":"IDE_ACTIVATED"}
{"ts":1744343885334,"action":"IDE_DEACTIVATED"}
{"ts":1744414320209,"action":"IDE_ACTIVATED"}
{"ts":1744414324022,"action":"IDE_DEACTIVATED"}
{"ts":1744414325698,"action":"IDE_ACTIVATED"}
{"ts":1744414344461,"action":"IDE_DEACTIVATED"}
{"ts":1744414345500,"action":"IDE_ACTIVATED"}
{"ts":1744414347698,"action":"IDE_DEACTIVATED"}
{"ts":1744414351995,"action":"IDE_ACTIVATED"}
{"ts":1744414356837,"action":"IDE_DEACTIVATED"}
{"ts":1744414373854,"action":"IDE_ACTIVATED"}
{"ts":1744414424097,"action":"IDE_DEACTIVATED"}
{"ts":1744414430388,"action":"IDE_ACTIVATED"}
{"ts":1744414435317,"action":"IDE_DEACTIVATED"}
{"ts":1744414481596,"action":"IDE_ACTIVATED"}
{"ts":1744414594241,"action":"IDE_DEACTIVATED"}
{"ts":1744415907346,"action":"IDE_ACTIVATED"}
{"ts":1744415927026,"action":"IDE_DEACTIVATED"}
{"ts":1744416121668,"action":"IDE_ACTIVATED"}
{"ts":1744416139083,"action":"IDE_DEACTIVATED"}
{"ts":1744416139194,"action":"IDE_ACTIVATED"}
{"ts":1744416149274,"action":"IDE_DEACTIVATED"}
{"ts":1744416283259,"action":"IDE_ACTIVATED"}
{"ts":1744416293608,"action":"IDE_DEACTIVATED"}
{"ts":1744416667832,"action":"IDE_ACTIVATED"}
{"ts":1744416681984,"action":"IDE_DEACTIVATED"}
{"ts":1744439062951,"action":"IDE_ACTIVATED"}
{"ts":1744439401290,"action":"IDE_DEACTIVATED"}
{"ts":1744439424571,"action":"IDE_ACTIVATED"}
{"ts":1744439444591,"action":"IDE_DEACTIVATED"}
{"ts":1744442359325,"action":"IDE_ACTIVATED"}
{"ts":1744442432147,"action":"IDE_DEACTIVATED"}
{"ts":1744442468259,"action":"IDE_ACTIVATED"}
{"ts":1744442563655,"action":"IDE_DEACTIVATED"}
{"ts":1744442588370,"action":"IDE_ACTIVATED"}
{"ts":1744442754361,"action":"IDE_DEACTIVATED"}
{"ts":1744442772932,"action":"IDE_ACTIVATED"}
{"ts":1744442776165,"action":"IDE_DEACTIVATED"}
{"ts":1744442810207,"action":"IDE_ACTIVATED"}
{"ts":1744442898019,"action":"IDE_DEACTIVATED"}
{"ts":1744481614913,"action":"IDE_ACTIVATED"}
{"ts":1744481624306,"action":"IDE_DEACTIVATED"}
{"ts":1744482176326,"action":"IDE_ACTIVATED"}
{"ts":1744482231282,"action":"IDE_DEACTIVATED"}
{"ts":1744482616112,"action":"IDE_ACTIVATED"}
{"ts":1744482667712,"action":"IDE_DEACTIVATED"}
{"ts":1744483145471,"action":"IDE_ACTIVATED"}
{"ts":1744483152537,"action":"IDE_DEACTIVATED"}
{"ts":1744483153504,"action":"IDE_ACTIVATED"}
{"ts":1744483185651,"action":"IDE_DEACTIVATED"}
{"ts":1744483193609,"action":"IDE_ACTIVATED"}
{"ts":1744483196321,"action":"IDE_DEACTIVATED"}
{"ts":1744485384168,"action":"IDE_ACTIVATED"}
{"ts":1744485421572,"action":"IDE_DEACTIVATED"}
{"ts":1744485459888,"action":"IDE_ACTIVATED"}
{"ts":1744485485644,"action":"IDE_DEACTIVATED"}
{"ts":1744485543154,"action":"IDE_ACTIVATED"}
{"ts":1744485622122,"action":"IDE_DEACTIVATED"}
{"ts":1744485645855,"action":"IDE_ACTIVATED"}
{"ts":1744485763516,"action":"IDE_DEACTIVATED"}
{"ts":1744485794578,"action":"IDE_ACTIVATED"}
{"ts":1744485803708,"action":"IDE_DEACTIVATED"}
{"ts":1744486424527,"action":"IDE_ACTIVATED"}
{"ts":1744486430719,"action":"IDE_DEACTIVATED"}
{"ts":1744486593833,"action":"IDE_ACTIVATED"}
{"ts":1744486604948,"action":"IDE_DEACTIVATED"}
{"ts":1744486608690,"action":"IDE_ACTIVATED"}
{"ts":1744486615555,"action":"IDE_DEACTIVATED"}
{"ts":1744486624828,"action":"IDE_ACTIVATED"}
{"ts":1744486627139,"action":"IDE_DEACTIVATED"}
{"ts":1744486702945,"action":"IDE_ACTIVATED"}
{"ts":1744486709439,"action":"IDE_DEACTIVATED"}
{"ts":1744486763116,"action":"IDE_ACTIVATED"}
{"ts":1744486769263,"action":"IDE_DEACTIVATED"}
{"ts":1744486800457,"action":"IDE_ACTIVATED"}
{"ts":1744486804760,"action":"IDE_DEACTIVATED"}
{"ts":1744486850062,"action":"IDE_ACTIVATED"}
{"ts":1744486862240,"action":"IDE_DEACTIVATED"}
{"ts":1744486865022,"action":"IDE_ACTIVATED"}
{"ts":1744486872090,"action":"IDE_DEACTIVATED"}
{"ts":1744487368880,"action":"IDE_ACTIVATED"}
{"ts":1744487512907,"action":"IDE_DEACTIVATED"}
{"ts":1744487567380,"action":"IDE_ACTIVATED"}
{"ts":1744487570939,"action":"IDE_DEACTIVATED"}
{"ts":1744487572255,"action":"IDE_ACTIVATED"}
{"ts":1744487572730,"action":"IDE_DEACTIVATED"}
{"ts":1744487579743,"action":"IDE_ACTIVATED"}
{"ts":1744488391106,"action":"IDE_DEACTIVATED"}
{"ts":1744488398916,"action":"IDE_ACTIVATED"}
{"ts":1744488403069,"action":"IDE_DEACTIVATED"}
{"ts":1744488669731,"action":"IDE_ACTIVATED"}
{"ts":1744488687515,"action":"IDE_DEACTIVATED"}
{"ts":1744488690015,"action":"IDE_ACTIVATED"}
{"ts":1744488760545,"action":"IDE_DEACTIVATED"}
{"ts":1744488788948,"action":"IDE_ACTIVATED"}
{"ts":1744488809277,"action":"IDE_DEACTIVATED"}
{"ts":1744488897598,"action":"IDE_ACTIVATED"}
{"ts":1744488988850,"action":"IDE_DEACTIVATED"}
{"ts":1744488998906,"action":"IDE_ACTIVATED"}
{"ts":1744489898960,"action":"IDE_DEACTIVATED"}
{"ts":1744490201493,"action":"IDE_ACTIVATED"}
{"ts":1744490203124,"action":"IDE_DEACTIVATED"}
{"ts":1744490203995,"action":"IDE_ACTIVATED"}
{"ts":1744490266300,"action":"IDE_DEACTIVATED"}
{"ts":1744490275946,"action":"IDE_ACTIVATED"}
{"ts":1744490488417,"action":"IDE_DEACTIVATED"}
{"ts":1744491686127,"action":"IDE_ACTIVATED"}
{"ts":1744491830986,"action":"IDE_DEACTIVATED"}
{"ts":1744491957995,"action":"IDE_ACTIVATED"}
{"ts":1744492519897,"action":"IDE_DEACTIVATED"}
{"ts":1744492565408,"action":"IDE_ACTIVATED"}
{"ts":1744493160542,"action":"IDE_DEACTIVATED"}
{"ts":1744493169076,"action":"IDE_ACTIVATED"}
{"ts":1744493210927,"action":"IDE_DEACTIVATED"}
{"ts":1744493212695,"action":"IDE_ACTIVATED"}
{"ts":1744493293007,"action":"IDE_DEACTIVATED"}
{"ts":1744493313980,"action":"IDE_ACTIVATED"}
{"ts":1744493316872,"action":"IDE_DEACTIVATED"}
{"ts":1744493317785,"action":"IDE_ACTIVATED"}
{"ts":1744493467175,"action":"IDE_DEACTIVATED"}
{"ts":1744493547910,"action":"IDE_ACTIVATED"}
{"ts":1744493600803,"action":"IDE_DEACTIVATED"}
{"ts":1744493611000,"action":"IDE_ACTIVATED"}
{"ts":1744493650492,"action":"IDE_DEACTIVATED"}
{"ts":1744493703229,"action":"IDE_ACTIVATED"}
{"ts":1744493836075,"action":"IDE_DEACTIVATED"}
{"ts":1744493858253,"action":"IDE_ACTIVATED"}
{"ts":1744493873820,"action":"IDE_DEACTIVATED"}
{"ts":1744493892601,"action":"IDE_ACTIVATED"}
{"ts":1744494145312,"action":"IDE_DEACTIVATED"}
{"ts":1744494179316,"action":"IDE_ACTIVATED"}
{"ts":1744494200460,"action":"IDE_DEACTIVATED"}
{"ts":1744494309383,"action":"IDE_ACTIVATED"}
{"ts":1744494310191,"action":"IDE_DEACTIVATED"}
{"ts":1744494310846,"action":"IDE_ACTIVATED"}
{"ts":1744494417496,"action":"IDE_DEACTIVATED"}
{"ts":1744494448540,"action":"IDE_ACTIVATED"}
{"ts":1744494456424,"action":"IDE_DEACTIVATED"}
{"ts":1744632237033,"action":"IDE_ACTIVATED"}
{"ts":1744632246543,"action":"IDE_DEACTIVATED"}
{"ts":1744632268936,"action":"IDE_ACTIVATED"}
{"ts":1744632304095,"action":"IDE_DEACTIVATED"}
{"ts":1744632309071,"action":"IDE_ACTIVATED"}
{"ts":1744632568695,"action":"IDE_DEACTIVATED"}
{"ts":1744632572266,"action":"IDE_ACTIVATED"}
{"ts":1744632572853,"action":"IDE_DEACTIVATED"}
{"ts":1744632698917,"action":"IDE_ACTIVATED"}
{"ts":1744633030493,"action":"IDE_DEACTIVATED"}
{"ts":1744633084621,"action":"IDE_ACTIVATED"}
{"ts":1744633220443,"action":"IDE_DEACTIVATED"}
{"ts":1744633224406,"action":"IDE_ACTIVATED"}
{"ts":1744633437667,"action":"IDE_DEACTIVATED"}
{"ts":1744633584764,"action":"IDE_ACTIVATED"}
{"ts":1744633588718,"action":"IDE_DEACTIVATED"}
{"ts":1744633592919,"action":"IDE_ACTIVATED"}
{"ts":1744633602644,"action":"IDE_DEACTIVATED"}
{"ts":1744633641889,"action":"IDE_ACTIVATED"}
{"ts":1744633756423,"action":"IDE_DEACTIVATED"}
{"ts":1744633906873,"action":"IDE_ACTIVATED"}
{"ts":1744633920078,"action":"IDE_DEACTIVATED"}
{"ts":1744633925831,"action":"IDE_ACTIVATED"}
{"ts":1744634109352,"action":"IDE_DEACTIVATED"}
{"ts":1744634192636,"action":"IDE_ACTIVATED"}
{"ts":1744634193875,"action":"IDE_DEACTIVATED"}
{"ts":1744634195290,"action":"IDE_ACTIVATED"}
{"ts":1744634225618,"action":"IDE_DEACTIVATED"}
{"ts":1744634284321,"action":"IDE_ACTIVATED"}
{"ts":1744634312386,"action":"IDE_DEACTIVATED"}
{"ts":1744634332489,"action":"IDE_ACTIVATED"}
{"ts":1744634342638,"action":"IDE_DEACTIVATED"}
{"ts":1744634406605,"action":"IDE_ACTIVATED"}
{"ts":1744634413421,"action":"IDE_DEACTIVATED"}
{"ts":1744634429900,"action":"IDE_ACTIVATED"}
{"ts":1744634442544,"action":"IDE_DEACTIVATED"}
{"ts":1744634447158,"action":"IDE_ACTIVATED"}
{"ts":1744634482228,"action":"IDE_DEACTIVATED"}
{"ts":1744634507508,"action":"IDE_ACTIVATED"}
{"ts":1744634516626,"action":"IDE_DEACTIVATED"}
{"ts":1744634522910,"action":"IDE_ACTIVATED"}
{"ts":1744634525347,"action":"IDE_DEACTIVATED"}
{"ts":1744634534044,"action":"IDE_ACTIVATED"}
{"ts":1744634538449,"action":"IDE_DEACTIVATED"}
{"ts":1744634571789,"action":"IDE_ACTIVATED"}
{"ts":1744634582278,"action":"IDE_DEACTIVATED"}
{"ts":1744634588117,"action":"IDE_ACTIVATED"}
{"ts":1744634615348,"action":"IDE_DEACTIVATED"}
{"ts":1744634631151,"action":"IDE_ACTIVATED"}
{"ts":1744634700021,"action":"IDE_DEACTIVATED"}
{"ts":1744634703665,"action":"IDE_ACTIVATED"}
{"ts":1744634728321,"action":"IDE_DEACTIVATED"}
{"ts":1744634736853,"action":"IDE_ACTIVATED"}
{"ts":1744634741276,"action":"IDE_DEACTIVATED"}
{"ts":1744634745303,"action":"IDE_ACTIVATED"}
{"ts":1744634817688,"action":"IDE_DEACTIVATED"}
{"ts":1744634893897,"action":"IDE_ACTIVATED"}
{"ts":1744634904871,"action":"IDE_DEACTIVATED"}
{"ts":1744634919904,"action":"IDE_ACTIVATED"}
{"ts":1744634925517,"action":"IDE_DEACTIVATED"}
{"ts":1744634929139,"action":"IDE_ACTIVATED"}
{"ts":1744634931080,"action":"IDE_DEACTIVATED"}
{"ts":1744634942546,"action":"IDE_ACTIVATED"}
{"ts":1744634955561,"action":"IDE_DEACTIVATED"}
{"ts":1744635000893,"action":"IDE_ACTIVATED"}
{"ts":1744635054178,"action":"IDE_DEACTIVATED"}
{"ts":1744635057621,"action":"IDE_ACTIVATED"}
{"ts":1744635068640,"action":"IDE_DEACTIVATED"}
{"ts":1744635095858,"action":"IDE_ACTIVATED"}
{"ts":1744635107673,"action":"IDE_DEACTIVATED"}
{"ts":1744635145168,"action":"IDE_ACTIVATED"}
{"ts":1744635169567,"action":"IDE_DEACTIVATED"}
{"ts":1744635231579,"action":"IDE_ACTIVATED"}
{"ts":1744635256295,"action":"IDE_DEACTIVATED"}
{"ts":1744635262979,"action":"IDE_ACTIVATED"}
{"ts":1744635365078,"action":"IDE_DEACTIVATED"}
{"ts":1744635381116,"action":"IDE_ACTIVATED"}
{"ts":1744635385057,"action":"IDE_DEACTIVATED"}
{"ts":1744635482725,"action":"IDE_ACTIVATED"}
{"ts":1744635487480,"action":"IDE_DEACTIVATED"}
{"ts":1744635529970,"action":"IDE_ACTIVATED"}
{"ts":1744635669012,"action":"IDE_DEACTIVATED"}
{"ts":1744635729150,"action":"IDE_ACTIVATED"}
{"ts":1744635733355,"action":"IDE_DEACTIVATED"}
{"ts":1744635755444,"action":"IDE_ACTIVATED"}
{"ts":1744635779950,"action":"IDE_DEACTIVATED"}
{"ts":1744635799308,"action":"IDE_ACTIVATED"}
{"ts":1744635962447,"action":"IDE_DEACTIVATED"}
{"ts":1744636007893,"action":"IDE_ACTIVATED"}
{"ts":1744636019333,"action":"IDE_DEACTIVATED"}
{"ts":1744636041523,"action":"IDE_ACTIVATED"}
{"ts":1744636050136,"action":"IDE_DEACTIVATED"}
{"ts":1744636091394,"action":"IDE_ACTIVATED"}
{"ts":1744636111331,"action":"IDE_DEACTIVATED"}
{"ts":1744636112547,"action":"IDE_ACTIVATED"}
{"ts":1744636123309,"action":"IDE_DEACTIVATED"}
{"ts":1744636130100,"action":"IDE_ACTIVATED"}
{"ts":1744636131459,"action":"IDE_DEACTIVATED"}
{"ts":1744636133083,"action":"IDE_ACTIVATED"}
{"ts":1744636170771,"action":"IDE_DEACTIVATED"}
{"ts":1744636173733,"action":"IDE_ACTIVATED"}
{"ts":1744636240428,"action":"IDE_DEACTIVATED"}
{"ts":1744636313962,"action":"IDE_ACTIVATED"}
{"ts":1744636332435,"action":"IDE_DEACTIVATED"}
{"ts":1744636373844,"action":"IDE_ACTIVATED"}
{"ts":1744636376827,"action":"IDE_DEACTIVATED"}
{"ts":1744636414562,"action":"IDE_ACTIVATED"}
{"ts":1744636444967,"action":"IDE_DEACTIVATED"}
{"ts":1744636471134,"action":"IDE_ACTIVATED"}
{"ts":1744636493341,"action":"IDE_DEACTIVATED"}
{"ts":1744636536868,"action":"IDE_ACTIVATED"}
{"ts":1744636541084,"action":"IDE_DEACTIVATED"}
{"ts":1744636546872,"action":"IDE_ACTIVATED"}
{"ts":1744636589121,"action":"IDE_DEACTIVATED"}
{"ts":1744636624909,"action":"IDE_ACTIVATED"}
{"ts":1744636640815,"action":"IDE_DEACTIVATED"}
{"ts":1744636703753,"action":"IDE_ACTIVATED"}
{"ts":1744636704662,"action":"IDE_DEACTIVATED"}
{"ts":1744636732602,"action":"IDE_ACTIVATED"}
{"ts":1744636745999,"action":"IDE_DEACTIVATED"}
{"ts":1744636747186,"action":"IDE_ACTIVATED"}
{"ts":1744636769807,"action":"IDE_DEACTIVATED"}
{"ts":1744636851208,"action":"IDE_ACTIVATED"}
{"ts":1744636862600,"action":"IDE_DEACTIVATED"}
{"ts":1744636863463,"action":"IDE_ACTIVATED"}
{"ts":1744636866363,"action":"IDE_DEACTIVATED"}
{"ts":1744636867059,"action":"IDE_ACTIVATED"}
{"ts":1744636869950,"action":"IDE_DEACTIVATED"}
{"ts":1744637408186,"action":"IDE_ACTIVATED"}
{"ts":1744637421580,"action":"IDE_DEACTIVATED"}
{"ts":1744637447065,"action":"IDE_ACTIVATED"}
{"ts":1744637457810,"action":"IDE_DEACTIVATED"}
{"ts":1744637480200,"action":"IDE_ACTIVATED"}
{"ts":1744637492068,"action":"IDE_DEACTIVATED"}
{"ts":1744637498563,"action":"IDE_ACTIVATED"}
{"ts":1744637511565,"action":"IDE_DEACTIVATED"}
{"ts":1744637511957,"action":"IDE_ACTIVATED"}
{"ts":1744637599376,"action":"IDE_DEACTIVATED"}
{"ts":1744637601319,"action":"IDE_ACTIVATED"}
{"ts":1744637618550,"action":"IDE_DEACTIVATED"}
{"ts":1744637627119,"action":"IDE_ACTIVATED"}
{"ts":1744637809294,"action":"IDE_DEACTIVATED"}
{"ts":1744637828033,"action":"IDE_ACTIVATED"}
{"ts":1744637834033,"action":"IDE_DEACTIVATED"}
{"ts":1744637943158,"action":"IDE_ACTIVATED"}
{"ts":1744637948326,"action":"IDE_DEACTIVATED"}
{"ts":1744637955371,"action":"IDE_ACTIVATED"}
{"ts":1744637957576,"action":"IDE_DEACTIVATED"}
{"ts":1744638012523,"action":"IDE_ACTIVATED"}
{"ts":1744638082090,"action":"IDE_DEACTIVATED"}
{"ts":1744638112478,"action":"IDE_ACTIVATED"}
{"ts":1744638116663,"action":"IDE_DEACTIVATED"}
{"ts":1744638127407,"action":"IDE_ACTIVATED"}
{"ts":1744638129754,"action":"IDE_DEACTIVATED"}
{"ts":1744638358235,"action":"IDE_ACTIVATED"}
{"ts":1744638443929,"action":"IDE_DEACTIVATED"}
{"ts":1744638477423,"action":"IDE_ACTIVATED"}
{"ts":1744638478172,"action":"IDE_DEACTIVATED"}
{"ts":1744638479847,"action":"IDE_ACTIVATED"}
{"ts":1744638511474,"action":"IDE_DEACTIVATED"}
{"ts":1744638550714,"action":"IDE_ACTIVATED"}
{"ts":1744638558189,"action":"IDE_DEACTIVATED"}
{"ts":1744638656461,"action":"IDE_ACTIVATED"}
{"ts":1744639071234,"action":"IDE_DEACTIVATED"}
{"ts":1744639071821,"action":"IDE_ACTIVATED"}
{"ts":1744639188434,"action":"IDE_DEACTIVATED"}
{"ts":1744639191737,"action":"IDE_ACTIVATED"}
{"ts":1744639257103,"action":"IDE_DEACTIVATED"}
{"ts":1744639261077,"action":"IDE_ACTIVATED"}
{"ts":1744639405913,"action":"IDE_DEACTIVATED"}
{"ts":1744639412047,"action":"IDE_ACTIVATED"}
{"ts":1744639471167,"action":"IDE_DEACTIVATED"}
{"ts":1744639497578,"action":"IDE_ACTIVATED"}
{"ts":1744639500436,"action":"IDE_DEACTIVATED"}
{"ts":1744639540789,"action":"IDE_ACTIVATED"}
{"ts":1744639542823,"action":"IDE_DEACTIVATED"}
{"ts":1744639560900,"action":"IDE_ACTIVATED"}
{"ts":1744639563069,"action":"IDE_DEACTIVATED"}
{"ts":1744639563833,"action":"IDE_ACTIVATED"}
{"ts":1744639567914,"action":"PROJECT_CLOSED","tags":{"PROJECT_NAME":"MSS_Timeplex"}}
{"ts":1744818423491,"action":"PROJECT_OPENED","tags":{"PROJECT_NAME":"MSS_Timeplex"}}
{"ts":1744818428815,"action":"IDE_ACTIVATED"}
{"ts":1744818431408,"action":"IDE_DEACTIVATED"}
{"ts":1744818431424,"action":"IDE_ACTIVATED"}
{"ts":1744818439066,"action":"IDE_DEACTIVATED"}
{"ts":1744818442795,"action":"IDE_ACTIVATED"}
{"ts":1744818443826,"action":"IDE_DEACTIVATED"}
{"ts":1744818448541,"action":"IDE_ACTIVATED"}
{"ts":1744818461850,"action":"FILE_CLOSED","file":"/Assets/Scripts/Menu/StartScreenConfig.cs","tags":{"FILE_LINE_OF_CODE":"73"}}
{"ts":1744818461850,"action":"FILE_OPENED","file":"/Assets/Scripts/Menu/PauseScreenConfig.cs","tags":{"FILE_LINE_OF_CODE":"95"}}
{"ts":1744818496937,"action":"IDE_DEACTIVATED"}
{"ts":1744818637326,"action":"IDE_ACTIVATED"}
{"ts":1744818930057,"action":"IDE_ACTIVATED"}
{"ts":1744818930072,"action":"FILE_OPENED","file":"/Assets/Scripts/Imported/GridObject.cs","tags":{"FILE_LINE_OF_CODE":"108"}}
{"ts":1744818930211,"action":"FILE_CLOSED","file":"/Assets/Scripts/Imported/GridObject.cs","tags":{"FILE_LINE_OF_CODE":"108"}}
{"ts":1744819025893,"action":"IDE_DEACTIVATED"}
{"ts":1744819331397,"action":"IDE_ACTIVATED"}
{"ts":1744819334000,"action":"IDE_DEACTIVATED"}
{"ts":1744819336300,"action":"IDE_ACTIVATED"}
{"ts":1744819395135,"action":"IDE_DEACTIVATED"}
{"ts":1744819552067,"action":"IDE_ACTIVATED"}
{"ts":1744819555376,"action":"FILE_CLOSED","file":"/Assets/Scripts/Menu/SceneJumper.cs","tags":{"FILE_LINE_OF_CODE":"13"}}
{"ts":1744819555376,"action":"FILE_OPENED","file":"/Assets/Scripts/Menu/StartScreenConfig.cs","tags":{"FILE_LINE_OF_CODE":"73"}}
{"ts":1744819704495,"action":"IDE_DEACTIVATED"}
{"ts":1744819712710,"action":"IDE_ACTIVATED"}
{"ts":1744819806675,"action":"IDE_DEACTIVATED"}
{"ts":1744819811172,"action":"IDE_ACTIVATED"}
{"ts":1744819814746,"action":"IDE_DEACTIVATED"}
{"ts":1744820310408,"action":"IDE_ACTIVATED"}
{"ts":1744820385782,"action":"IDE_DEACTIVATED"}
{"ts":1744820387296,"action":"IDE_ACTIVATED"}
{"ts":1744820473304,"action":"IDE_DEACTIVATED"}
{"ts":1744820478084,"action":"IDE_ACTIVATED"}
{"ts":1744820742298,"action":"IDE_DEACTIVATED"}
{"ts":1744821055902,"action":"IDE_ACTIVATED"}
{"ts":1744821059807,"action":"IDE_DEACTIVATED"}
{"ts":1744821061594,"action":"IDE_ACTIVATED"}
{"ts":1744821076004,"action":"FILE_CLOSED","file":"/Assets/Scripts/Menu/StartScreenConfig.cs","tags":{"FILE_LINE_OF_CODE":"73"}}
{"ts":1744821076004,"action":"FILE_OPENED","file":"/Assets/Scripts/DialogueSystem/CommandManager.cs","tags":{"FILE_LINE_OF_CODE":"89"}}
{"ts":1744821080256,"action":"FILE_CLOSED","file":"/Assets/Scripts/DialogueSystem/CommandManager.cs","tags":{"FILE_LINE_OF_CODE":"89"}}
{"ts":1744821080256,"action":"FILE_OPENED","file":"/Assets/Scripts/DialogueSystem/CommandAttribute.cs","tags":{"FILE_LINE_OF_CODE":"13"}}
{"ts":1744821085172,"action":"FILE_CLOSED","file":"/Assets/Scripts/DialogueSystem/CommandAttribute.cs","tags":{"FILE_LINE_OF_CODE":"13"}}
{"ts":1744821085172,"action":"FILE_OPENED","file":"/Assets/Scripts/DialogueSystem/DialogueCommands.cs","tags":{"FILE_LINE_OF_CODE":"54"}}
{"ts":1744821348778,"action":"IDE_DEACTIVATED"}
{"ts":1744821353556,"action":"IDE_ACTIVATED"}
{"ts":1744821596452,"action":"IDE_DEACTIVATED"}
{"ts":1744821789265,"action":"IDE_ACTIVATED"}
{"ts":1744821796251,"action":"IDE_DEACTIVATED"}
{"ts":1744821902646,"action":"IDE_ACTIVATED"}
{"ts":1744821935123,"action":"IDE_DEACTIVATED"}
{"ts":1744821942988,"action":"IDE_ACTIVATED"}
{"ts":1744822034076,"action":"IDE_DEACTIVATED"}
{"ts":1744822110787,"action":"IDE_ACTIVATED"}
{"ts":1744822123670,"action":"IDE_DEACTIVATED"}
{"ts":1744822133363,"action":"IDE_ACTIVATED"}
{"ts":1744822173840,"action":"IDE_DEACTIVATED"}
{"ts":1744822177965,"action":"IDE_ACTIVATED"}
{"ts":1744822222123,"action":"IDE_DEACTIVATED"}
{"ts":1744822223794,"action":"IDE_ACTIVATED"}
{"ts":1744822247697,"action":"FILE_CLOSED","file":"/Assets/Scripts/DialogueSystem/DialogueCommands.cs","tags":{"FILE_LINE_OF_CODE":"54"}}
{"ts":1744822247697,"action":"FILE_OPENED","file":"/Assets/Scripts/DialogueSystem/CommandManager.cs","tags":{"FILE_LINE_OF_CODE":"89"}}
{"ts":1744822337585,"action":"IDE_DEACTIVATED"}
{"ts":1744822339056,"action":"IDE_ACTIVATED"}
{"ts":1744822500098,"action":"IDE_DEACTIVATED"}
{"ts":1744822575846,"action":"IDE_ACTIVATED"}
{"ts":1744822609437,"action":"IDE_DEACTIVATED"}
{"ts":1744822738612,"action":"IDE_ACTIVATED"}
{"ts":1744822767929,"action":"IDE_DEACTIVATED"}
{"ts":1744822798773,"action":"IDE_ACTIVATED"}
{"ts":1744822805266,"action":"IDE_DEACTIVATED"}
{"ts":1744822814881,"action":"IDE_ACTIVATED"}
{"ts":1744822968370,"action":"IDE_DEACTIVATED"}
{"ts":1744823011133,"action":"IDE_ACTIVATED"}
{"ts":1744823017134,"action":"IDE_DEACTIVATED"}
{"ts":1744823085752,"action":"IDE_ACTIVATED"}
{"ts":1744823099241,"action":"IDE_DEACTIVATED"}
{"ts":1744823100573,"action":"IDE_ACTIVATED"}
{"ts":1744823102577,"action":"FILE_CLOSED","file":"/Assets/Scripts/DialogueSystem/CommandManager.cs","tags":{"FILE_LINE_OF_CODE":"89"}}
{"ts":1744823102577,"action":"FILE_OPENED","file":"/Assets/Scripts/DialogueSystem/DialogueCommands.cs","tags":{"FILE_LINE_OF_CODE":"54"}}
{"ts":1744823108377,"action":"FILE_CLOSED","file":"/Assets/Scripts/DialogueSystem/DialogueCommands.cs","tags":{"FILE_LINE_OF_CODE":"54"}}
{"ts":1744823108377,"action":"FILE_OPENED","file":"/Assets/Scripts/Menu/StartScreenConfig.cs","tags":{"FILE_LINE_OF_CODE":"73"}}
{"ts":1744823155502,"action":"IDE_DEACTIVATED"}
{"ts":1744823169145,"action":"IDE_ACTIVATED"}
{"ts":1744823217504,"action":"IDE_DEACTIVATED"}
{"ts":1744823353845,"action":"IDE_ACTIVATED"}
{"ts":1744823387833,"action":"IDE_DEACTIVATED"}
{"ts":1744823562067,"action":"IDE_ACTIVATED"}
{"ts":1744823744916,"action":"IDE_DEACTIVATED"}
{"ts":1744823746773,"action":"IDE_ACTIVATED"}
{"ts":1744823810661,"action":"IDE_DEACTIVATED"}
{"ts":1744823822904,"action":"IDE_ACTIVATED"}
{"ts":1744823934763,"action":"IDE_DEACTIVATED"}
{"ts":1744823937844,"action":"IDE_ACTIVATED"}
{"ts":1744823965930,"action":"IDE_DEACTIVATED"}
{"ts":1744823967680,"action":"IDE_ACTIVATED"}
{"ts":1744823974268,"action":"FILE_CLOSED","file":"/Assets/Scripts/Menu/StartScreenConfig.cs","tags":{"FILE_LINE_OF_CODE":"83"}}
{"ts":1744823974269,"action":"FILE_OPENED","file":"/Library/PackageCache/com.oni_sakana.fries/Fries/Inspector/ValueWrapper/FloatWrapper.cs","tags":{"FILE_LINE_OF_CODE":"41"}}
{"ts":1744823976310,"action":"IDE_DEACTIVATED"}
{"ts":1744823978670,"action":"IDE_ACTIVATED"}
{"ts":1744824509339,"action":"IDE_DEACTIVATED"}
{"ts":1744824512443,"action":"IDE_ACTIVATED"}
{"ts":1744824534976,"action":"IDE_DEACTIVATED"}
{"ts":1744824536293,"action":"IDE_ACTIVATED"}
{"ts":1744824541617,"action":"IDE_DEACTIVATED"}
{"ts":1744824544488,"action":"IDE_ACTIVATED"}
{"ts":1744824580894,"action":"IDE_DEACTIVATED"}
{"ts":1744824593170,"action":"IDE_ACTIVATED"}
{"ts":1744824617887,"action":"IDE_DEACTIVATED"}
{"ts":1744857911275,"action":"IDE_ACTIVATED"}
{"ts":1744857928713,"action":"IDE_DEACTIVATED"}
{"ts":1744857932437,"action":"PROJECT_CLOSED","tags":{"PROJECT_NAME":"MSS_Timeplex"}}
{"ts":1745007838123,"action":"PROJECT_OPENED","tags":{"PROJECT_NAME":"MSS_Timeplex"}}
{"ts":1745007839003,"action":"IDE_DEACTIVATED"}
{"ts":1745007843466,"action":"IDE_ACTIVATED"}
{"ts":1745007849356,"action":"IDE_DEACTIVATED"}
{"ts":1745007852037,"action":"IDE_ACTIVATED"}
{"ts":1745008010105,"action":"IDE_DEACTIVATED"}
{"ts":1745008198656,"action":"IDE_ACTIVATED"}
{"ts":1745008330468,"action":"IDE_DEACTIVATED"}
{"ts":1745008379538,"action":"IDE_ACTIVATED"}
{"ts":1745008379596,"action":"FILE_CLOSED","file":"/Assets/Scripts/Menu/StartScreenConfig.cs","tags":{"FILE_LINE_OF_CODE":"74"}}
{"ts":1745008379596,"action":"FILE_OPENED","file":"/Library/PackageCache/com.oni_sakana.fries/Fries/TaskPerformer/LabeledActionAttribute.cs","tags":{"FILE_LINE_OF_CODE":"94"}}
{"ts":1745008386757,"action":"FILE_CLOSED","file":"/Library/PackageCache/com.oni_sakana.fries/Fries/TaskPerformer/LabeledActionAttribute.cs","tags":{"FILE_LINE_OF_CODE":"94"}}
{"ts":1745008386757,"action":"FILE_OPENED","file":"/Library/PackageCache/com.oni_sakana.fries/Fries/TaskPerformer/TaskPerformer.cs","tags":{"FILE_LINE_OF_CODE":"159"}}
{"ts":1745008390185,"action":"FILE_CLOSED","file":"/Library/PackageCache/com.oni_sakana.fries/Fries/TaskPerformer/TaskPerformer.cs","tags":{"FILE_LINE_OF_CODE":"159"}}
{"ts":1745008390185,"action":"FILE_OPENED","file":"/Library/PackageCache/com.oni_sakana.fries/Fries/Inspector/ValueWrapper/IntWrapper.cs","tags":{"FILE_LINE_OF_CODE":"57"}}
{"ts":1745008431354,"action":"IDE_DEACTIVATED"}
{"ts":1745008441657,"action":"IDE_ACTIVATED"}
{"ts":1745008444233,"action":"FILE_CLOSED","file":"/Library/PackageCache/com.oni_sakana.fries/Fries/Inspector/ValueWrapper/IntWrapper.cs","tags":{"FILE_LINE_OF_CODE":"57"}}
{"ts":1745008444234,"action":"FILE_OPENED","file":"/Assets/Scripts/Menu/StartScreenConfig.cs","tags":{"FILE_LINE_OF_CODE":"74"}}
{"ts":1745008463699,"action":"IDE_DEACTIVATED"}
{"ts":1745008897282,"action":"IDE_ACTIVATED"}
{"ts":1745008914518,"action":"IDE_DEACTIVATED"}
{"ts":1745008980393,"action":"IDE_ACTIVATED"}
{"ts":1745009011554,"action":"IDE_DEACTIVATED"}
{"ts":1745009126393,"action":"IDE_ACTIVATED"}
{"ts":1745009135511,"action":"FILE_CLOSED","file":"/Assets/Scripts/Menu/StartScreenConfig.cs","tags":{"FILE_LINE_OF_CODE":"75"}}
{"ts":1745009135511,"action":"FILE_OPENED","file":"/Assets/Scripts/Menu/PauseScreenConfig.cs","tags":{"FILE_LINE_OF_CODE":"103"}}
{"ts":1745009182603,"action":"IDE_DEACTIVATED"}
{"ts":1745009188466,"action":"IDE_ACTIVATED"}
{"ts":1745009230310,"action":"IDE_DEACTIVATED"}
{"ts":1745009328408,"action":"IDE_ACTIVATED"}
{"ts":1745009330073,"action":"IDE_DEACTIVATED"}
{"ts":1745009332272,"action":"IDE_ACTIVATED"}
{"ts":1745009338969,"action":"IDE_DEACTIVATED"}
{"ts":1745009751167,"action":"IDE_ACTIVATED"}
{"ts":1745009966025,"action":"IDE_DEACTIVATED"}
{"ts":1745009979724,"action":"IDE_ACTIVATED"}
{"ts":1745010098712,"action":"IDE_DEACTIVATED"}
{"ts":1745010106583,"action":"IDE_ACTIVATED"}
{"ts":1745010125997,"action":"IDE_DEACTIVATED"}
{"ts":1745010126790,"action":"IDE_ACTIVATED"}
{"ts":1745010127661,"action":"IDE_DEACTIVATED"}
{"ts":1745010220509,"action":"IDE_ACTIVATED"}
{"ts":1745010236493,"action":"IDE_DEACTIVATED"}
{"ts":1745010243224,"action":"IDE_ACTIVATED"}
{"ts":1745010714945,"action":"IDE_DEACTIVATED"}
{"ts":1745010728649,"action":"IDE_ACTIVATED"}
{"ts":1745011401722,"action":"IDE_DEACTIVATED"}
{"ts":1745011422748,"action":"IDE_ACTIVATED"}
{"ts":1745011455556,"action":"IDE_DEACTIVATED"}
{"ts":1745011499357,"action":"IDE_ACTIVATED"}
{"ts":1745022649103,"action":"PROJECT_OPENED","tags":{"PROJECT_NAME":"MSS_Timeplex"}}
{"ts":1745022684884,"action":"IDE_DEACTIVATED"}
{"ts":1745022699487,"action":"IDE_ACTIVATED"}
{"ts":1745022712382,"action":"FILE_CLOSED","file":"/Assets/Scripts/DialogueSystem/LocalizedDialogue.cs","tags":{"FILE_LINE_OF_CODE":"29"}}
{"ts":1745022712382,"action":"FILE_OPENED","file":"/Assets/Scripts/DialogueSystem/LocalizedDialogueStructures.cs","tags":{"FILE_LINE_OF_CODE":"103"}}
{"ts":1745022720425,"action":"IDE_DEACTIVATED"}
{"ts":1745023837224,"action":"IDE_ACTIVATED"}
{"ts":1745023837236,"action":"FILE_CLOSED","file":"/Assets/Scripts/DialogueSystem/LocalizedDialogueStructures.cs","tags":{"FILE_LINE_OF_CODE":"103"}}
{"ts":1745023837237,"action":"FILE_OPENED","file":"/Assets/Scripts/DialogueSystem/DialogueDisplayer.cs","tags":{"FILE_LINE_OF_CODE":"142"}}
{"ts":1745023844153,"action":"FILE_CLOSED","file":"/Assets/Scripts/DialogueSystem/DialogueDisplayer.cs","tags":{"FILE_LINE_OF_CODE":"142"}}
{"ts":1745023844153,"action":"FILE_OPENED","file":"/Assets/Scripts/DialogueSystem/Structures.cs","tags":{"FILE_LINE_OF_CODE":"85"}}
{"ts":1745023848318,"action":"IDE_DEACTIVATED"}
{"ts":1745024008790,"action":"IDE_ACTIVATED"}
{"ts":1745024008833,"action":"FILE_CLOSED","file":"/Assets/Scripts/DialogueSystem/Structures.cs","tags":{"FILE_LINE_OF_CODE":"85"}}
{"ts":1745024008833,"action":"FILE_OPENED","file":"/Assets/Scripts/DialogueSystem/DialogueDisplayer.cs","tags":{"FILE_LINE_OF_CODE":"142"}}
{"ts":1745024030415,"action":"IDE_DEACTIVATED"}
{"ts":1745024040285,"action":"IDE_ACTIVATED"}
{"ts":1745024040474,"action":"FILE_CLOSED","file":"/Assets/Scripts/DialogueSystem/DialogueDisplayer.cs","tags":{"FILE_LINE_OF_CODE":"142"}}
{"ts":1745024040726,"action":"FILE_OPENED","file":"/Library/PackageCache/com.unity.ugui/Editor/TMP/TMP_BaseEditorPanel.cs","tags":{"FILE_LINE_OF_CODE":"1473"}}
{"ts":1745024043660,"action":"FILE_CLOSED","file":"/Library/PackageCache/com.unity.ugui/Editor/TMP/TMP_BaseEditorPanel.cs","tags":{"FILE_LINE_OF_CODE":"1473"}}
{"ts":1745024043698,"action":"FILE_OPENED","file":"/Library/PackageCache/com.unity.ugui/Editor/TMP/TMP_BaseEditorPanel.cs","tags":{"FILE_LINE_OF_CODE":"1473"}}
{"ts":1745024045750,"action":"FILE_CLOSED","file":"/Library/PackageCache/com.unity.ugui/Editor/TMP/TMP_BaseEditorPanel.cs","tags":{"FILE_LINE_OF_CODE":"1473"}}
{"ts":1745024047204,"action":"FILE_OPENED","file":"/Library/PackageCache/com.unity.ugui/Editor/UGUI/UI/SelectableEditor.cs","tags":{"FILE_LINE_OF_CODE":"384"}}
{"ts":1745024048250,"action":"FILE_CLOSED","file":"/Library/PackageCache/com.unity.ugui/Editor/UGUI/UI/SelectableEditor.cs","tags":{"FILE_LINE_OF_CODE":"384"}}
{"ts":1745024048303,"action":"FILE_OPENED","file":"/Library/PackageCache/com.unity.ugui/Editor/UGUI/UI/SelectableEditor.cs","tags":{"FILE_LINE_OF_CODE":"384"}}
{"ts":1745024049668,"action":"FILE_CLOSED","file":"/Library/PackageCache/com.unity.ugui/Editor/UGUI/UI/SelectableEditor.cs","tags":{"FILE_LINE_OF_CODE":"384"}}
{"ts":1745024049850,"action":"FILE_OPENED","file":"/Library/PackageCache/com.unity.ugui/Editor/UGUI/UI/GraphicEditor.cs","tags":{"FILE_LINE_OF_CODE":"216"}}
{"ts":1745024053050,"action":"IDE_DEACTIVATED"}
{"ts":1745024056492,"action":"FILE_CLOSED","file":"/Library/PackageCache/com.unity.ugui/Editor/UGUI/UI/GraphicEditor.cs","tags":{"FILE_LINE_OF_CODE":"216"}}
{"ts":1745024062295,"action":"IDE_ACTIVATED"}
{"ts":1745024066627,"action":"IDE_DEACTIVATED"}
{"ts":1745024068144,"action":"IDE_ACTIVATED"}
{"ts":1745024068306,"action":"FILE_OPENED","file":"/Assets/Scripts/Managers/scrMoveInheritanceManager.cs","tags":{"FILE_LINE_OF_CODE":"225"}}
{"ts":1745024072044,"action":"IDE_DEACTIVATED"}
{"ts":1745024075068,"action":"IDE_ACTIVATED"}
{"ts":1745024076937,"action":"IDE_DEACTIVATED"}
{"ts":1745024078236,"action":"IDE_ACTIVATED"}
{"ts":1745024078333,"action":"FILE_CLOSED","file":"/Assets/Scripts/Managers/scrMoveInheritanceManager.cs","tags":{"FILE_LINE_OF_CODE":"225"}}
{"ts":1745024078333,"action":"FILE_OPENED","file":"/Assets/Scripts/DialogueSystem/DialogueDisplayer.cs","tags":{"FILE_LINE_OF_CODE":"142"}}
{"ts":1745024117898,"action":"FILE_CLOSED","file":"/Assets/Scripts/DialogueSystem/DialogueDisplayer.cs","tags":{"FILE_LINE_OF_CODE":"142"}}
{"ts":1745024117898,"action":"FILE_OPENED","file":"/Assets/Scripts/DialogueSystem/Structures.cs","tags":{"FILE_LINE_OF_CODE":"85"}}
{"ts":1745024181512,"action":"FILE_CLOSED","file":"/Assets/Scripts/DialogueSystem/Structures.cs","tags":{"FILE_LINE_OF_CODE":"85"}}
{"ts":1745024181512,"action":"FILE_OPENED","file":"/Assets/Scripts/DialogueSystem/DialogueDisplayer.cs","tags":{"FILE_LINE_OF_CODE":"142"}}
{"ts":1745024212220,"action":"IDE_DEACTIVATED"}
{"ts":1745024214178,"action":"IDE_ACTIVATED"}
{"ts":1745024214310,"action":"FILE_CLOSED","file":"/Assets/Scripts/DialogueSystem/DialogueDisplayer.cs","tags":{"FILE_LINE_OF_CODE":"142"}}
{"ts":1745024214566,"action":"FILE_OPENED","file":"/Assets/Scripts/Imported/GridObject.cs","tags":{"FILE_LINE_OF_CODE":"108"}}
{"ts":1745024217704,"action":"IDE_DEACTIVATED"}
{"ts":1745024222134,"action":"IDE_ACTIVATED"}
{"ts":1745024222218,"action":"FILE_CLOSED","file":"/Assets/Scripts/Imported/GridObject.cs","tags":{"FILE_LINE_OF_CODE":"108"}}
{"ts":1745024222283,"action":"FILE_OPENED","file":"/Library/PackageCache/com.unity.ugui/Editor/TMP/TMP_BaseEditorPanel.cs","tags":{"FILE_LINE_OF_CODE":"1473"}}
{"ts":1745024224479,"action":"FILE_CLOSED","file":"/Library/PackageCache/com.unity.ugui/Editor/TMP/TMP_BaseEditorPanel.cs","tags":{"FILE_LINE_OF_CODE":"1473"}}
{"ts":1745024224546,"action":"FILE_OPENED","file":"/Library/PackageCache/com.unity.ugui/Editor/UGUI/UI/SelectableEditor.cs","tags":{"FILE_LINE_OF_CODE":"384"}}
{"ts":1745024225853,"action":"FILE_CLOSED","file":"/Library/PackageCache/com.unity.ugui/Editor/UGUI/UI/SelectableEditor.cs","tags":{"FILE_LINE_OF_CODE":"384"}}
{"ts":1745024225865,"action":"FILE_OPENED","file":"/Library/PackageCache/com.unity.ugui/Editor/TMP/TMP_BaseEditorPanel.cs","tags":{"FILE_LINE_OF_CODE":"1473"}}
{"ts":1745024226230,"action":"FILE_CLOSED","file":"/Library/PackageCache/com.unity.ugui/Editor/TMP/TMP_BaseEditorPanel.cs","tags":{"FILE_LINE_OF_CODE":"1473"}}
{"ts":1745024227415,"action":"FILE_OPENED","file":"/Library/PackageCache/com.unity.ugui/Editor/UGUI/UI/SelectableEditor.cs","tags":{"FILE_LINE_OF_CODE":"384"}}
{"ts":1745024228291,"action":"FILE_CLOSED","file":"/Library/PackageCache/com.unity.ugui/Editor/UGUI/UI/SelectableEditor.cs","tags":{"FILE_LINE_OF_CODE":"384"}}
{"ts":1745024228311,"action":"FILE_OPENED","file":"/Library/PackageCache/com.unity.ugui/Editor/UGUI/UI/GraphicEditor.cs","tags":{"FILE_LINE_OF_CODE":"216"}}
{"ts":1745024229182,"action":"IDE_DEACTIVATED"}
{"ts":1745024230283,"action":"IDE_ACTIVATED"}
{"ts":1745024230326,"action":"FILE_CLOSED","file":"/Library/PackageCache/com.unity.ugui/Editor/UGUI/UI/GraphicEditor.cs","tags":{"FILE_LINE_OF_CODE":"216"}}
{"ts":1745024230422,"action":"FILE_OPENED","file":"/Assets/Scripts/Imported/GridObject.cs","tags":{"FILE_LINE_OF_CODE":"108"}}
{"ts":1745024237626,"action":"IDE_DEACTIVATED"}
{"ts":1745024238461,"action":"IDE_ACTIVATED"}
{"ts":1745024238565,"action":"FILE_CLOSED","file":"/Assets/Scripts/Imported/GridObject.cs","tags":{"FILE_LINE_OF_CODE":"108"}}
{"ts":1745024238565,"action":"FILE_OPENED","file":"/Assets/Scripts/DialogueSystem/DialogueDisplayer.cs","tags":{"FILE_LINE_OF_CODE":"142"}}
{"ts":1745024243838,"action":"FILE_CLOSED","file":"/Assets/Scripts/DialogueSystem/DialogueDisplayer.cs","tags":{"FILE_LINE_OF_CODE":"142"}}
{"ts":1745024245575,"action":"FILE_OPENED","file":"/Assets/Scripts/DialogueSystem/DialogueDisplayer.cs","tags":{"FILE_LINE_OF_CODE":"142"}}
{"ts":1745024250092,"action":"FILE_CLOSED","file":"/Assets/Scripts/DialogueSystem/DialogueDisplayer.cs","tags":{"FILE_LINE_OF_CODE":"142"}}
{"ts":1745024250092,"action":"FILE_OPENED","file":"/Assets/Scripts/DialogueSystem/CharSequenceDisplayer.cs","tags":{"FILE_LINE_OF_CODE":"133"}}
{"ts":1745024271700,"action":"IDE_DEACTIVATED"}
{"ts":1745024401033,"action":"IDE_ACTIVATED"}
{"ts":1745024401165,"action":"FILE_CLOSED","file":"/Assets/Scripts/DialogueSystem/CharSequenceDisplayer.cs","tags":{"FILE_LINE_OF_CODE":"133"}}
{"ts":1745024401202,"action":"FILE_OPENED","file":"/Assets/Scripts/Imported/GridObject.cs","tags":{"FILE_LINE_OF_CODE":"108"}}
{"ts":1745024404192,"action":"IDE_DEACTIVATED"}
{"ts":1745024495283,"action":"IDE_ACTIVATED"}
{"ts":1745024502492,"action":"IDE_DEACTIVATED"}
{"ts":1745136068022,"action":"IDE_ACTIVATED"}
{"ts":1745136342088,"action":"IDE_DEACTIVATED"}
{"ts":1745136407802,"action":"IDE_ACTIVATED"}
{"ts":1745136434735,"action":"IDE_DEACTIVATED"}
{"ts":1745137232270,"action":"IDE_ACTIVATED"}
{"ts":1745137967225,"action":"IDE_DEACTIVATED"}
{"ts":1745138004037,"action":"IDE_ACTIVATED"}
{"ts":1745138010563,"action":"IDE_DEACTIVATED"}
{"ts":1745138282938,"action":"IDE_ACTIVATED"}
{"ts":1745138298589,"action":"IDE_DEACTIVATED"}
{"ts":1745138312775,"action":"IDE_ACTIVATED"}
{"ts":1745138355138,"action":"IDE_DEACTIVATED"}
{"ts":1745138355392,"action":"IDE_ACTIVATED"}
{"ts":1745138369793,"action":"IDE_DEACTIVATED"}
{"ts":1745138376549,"action":"IDE_ACTIVATED"}
{"ts":1745138400298,"action":"IDE_DEACTIVATED"}
{"ts":1745138440674,"action":"IDE_ACTIVATED"}
{"ts":1745138462970,"action":"IDE_DEACTIVATED"}
{"ts":1745138510393,"action":"IDE_ACTIVATED"}
{"ts":1745138642258,"action":"IDE_DEACTIVATED"}
{"ts":1745138654998,"action":"IDE_ACTIVATED"}
{"ts":1745138668715,"action":"IDE_DEACTIVATED"}
{"ts":1745138684363,"action":"IDE_ACTIVATED"}
{"ts":1745138712332,"action":"IDE_DEACTIVATED"}
{"ts":1745138747389,"action":"IDE_ACTIVATED"}
{"ts":1745138779846,"action":"IDE_DEACTIVATED"}
{"ts":1745138796084,"action":"IDE_ACTIVATED"}
{"ts":1745138861346,"action":"IDE_DEACTIVATED"}
{"ts":1745138872363,"action":"IDE_ACTIVATED"}
{"ts":1745138941942,"action":"IDE_DEACTIVATED"}
{"ts":1745138947679,"action":"IDE_ACTIVATED"}
{"ts":1745138951201,"action":"IDE_DEACTIVATED"}
{"ts":1745138963377,"action":"IDE_ACTIVATED"}
{"ts":1745138985719,"action":"IDE_DEACTIVATED"}
{"ts":1745139006992,"action":"IDE_ACTIVATED"}
{"ts":1745139057399,"action":"IDE_DEACTIVATED"}
{"ts":1745139062933,"action":"IDE_ACTIVATED"}
{"ts":1745139088922,"action":"IDE_DEACTIVATED"}
{"ts":1745139103424,"action":"IDE_ACTIVATED"}
{"ts":1745139142531,"action":"IDE_DEACTIVATED"}
{"ts":1745139150146,"action":"IDE_ACTIVATED"}
{"ts":1745139232565,"action":"IDE_DEACTIVATED"}
{"ts":1745139273222,"action":"IDE_ACTIVATED"}
{"ts":1745139283483,"action":"IDE_DEACTIVATED"}
{"ts":1745139295666,"action":"IDE_ACTIVATED"}
{"ts":1745139301378,"action":"IDE_DEACTIVATED"}
{"ts":1745139339970,"action":"IDE_ACTIVATED"}
{"ts":1745139388399,"action":"IDE_DEACTIVATED"}
{"ts":1745139388459,"action":"IDE_ACTIVATED"}
{"ts":1745139489225,"action":"IDE_DEACTIVATED"}
{"ts":1745139497371,"action":"IDE_ACTIVATED"}
{"ts":1745139551816,"action":"IDE_DEACTIVATED"}
{"ts":1745139562597,"action":"IDE_ACTIVATED"}
{"ts":1745139679802,"action":"IDE_DEACTIVATED"}
{"ts":1745139705864,"action":"IDE_ACTIVATED"}
{"ts":1745139728866,"action":"IDE_DEACTIVATED"}
{"ts":1745139765826,"action":"IDE_ACTIVATED"}
{"ts":1745139791886,"action":"IDE_DEACTIVATED"}
{"ts":1745139809249,"action":"IDE_ACTIVATED"}
{"ts":1745139809389,"action":"IDE_DEACTIVATED"}
{"ts":1745139828328,"action":"IDE_ACTIVATED"}
{"ts":1745139842970,"action":"IDE_DEACTIVATED"}
{"ts":1745139846396,"action":"IDE_ACTIVATED"}
{"ts":1745139847607,"action":"IDE_DEACTIVATED"}
{"ts":1745139853063,"action":"IDE_ACTIVATED"}
{"ts":1745139855749,"action":"IDE_DEACTIVATED"}
{"ts":1745139857362,"action":"IDE_ACTIVATED"}
{"ts":1745139859494,"action":"IDE_DEACTIVATED"}
{"ts":1745139865268,"action":"IDE_ACTIVATED"}
{"ts":1745139873889,"action":"IDE_DEACTIVATED"}
{"ts":1745139917170,"action":"IDE_ACTIVATED"}
{"ts":1745139931936,"action":"IDE_DEACTIVATED"}
{"ts":1745140034280,"action":"IDE_ACTIVATED"}
{"ts":1745140086492,"action":"IDE_DEACTIVATED"}
{"ts":1745140093562,"action":"IDE_ACTIVATED"}
{"ts":1745140136787,"action":"IDE_DEACTIVATED"}
{"ts":1745140315190,"action":"IDE_ACTIVATED"}
{"ts":1745140335691,"action":"IDE_DEACTIVATED"}
{"ts":1745140335773,"action":"IDE_ACTIVATED"}
{"ts":1745140368882,"action":"IDE_DEACTIVATED"}
{"ts":1745140368938,"action":"IDE_ACTIVATED"}
{"ts":1745140387894,"action":"IDE_DEACTIVATED"}
{"ts":1745140409452,"action":"IDE_ACTIVATED"}
{"ts":1745140467910,"action":"IDE_DEACTIVATED"}
{"ts":1745140474028,"action":"IDE_ACTIVATED"}
{"ts":1745140487756,"action":"IDE_DEACTIVATED"}
{"ts":1745140507654,"action":"IDE_ACTIVATED"}
{"ts":1745140547342,"action":"IDE_DEACTIVATED"}
{"ts":1745140569626,"action":"IDE_ACTIVATED"}
{"ts":1745140577803,"action":"IDE_DEACTIVATED"}
{"ts":1745140577856,"action":"IDE_ACTIVATED"}
{"ts":1745140598401,"action":"IDE_DEACTIVATED"}
{"ts":1745140674278,"action":"IDE_ACTIVATED"}
{"ts":1745140940817,"action":"IDE_DEACTIVATED"}
{"ts":1745140967931,"action":"IDE_ACTIVATED"}
{"ts":1745141063481,"action":"IDE_DEACTIVATED"}
{"ts":1745141074486,"action":"IDE_ACTIVATED"}
{"ts":1745141240493,"action":"IDE_DEACTIVATED"}
{"ts":1745141263706,"action":"IDE_ACTIVATED"}
{"ts":1745141337522,"action":"IDE_DEACTIVATED"}
{"ts":1745141364108,"action":"IDE_ACTIVATED"}
{"ts":1745141367141,"action":"IDE_DEACTIVATED"}
{"ts":1745141368186,"action":"IDE_ACTIVATED"}
{"ts":1745141553269,"action":"IDE_DEACTIVATED"}
{"ts":1745141576266,"action":"IDE_ACTIVATED"}
{"ts":1745141588701,"action":"IDE_DEACTIVATED"}
{"ts":1745141616628,"action":"IDE_ACTIVATED"}
{"ts":1745141651101,"action":"IDE_DEACTIVATED"}
{"ts":1745141653411,"action":"IDE_ACTIVATED"}
{"ts":1745141699991,"action":"IDE_DEACTIVATED"}
{"ts":1745141769262,"action":"IDE_ACTIVATED"}
{"ts":1745141792420,"action":"IDE_DEACTIVATED"}
{"ts":1745141857576,"action":"IDE_ACTIVATED"}
{"ts":1745141947998,"action":"IDE_DEACTIVATED"}
{"ts":1745142028921,"action":"IDE_ACTIVATED"}
{"ts":1745142033229,"action":"IDE_DEACTIVATED"}
{"ts":1745142124866,"action":"IDE_ACTIVATED"}
{"ts":1745142143345,"action":"IDE_DEACTIVATED"}
{"ts":1745142152004,"action":"IDE_ACTIVATED"}
{"ts":1745142156292,"action":"IDE_DEACTIVATED"}
{"ts":1745183674273,"action":"IDE_ACTIVATED"}
{"ts":1745183686070,"action":"IDE_DEACTIVATED"}
{"ts":1745183715372,"action":"IDE_ACTIVATED"}
{"ts":1745183731451,"action":"IDE_DEACTIVATED"}
{"ts":1745184036050,"action":"IDE_ACTIVATED"}
{"ts":1745184038969,"action":"IDE_DEACTIVATED"}
{"ts":1745184040762,"action":"IDE_ACTIVATED"}
{"ts":1745184121032,"action":"IDE_DEACTIVATED"}
{"ts":1745184169502,"action":"IDE_ACTIVATED"}
{"ts":1745184307073,"action":"IDE_DEACTIVATED"}
{"ts":1745184435581,"action":"IDE_ACTIVATED"}
{"ts":1745184496907,"action":"IDE_DEACTIVATED"}
{"ts":1745184645436,"action":"IDE_ACTIVATED"}
{"ts":1745184891854,"action":"IDE_DEACTIVATED"}
{"ts":1745185019448,"action":"IDE_ACTIVATED"}
{"ts":1745185039991,"action":"IDE_DEACTIVATED"}
{"ts":1745185047286,"action":"IDE_ACTIVATED"}
{"ts":1745185245096,"action":"IDE_DEACTIVATED"}
{"ts":1745185359780,"action":"IDE_ACTIVATED"}
{"ts":1745185367778,"action":"FILE_CLOSED","file":"/Assets/Scripts/Imported/GridObject.cs","tags":{"FILE_LINE_OF_CODE":"108"}}
{"ts":1745185367778,"action":"FILE_OPENED","file":"/Assets/Scripts/Menu/StartScreenConfig.cs","tags":{"FILE_LINE_OF_CODE":"75"}}
{"ts":1745185387479,"action":"IDE_DEACTIVATED"}
{"ts":1745185392779,"action":"IDE_ACTIVATED"}
{"ts":1745185402862,"action":"FILE_CLOSED","file":"/Assets/Scripts/Menu/StartScreenConfig.cs","tags":{"FILE_LINE_OF_CODE":"76"}}
{"ts":1745185402862,"action":"FILE_OPENED","file":"/Library/PackageCache/com.oni_sakana.fries/Fries/Inspector/ValueWrapper/FloatWrapper.cs","tags":{"FILE_LINE_OF_CODE":"57"}}
{"ts":1745185411115,"action":"FILE_CLOSED","file":"/Library/PackageCache/com.oni_sakana.fries/Fries/Inspector/ValueWrapper/FloatWrapper.cs","tags":{"FILE_LINE_OF_CODE":"57"}}
{"ts":1745185411115,"action":"FILE_OPENED","file":"/Library/PackageCache/com.oni_sakana.fries/Fries/Inspector/ValueWrapper/IntWrapper.cs","tags":{"FILE_LINE_OF_CODE":"57"}}
{"ts":1745185425955,"action":"PROJECT_CLOSED","tags":{"PROJECT_NAME":"MSS_Timeplex"}}
{"ts":1745185490652,"action":"PROJECT_OPENED","tags":{"PROJECT_NAME":"MSS_Timeplex"}}
{"ts":1745185499008,"action":"IDE_DEACTIVATED"}
{"ts":1745185502284,"action":"IDE_ACTIVATED"}
{"ts":1745185561402,"action":"FILE_CLOSED","file":"/Assets/Scripts/Menu/StartScreenConfig.cs","tags":{"FILE_LINE_OF_CODE":"77"}}
{"ts":1745185561402,"action":"FILE_OPENED","file":"/Library/PackageCache/com.oni_sakana.fries/Fries/Inspector/UndoRedoEvent/OnUndoRedoAttribute.cs","tags":{"FILE_LINE_OF_CODE":"15"}}
{"ts":1745185567120,"action":"FILE_CLOSED","file":"/Library/PackageCache/com.oni_sakana.fries/Fries/Inspector/UndoRedoEvent/OnUndoRedoAttribute.cs","tags":{"FILE_LINE_OF_CODE":"15"}}
{"ts":1745185567120,"action":"FILE_OPENED","file":"/Library/PackageCache/com.oni_sakana.fries/Fries/Inspector/UndoRedoEvent/UndoRedoEvent.cs","tags":{"FILE_LINE_OF_CODE":"113"}}
{"ts":1745185587545,"action":"FILE_CLOSED","file":"/Library/PackageCache/com.oni_sakana.fries/Fries/Inspector/UndoRedoEvent/UndoRedoEvent.cs","tags":{"FILE_LINE_OF_CODE":"113"}}
{"ts":1745185587545,"action":"FILE_OPENED","file":"/Library/PackageCache/com.oni_sakana.fries/Fries/Inspector/ValueWrapper/FloatWrapper.cs","tags":{"FILE_LINE_OF_CODE":"57"}}
{"ts":1745185589331,"action":"FILE_CLOSED","file":"/Library/PackageCache/com.oni_sakana.fries/Fries/Inspector/ValueWrapper/FloatWrapper.cs","tags":{"FILE_LINE_OF_CODE":"57"}}
{"ts":1745185589331,"action":"FILE_OPENED","file":"/Library/PackageCache/com.oni_sakana.fries/Fries/Inspector/UndoRedoEvent/OnUndoRedoAttribute.cs","tags":{"FILE_LINE_OF_CODE":"15"}}
{"ts":1745185591151,"action":"FILE_CLOSED","file":"/Library/PackageCache/com.oni_sakana.fries/Fries/Inspector/UndoRedoEvent/OnUndoRedoAttribute.cs","tags":{"FILE_LINE_OF_CODE":"15"}}
{"ts":1745185591151,"action":"FILE_OPENED","file":"/Assets/Scripts/Menu/StartScreenConfig.cs","tags":{"FILE_LINE_OF_CODE":"77"}}
{"ts":1745185659512,"action":"IDE_DEACTIVATED"}
{"ts":1745185661069,"action":"IDE_ACTIVATED"}
{"ts":1745185661501,"action":"IDE_DEACTIVATED"}
{"ts":1745185662164,"action":"IDE_ACTIVATED"}
{"ts":1745185663314,"action":"FILE_CLOSED","file":"/Assets/Scripts/Menu/StartScreenConfig.cs","tags":{"FILE_LINE_OF_CODE":"82"}}
{"ts":1745185663314,"action":"FILE_OPENED","file":"/Library/PackageCache/com.oni_sakana.fries/Fries/Inspector/UndoRedoEvent/UndoRedoEvent.cs","tags":{"FILE_LINE_OF_CODE":"113"}}
{"ts":1745185669982,"action":"IDE_DEACTIVATED"}
{"ts":1745185671344,"action":"IDE_ACTIVATED"}
{"ts":1745185700002,"action":"IDE_DEACTIVATED"}
{"ts":1745185710610,"action":"IDE_ACTIVATED"}
{"ts":1745185726454,"action":"FILE_CLOSED","file":"/Library/PackageCache/com.oni_sakana.fries/Fries/Inspector/UndoRedoEvent/UndoRedoEvent.cs","tags":{"FILE_LINE_OF_CODE":"113"}}
{"ts":1745185726776,"action":"IDE_DEACTIVATED"}
{"ts":1745185728304,"action":"IDE_ACTIVATED"}
{"ts":1745185740834,"action":"IDE_DEACTIVATED"}
{"ts":1745185742522,"action":"IDE_ACTIVATED"}
{"ts":1745185745914,"action":"FILE_OPENED","file":"/Library/PackageCache/com.oni_sakana.fries/Fries/Inspector/UndoRedoEvent/UndoRedoEvent.cs","tags":{"FILE_LINE_OF_CODE":"113"}}
{"ts":1745185762453,"action":"IDE_DEACTIVATED"}
{"ts":1745185789933,"action":"IDE_ACTIVATED"}
{"ts":1745185795708,"action":"IDE_DEACTIVATED"}
{"ts":1745185796392,"action":"IDE_ACTIVATED"}
{"ts":1745185798718,"action":"FILE_CLOSED","file":"/Library/PackageCache/com.oni_sakana.fries/Fries/Inspector/UndoRedoEvent/UndoRedoEvent.cs","tags":{"FILE_LINE_OF_CODE":"113"}}
{"ts":1745185798718,"action":"FILE_OPENED","file":"/Library/PackageCache/com.oni_sakana.fries/Fries/Inspector/UndoRedoEvent/OnUndoRedoAttribute.cs","tags":{"FILE_LINE_OF_CODE":"15"}}
{"ts":1745185801324,"action":"FILE_CLOSED","file":"/Library/PackageCache/com.oni_sakana.fries/Fries/Inspector/UndoRedoEvent/OnUndoRedoAttribute.cs","tags":{"FILE_LINE_OF_CODE":"15"}}
{"ts":1745185801324,"action":"FILE_OPENED","file":"/Assets/Scripts/Menu/StartScreenConfig.cs","tags":{"FILE_LINE_OF_CODE":"82"}}
{"ts":1745185812686,"action":"IDE_DEACTIVATED"}
{"ts":1745185824541,"action":"IDE_ACTIVATED"}
{"ts":1745185824824,"action":"FILE_CLOSED","file":"/Assets/Scripts/Menu/StartScreenConfig.cs","tags":{"FILE_LINE_OF_CODE":"85"}}
{"ts":1745185824824,"action":"FILE_OPENED","file":"/Library/PackageCache/com.oni_sakana.fries/Fries/Inspector/UndoRedoEvent/UndoRedoEvent.cs","tags":{"FILE_LINE_OF_CODE":"113"}}
{"ts":1745185854603,"action":"IDE_DEACTIVATED"}
{"ts":1745185855884,"action":"IDE_ACTIVATED"}
{"ts":1745185856800,"action":"IDE_DEACTIVATED"}
{"ts":1745185857463,"action":"IDE_ACTIVATED"}
{"ts":1745185866482,"action":"IDE_DEACTIVATED"}
{"ts":1745185879893,"action":"IDE_ACTIVATED"}
{"ts":1745185896833,"action":"FILE_CLOSED","file":"/Library/PackageCache/com.oni_sakana.fries/Fries/Inspector/UndoRedoEvent/UndoRedoEvent.cs","tags":{"FILE_LINE_OF_CODE":"113"}}
{"ts":1745185896833,"action":"FILE_OPENED","file":"/Assets/Scripts/Menu/StartScreenConfig.cs","tags":{"FILE_LINE_OF_CODE":"85"}}
{"ts":1745185906060,"action":"IDE_DEACTIVATED"}
{"ts":1745185918146,"action":"IDE_ACTIVATED"}
{"ts":1745185918399,"action":"FILE_CLOSED","file":"/Assets/Scripts/Menu/StartScreenConfig.cs","tags":{"FILE_LINE_OF_CODE":"82"}}
{"ts":1745185918399,"action":"FILE_OPENED","file":"/Library/PackageCache/com.oni_sakana.fries/Fries/Inspector/UndoRedoEvent/UndoRedoEvent.cs","tags":{"FILE_LINE_OF_CODE":"113"}}
{"ts":1745185944248,"action":"FILE_CLOSED","file":"/Library/PackageCache/com.oni_sakana.fries/Fries/Inspector/UndoRedoEvent/UndoRedoEvent.cs","tags":{"FILE_LINE_OF_CODE":"113"}}
{"ts":1745185944248,"action":"FILE_OPENED","file":"/Assets/Scripts/Menu/StartScreenConfig.cs","tags":{"FILE_LINE_OF_CODE":"82"}}
{"ts":1745185950911,"action":"IDE_DEACTIVATED"}
{"ts":1745185962157,"action":"IDE_ACTIVATED"}
{"ts":1745185963700,"action":"FILE_CLOSED","file":"/Assets/Scripts/Menu/StartScreenConfig.cs","tags":{"FILE_LINE_OF_CODE":"82"}}
{"ts":1745185963700,"action":"FILE_OPENED","file":"/Library/PackageCache/com.oni_sakana.fries/Fries/Inspector/UndoRedoEvent/UndoRedoEvent.cs","tags":{"FILE_LINE_OF_CODE":"113"}}
{"ts":1745186040079,"action":"IDE_DEACTIVATED"}
{"ts":1745186044957,"action":"IDE_ACTIVATED"}
{"ts":1745186045727,"action":"IDE_DEACTIVATED"}
{"ts":1745186046344,"action":"IDE_ACTIVATED"}
{"ts":1745186052853,"action":"FILE_CLOSED","file":"/Library/PackageCache/com.oni_sakana.fries/Fries/Inspector/UndoRedoEvent/UndoRedoEvent.cs","tags":{"FILE_LINE_OF_CODE":"113"}}
{"ts":1745186052853,"action":"FILE_OPENED","file":"/Assets/Scripts/Menu/StartScreenConfig.cs","tags":{"FILE_LINE_OF_CODE":"82"}}
{"ts":1745186056409,"action":"IDE_DEACTIVATED"}
{"ts":1745186060411,"action":"IDE_ACTIVATED"}
{"ts":1745186064185,"action":"FILE_CLOSED","file":"/Assets/Scripts/Menu/StartScreenConfig.cs","tags":{"FILE_LINE_OF_CODE":"82"}}
{"ts":1745186064185,"action":"FILE_OPENED","file":"/Library/PackageCache/com.oni_sakana.fries/Fries/Inspector/UndoRedoEvent/UndoRedoEvent.cs","tags":{"FILE_LINE_OF_CODE":"113"}}
{"ts":1745186221886,"action":"IDE_DEACTIVATED"}
{"ts":1745186401800,"action":"IDE_ACTIVATED"}
{"ts":1745186410012,"action":"IDE_DEACTIVATED"}
{"ts":1745186414217,"action":"IDE_ACTIVATED"}
{"ts":1745186421106,"action":"IDE_DEACTIVATED"}
{"ts":1745186422268,"action":"IDE_ACTIVATED"}
{"ts":1745186430283,"action":"IDE_DEACTIVATED"}
{"ts":1745186452973,"action":"IDE_ACTIVATED"}
{"ts":1745186462875,"action":"IDE_DEACTIVATED"}
{"ts":1745186477990,"action":"IDE_ACTIVATED"}
{"ts":1745186488294,"action":"IDE_DEACTIVATED"}
{"ts":1745186489678,"action":"IDE_ACTIVATED"}
{"ts":1745186503102,"action":"IDE_DEACTIVATED"}
{"ts":1745186515940,"action":"IDE_ACTIVATED"}
{"ts":1745186521702,"action":"IDE_DEACTIVATED"}
{"ts":1745186528917,"action":"IDE_ACTIVATED"}
{"ts":1745186537464,"action":"IDE_DEACTIVATED"}
{"ts":1745186539965,"action":"IDE_ACTIVATED"}
{"ts":1745186544517,"action":"IDE_DEACTIVATED"}
{"ts":1745186545283,"action":"IDE_ACTIVATED"}
{"ts":1745186564957,"action":"IDE_DEACTIVATED"}
{"ts":1745186567236,"action":"IDE_ACTIVATED"}
{"ts":1745186571311,"action":"IDE_DEACTIVATED"}
{"ts":1745186668595,"action":"IDE_ACTIVATED"}
{"ts":1745186676862,"action":"IDE_DEACTIVATED"}
{"ts":1745186684683,"action":"IDE_ACTIVATED"}
{"ts":1745186692154,"action":"IDE_DEACTIVATED"}
{"ts":1745186693800,"action":"IDE_ACTIVATED"}
{"ts":1745186723729,"action":"FILE_CLOSED","file":"/Library/PackageCache/com.oni_sakana.fries/Fries/Inspector/UndoRedoEvent/UndoRedoEvent.cs","tags":{"FILE_LINE_OF_CODE":"113"}}
{"ts":1745186772836,"action":"FILE_OPENED","file":"/Assets/Scripts/Menu/StartScreenConfig.cs","tags":{"FILE_LINE_OF_CODE":"82"}}
{"ts":1745186784867,"action":"FILE_CLOSED","file":"/Assets/Scripts/Menu/StartScreenConfig.cs","tags":{"FILE_LINE_OF_CODE":"82"}}
{"ts":1745186784867,"action":"FILE_OPENED","file":"/Library/PackageCache/com.oni_sakana.fries/Fries/Inspector/ValueWrapper/FloatWrapper.cs","tags":{"FILE_LINE_OF_CODE":"57"}}
{"ts":1745186796362,"action":"IDE_DEACTIVATED"}
{"ts":1745186964397,"action":"IDE_ACTIVATED"}
{"ts":1745186983952,"action":"IDE_DEACTIVATED"}
{"ts":1745186986701,"action":"IDE_ACTIVATED"}
{"ts":1745187023790,"action":"IDE_DEACTIVATED"}
{"ts":1745187056067,"action":"IDE_ACTIVATED"}
{"ts":1745187057635,"action":"FILE_CLOSED","file":"/Library/PackageCache/com.oni_sakana.fries/Fries/Inspector/ValueWrapper/FloatWrapper.cs","tags":{"FILE_LINE_OF_CODE":"57"}}
{"ts":1745187057635,"action":"FILE_OPENED","file":"/Library/PackageCache/com.oni_sakana.fries/Fries/Inspector/UndoRedoEvent/UndoRedoEvent.cs","tags":{"FILE_LINE_OF_CODE":"113"}}
{"ts":1745187065214,"action":"IDE_DEACTIVATED"}
{"ts":1745187161831,"action":"IDE_ACTIVATED"}
{"ts":1745187162264,"action":"IDE_DEACTIVATED"}
{"ts":1745187162277,"action":"IDE_ACTIVATED"}
{"ts":1745187162389,"action":"IDE_DEACTIVATED"}
{"ts":1745187162843,"action":"IDE_ACTIVATED"}
{"ts":1745187170882,"action":"IDE_DEACTIVATED"}
{"ts":1745187179876,"action":"IDE_ACTIVATED"}
{"ts":1745187186148,"action":"IDE_DEACTIVATED"}
{"ts":1745187186638,"action":"IDE_ACTIVATED"}
{"ts":1745187192076,"action":"IDE_DEACTIVATED"}
{"ts":1745187210187,"action":"IDE_ACTIVATED"}
{"ts":1745187215036,"action":"IDE_DEACTIVATED"}
{"ts":1745187275004,"action":"IDE_ACTIVATED"}
{"ts":1745187284866,"action":"IDE_DEACTIVATED"}
{"ts":1745187355664,"action":"IDE_ACTIVATED"}
{"ts":1745187360311,"action":"IDE_DEACTIVATED"}
{"ts":1745187554242,"action":"IDE_ACTIVATED"}
{"ts":1745187557560,"action":"FILE_CLOSED","file":"/Library/PackageCache/com.oni_sakana.fries/Fries/Inspector/UndoRedoEvent/UndoRedoEvent.cs","tags":{"FILE_LINE_OF_CODE":"113"}}
{"ts":1745187557560,"action":"FILE_OPENED","file":"/Library/PackageCache/com.oni_sakana.fries/Fries/Inspector/ValueWrapper/FloatWrapper.cs","tags":{"FILE_LINE_OF_CODE":"61"}}
{"ts":1745187574355,"action":"IDE_DEACTIVATED"}
{"ts":1745187635716,"action":"IDE_ACTIVATED"}
{"ts":1745187682565,"action":"IDE_DEACTIVATED"}
{"ts":1745187875623,"action":"IDE_ACTIVATED"}
{"ts":1745187883181,"action":"IDE_DEACTIVATED"}
{"ts":1745187883955,"action":"IDE_ACTIVATED"}
{"ts":1745187893022,"action":"IDE_DEACTIVATED"}
{"ts":1745187902186,"action":"IDE_ACTIVATED"}
{"ts":1745187917477,"action":"IDE_DEACTIVATED"}
{"ts":1745187931868,"action":"IDE_ACTIVATED"}
{"ts":1745187939215,"action":"IDE_DEACTIVATED"}
{"ts":1745188350655,"action":"IDE_ACTIVATED"}
{"ts":1745188380163,"action":"IDE_DEACTIVATED"}
{"ts":1745188389499,"action":"IDE_ACTIVATED"}
{"ts":1745188392093,"action":"IDE_DEACTIVATED"}
{"ts":1745188469267,"action":"IDE_ACTIVATED"}
{"ts":1745188489847,"action":"FILE_CLOSED","file":"/Library/PackageCache/com.oni_sakana.fries/Fries/Inspector/ValueWrapper/FloatWrapper.cs","tags":{"FILE_LINE_OF_CODE":"57"}}
{"ts":1745188512046,"action":"IDE_DEACTIVATED"}
{"ts":1745188522549,"action":"IDE_ACTIVATED"}
{"ts":1745188524134,"action":"IDE_DEACTIVATED"}
{"ts":1745188595195,"action":"IDE_ACTIVATED"}
{"ts":1745188598044,"action":"FILE_OPENED","file":"/Library/PackageCache/com.oni_sakana.fries/Fries/Inspector/ValueWrapper/FloatWrapper.cs","tags":{"FILE_LINE_OF_CODE":"59"}}
{"ts":1745188607254,"action":"IDE_DEACTIVATED"}
{"ts":1745188611906,"action":"IDE_ACTIVATED"}
{"ts":1745188622920,"action":"IDE_DEACTIVATED"}
{"ts":1745188640956,"action":"IDE_ACTIVATED"}
{"ts":1745188656220,"action":"IDE_DEACTIVATED"}
{"ts":1745188660720,"action":"IDE_ACTIVATED"}
{"ts":1745188669699,"action":"FILE_CLOSED","file":"/Library/PackageCache/com.oni_sakana.fries/Fries/Inspector/ValueWrapper/FloatWrapper.cs","tags":{"FILE_LINE_OF_CODE":"59"}}
{"ts":1745188669699,"action":"FILE_OPENED","file":"/Assets/Scripts/Menu/StartScreenConfig.cs","tags":{"FILE_LINE_OF_CODE":"82"}}
{"ts":1745188675934,"action":"FILE_CLOSED","file":"/Assets/Scripts/Menu/StartScreenConfig.cs","tags":{"FILE_LINE_OF_CODE":"82"}}
{"ts":1745188675934,"action":"FILE_OPENED","file":"/Library/PackageCache/com.oni_sakana.fries/Fries/Inspector/UndoRedoEvent/UndoRedoEvent.cs","tags":{"FILE_LINE_OF_CODE":"113"}}
{"ts":1745188683474,"action":"IDE_DEACTIVATED"}
{"ts":1745188685154,"action":"IDE_ACTIVATED"}
{"ts":1745188685342,"action":"FILE_CLOSED","file":"/Library/PackageCache/com.oni_sakana.fries/Fries/Inspector/UndoRedoEvent/UndoRedoEvent.cs","tags":{"FILE_LINE_OF_CODE":"113"}}
{"ts":1745188685342,"action":"FILE_OPENED","file":"/Library/PackageCache/com.oni_sakana.fries/Fries/Inspector/ValueWrapper/FloatWrapper.cs","tags":{"FILE_LINE_OF_CODE":"59"}}
{"ts":1745188687311,"action":"FILE_CLOSED","file":"/Library/PackageCache/com.oni_sakana.fries/Fries/Inspector/ValueWrapper/FloatWrapper.cs","tags":{"FILE_LINE_OF_CODE":"59"}}
{"ts":1745188687311,"action":"FILE_OPENED","file":"/Library/PackageCache/com.oni_sakana.fries/Fries/Inspector/UndoRedoEvent/UndoRedoEvent.cs","tags":{"FILE_LINE_OF_CODE":"113"}}
{"ts":1745188691137,"action":"IDE_DEACTIVATED"}
{"ts":1745188691903,"action":"IDE_ACTIVATED"}
{"ts":1745188692001,"action":"FILE_CLOSED","file":"/Library/PackageCache/com.oni_sakana.fries/Fries/Inspector/UndoRedoEvent/UndoRedoEvent.cs","tags":{"FILE_LINE_OF_CODE":"113"}}
{"ts":1745188692001,"action":"FILE_OPENED","file":"/Library/PackageCache/com.oni_sakana.fries/Fries/Inspector/ValueWrapper/FloatWrapper.cs","tags":{"FILE_LINE_OF_CODE":"59"}}
{"ts":1745188693651,"action":"FILE_CLOSED","file":"/Library/PackageCache/com.oni_sakana.fries/Fries/Inspector/ValueWrapper/FloatWrapper.cs","tags":{"FILE_LINE_OF_CODE":"59"}}
{"ts":1745188693651,"action":"FILE_OPENED","file":"/Library/PackageCache/com.oni_sakana.fries/Fries/Inspector/UndoRedoEvent/UndoRedoEvent.cs","tags":{"FILE_LINE_OF_CODE":"113"}}
{"ts":1745188697927,"action":"IDE_DEACTIVATED"}
{"ts":1745188698903,"action":"IDE_ACTIVATED"}
{"ts":1745188699019,"action":"FILE_CLOSED","file":"/Library/PackageCache/com.oni_sakana.fries/Fries/Inspector/UndoRedoEvent/UndoRedoEvent.cs","tags":{"FILE_LINE_OF_CODE":"113"}}
{"ts":1745188699019,"action":"FILE_OPENED","file":"/Library/PackageCache/com.oni_sakana.fries/Fries/Inspector/ValueWrapper/FloatWrapper.cs","tags":{"FILE_LINE_OF_CODE":"59"}}
{"ts":1745188700217,"action":"FILE_CLOSED","file":"/Library/PackageCache/com.oni_sakana.fries/Fries/Inspector/ValueWrapper/FloatWrapper.cs","tags":{"FILE_LINE_OF_CODE":"59"}}
{"ts":1745188700217,"action":"FILE_OPENED","file":"/Library/PackageCache/com.oni_sakana.fries/Fries/Inspector/UndoRedoEvent/UndoRedoEvent.cs","tags":{"FILE_LINE_OF_CODE":"113"}}
{"ts":1745188704351,"action":"IDE_DEACTIVATED"}
{"ts":1745188709233,"action":"IDE_ACTIVATED"}
{"ts":1745188716112,"action":"IDE_DEACTIVATED"}
{"ts":1745188717176,"action":"IDE_ACTIVATED"}
{"ts":1745188717420,"action":"FILE_CLOSED","file":"/Library/PackageCache/com.oni_sakana.fries/Fries/Inspector/UndoRedoEvent/UndoRedoEvent.cs","tags":{"FILE_LINE_OF_CODE":"113"}}
{"ts":1745188717420,"action":"FILE_OPENED","file":"/Library/PackageCache/com.oni_sakana.fries/Fries/Inspector/ValueWrapper/FloatWrapper.cs","tags":{"FILE_LINE_OF_CODE":"59"}}
{"ts":1745188719523,"action":"FILE_CLOSED","file":"/Library/PackageCache/com.oni_sakana.fries/Fries/Inspector/ValueWrapper/FloatWrapper.cs","tags":{"FILE_LINE_OF_CODE":"59"}}
{"ts":1745188719523,"action":"FILE_OPENED","file":"/Library/PackageCache/com.oni_sakana.fries/Fries/Inspector/UndoRedoEvent/UndoRedoEvent.cs","tags":{"FILE_LINE_OF_CODE":"113"}}
{"ts":1745188722880,"action":"IDE_DEACTIVATED"}
{"ts":1745189018454,"action":"IDE_ACTIVATED"}
{"ts":1745189057884,"action":"IDE_DEACTIVATED"}
{"ts":1745189200623,"action":"IDE_ACTIVATED"}
{"ts":1745189200962,"action":"FILE_CLOSED","file":"/Library/PackageCache/com.oni_sakana.fries/Fries/Inspector/UndoRedoEvent/UndoRedoEvent.cs","tags":{"FILE_LINE_OF_CODE":"113"}}
{"ts":1745189200962,"action":"FILE_OPENED","file":"/Library/PackageCache/com.oni_sakana.fries/Fries/Inspector/ValueWrapper/FloatWrapper.cs","tags":{"FILE_LINE_OF_CODE":"62"}}
{"ts":1745189204490,"action":"FILE_CLOSED","file":"/Library/PackageCache/com.oni_sakana.fries/Fries/Inspector/ValueWrapper/FloatWrapper.cs","tags":{"FILE_LINE_OF_CODE":"62"}}
{"ts":1745189204490,"action":"FILE_OPENED","file":"/Library/PackageCache/com.oni_sakana.fries/Fries/Inspector/UndoRedoEvent/UndoRedoEvent.cs","tags":{"FILE_LINE_OF_CODE":"113"}}
{"ts":1745189209999,"action":"IDE_DEACTIVATED"}
{"ts":1745189212135,"action":"IDE_ACTIVATED"}
{"ts":1745189212278,"action":"FILE_CLOSED","file":"/Library/PackageCache/com.oni_sakana.fries/Fries/Inspector/UndoRedoEvent/UndoRedoEvent.cs","tags":{"FILE_LINE_OF_CODE":"113"}}
{"ts":1745189212278,"action":"FILE_OPENED","file":"/Library/PackageCache/com.oni_sakana.fries/Fries/Inspector/ValueWrapper/FloatWrapper.cs","tags":{"FILE_LINE_OF_CODE":"62"}}
{"ts":1745189215617,"action":"FILE_CLOSED","file":"/Library/PackageCache/com.oni_sakana.fries/Fries/Inspector/ValueWrapper/FloatWrapper.cs","tags":{"FILE_LINE_OF_CODE":"62"}}
{"ts":1745189215617,"action":"FILE_OPENED","file":"/Library/PackageCache/com.oni_sakana.fries/Fries/Inspector/UndoRedoEvent/UndoRedoEvent.cs","tags":{"FILE_LINE_OF_CODE":"113"}}
{"ts":1745189218778,"action":"IDE_DEACTIVATED"}
{"ts":1745189260247,"action":"IDE_ACTIVATED"}
{"ts":1745189265384,"action":"IDE_DEACTIVATED"}
{"ts":1745189359848,"action":"IDE_ACTIVATED"}
{"ts":1745189361333,"action":"FILE_CLOSED","file":"/Library/PackageCache/com.oni_sakana.fries/Fries/Inspector/UndoRedoEvent/UndoRedoEvent.cs","tags":{"FILE_LINE_OF_CODE":"113"}}
{"ts":1745189361333,"action":"FILE_OPENED","file":"/Assets/Scripts/Imported/GridObject.cs","tags":{"FILE_LINE_OF_CODE":"108"}}
{"ts":1745189369335,"action":"IDE_DEACTIVATED"}
{"ts":1745189624300,"action":"IDE_ACTIVATED"}
{"ts":1745189635030,"action":"IDE_DEACTIVATED"}
{"ts":1745189658038,"action":"IDE_ACTIVATED"}
{"ts":1745189680903,"action":"IDE_DEACTIVATED"}
{"ts":1745191025575,"action":"IDE_ACTIVATED"}
{"ts":1745191152229,"action":"IDE_DEACTIVATED"}
{"ts":1745191247828,"action":"IDE_ACTIVATED"}
{"ts":1745191307137,"action":"IDE_DEACTIVATED"}
{"ts":1745191309805,"action":"IDE_ACTIVATED"}
{"ts":1745191312049,"action":"IDE_DEACTIVATED"}
{"ts":1745191383921,"action":"IDE_ACTIVATED"}
{"ts":1745191388551,"action":"FILE_CLOSED","file":"/Assets/Scripts/Imported/GridObject.cs","tags":{"FILE_LINE_OF_CODE":"108"}}
{"ts":1745191388551,"action":"FILE_OPENED","file":"/Assets/Scripts/Menu/StartScreenConfig.cs","tags":{"FILE_LINE_OF_CODE":"82"}}
{"ts":1745191390287,"action":"FILE_CLOSED","file":"/Assets/Scripts/Menu/StartScreenConfig.cs","tags":{"FILE_LINE_OF_CODE":"82"}}
{"ts":1745191390287,"action":"FILE_OPENED","file":"/Library/PackageCache/com.oni_sakana.fries/Fries/Inspector/ValueWrapper/FloatWrapper.cs","tags":{"FILE_LINE_OF_CODE":"80"}}
{"ts":1745191401318,"action":"IDE_DEACTIVATED"}
{"ts":1745191405112,"action":"IDE_ACTIVATED"}
{"ts":1745191407268,"action":"IDE_DEACTIVATED"}
{"ts":1745191415451,"action":"IDE_ACTIVATED"}
{"ts":1745191417454,"action":"IDE_DEACTIVATED"}
{"ts":1745191421892,"action":"IDE_ACTIVATED"}
{"ts":1745191425814,"action":"FILE_CLOSED","file":"/Library/PackageCache/com.oni_sakana.fries/Fries/Inspector/ValueWrapper/FloatWrapper.cs","tags":{"FILE_LINE_OF_CODE":"80"}}
{"ts":1745191425814,"action":"FILE_OPENED","file":"/Library/PackageCache/com.oni_sakana.fries/Fries/Inspector/UndoRedoEvent/UndoRedoEvent.cs","tags":{"FILE_LINE_OF_CODE":"113"}}
{"ts":1745191458984,"action":"FILE_CLOSED","file":"/Library/PackageCache/com.oni_sakana.fries/Fries/Inspector/UndoRedoEvent/UndoRedoEvent.cs","tags":{"FILE_LINE_OF_CODE":"113"}}
{"ts":1745191458984,"action":"FILE_OPENED","file":"/Library/PackageCache/com.oni_sakana.fries/Fries/Inspector/ValueWrapper/FloatWrapper.cs","tags":{"FILE_LINE_OF_CODE":"80"}}
{"ts":1745191476867,"action":"IDE_DEACTIVATED"}
{"ts":1745191613203,"action":"IDE_ACTIVATED"}
{"ts":1745191638240,"action":"IDE_DEACTIVATED"}
{"ts":1745191937848,"action":"IDE_ACTIVATED"}
{"ts":1745191951307,"action":"IDE_DEACTIVATED"}
{"ts":1745191957141,"action":"IDE_ACTIVATED"}
{"ts":1745191974718,"action":"IDE_DEACTIVATED"}
{"ts":1745191981535,"action":"IDE_ACTIVATED"}
{"ts":1745191983697,"action":"IDE_DEACTIVATED"}
{"ts":1745192000642,"action":"IDE_ACTIVATED"}
{"ts":1745192012814,"action":"IDE_DEACTIVATED"}
{"ts":1745192017834,"action":"IDE_ACTIVATED"}
{"ts":1745192021874,"action":"IDE_DEACTIVATED"}
{"ts":1745192028978,"action":"IDE_ACTIVATED"}
{"ts":1745192029877,"action":"FILE_CLOSED","file":"/Library/PackageCache/com.oni_sakana.fries/Fries/Inspector/ValueWrapper/FloatWrapper.cs","tags":{"FILE_LINE_OF_CODE":"81"}}
{"ts":1745192030434,"action":"FILE_OPENED","file":"/Library/PackageCache/com.unity.ugui/Editor/TMP/TMP_BaseEditorPanel.cs","tags":{"FILE_LINE_OF_CODE":"1473"}}
{"ts":1745192039830,"action":"IDE_DEACTIVATED"}
{"ts":1745192062346,"action":"IDE_ACTIVATED"}
{"ts":1745192064693,"action":"IDE_DEACTIVATED"}
{"ts":1745192065471,"action":"IDE_ACTIVATED"}
{"ts":1745192067654,"action":"FILE_CLOSED","file":"/Library/PackageCache/com.unity.ugui/Editor/TMP/TMP_BaseEditorPanel.cs","tags":{"FILE_LINE_OF_CODE":"1473"}}
{"ts":1745192067654,"action":"FILE_OPENED","file":"/Library/PackageCache/com.oni_sakana.fries/Fries/Inspector/ValueWrapper/FloatWrapper.cs","tags":{"FILE_LINE_OF_CODE":"81"}}
{"ts":1745192101501,"action":"IDE_DEACTIVATED"}
{"ts":1745192126522,"action":"IDE_ACTIVATED"}
{"ts":1745192127292,"action":"IDE_DEACTIVATED"}
{"ts":1745192127974,"action":"IDE_ACTIVATED"}
{"ts":1745192140425,"action":"IDE_DEACTIVATED"}
{"ts":1745192272585,"action":"IDE_ACTIVATED"}
{"ts":1745192350523,"action":"IDE_DEACTIVATED"}
{"ts":1745192358172,"action":"IDE_ACTIVATED"}
{"ts":1745192388793,"action":"IDE_DEACTIVATED"}
{"ts":1745192407871,"action":"IDE_ACTIVATED"}
{"ts":1745192424399,"action":"FILE_CLOSED","file":"/Library/PackageCache/com.oni_sakana.fries/Fries/Inspector/ValueWrapper/FloatWrapper.cs","tags":{"FILE_LINE_OF_CODE":"87"}}
{"ts":1745192424468,"action":"FILE_OPENED","file":"/Library/PackageCache/com.unity.ugui/Editor/TMP/TMP_BaseEditorPanel.cs","tags":{"FILE_LINE_OF_CODE":"1473"}}
{"ts":1745192429783,"action":"FILE_CLOSED","file":"/Library/PackageCache/com.unity.ugui/Editor/TMP/TMP_BaseEditorPanel.cs","tags":{"FILE_LINE_OF_CODE":"1473"}}
{"ts":1745192429783,"action":"FILE_OPENED","file":"/Library/PackageCache/com.oni_sakana.fries/Fries/Inspector/ValueWrapper/FloatWrapper.cs","tags":{"FILE_LINE_OF_CODE":"87"}}
{"ts":1745192440256,"action":"IDE_DEACTIVATED"}
{"ts":1745192448344,"action":"IDE_ACTIVATED"}
{"ts":1745192452831,"action":"IDE_DEACTIVATED"}
{"ts":1745192464925,"action":"IDE_ACTIVATED"}
{"ts":1745192472844,"action":"IDE_DEACTIVATED"}
{"ts":1745192577658,"action":"IDE_ACTIVATED"}
{"ts":1745192585203,"action":"IDE_DEACTIVATED"}
{"ts":1745192593091,"action":"IDE_ACTIVATED"}
{"ts":1745192594814,"action":"FILE_CLOSED","file":"/Library/PackageCache/com.oni_sakana.fries/Fries/Inspector/ValueWrapper/FloatWrapper.cs","tags":{"FILE_LINE_OF_CODE":"91"}}
{"ts":1745192594907,"action":"FILE_OPENED","file":"/Library/PackageCache/com.unity.ugui/Editor/TMP/TMP_BaseEditorPanel.cs","tags":{"FILE_LINE_OF_CODE":"1473"}}
{"ts":1745192597439,"action":"IDE_DEACTIVATED"}
{"ts":1745192598506,"action":"IDE_ACTIVATED"}
{"ts":1745192606729,"action":"IDE_DEACTIVATED"}
{"ts":1745192652699,"action":"IDE_ACTIVATED"}
{"ts":1745192656325,"action":"FILE_CLOSED","file":"/Library/PackageCache/com.unity.ugui/Editor/TMP/TMP_BaseEditorPanel.cs","tags":{"FILE_LINE_OF_CODE":"1473"}}
{"ts":1745192656325,"action":"FILE_OPENED","file":"/Library/PackageCache/com.oni_sakana.fries/Fries/Inspector/ValueWrapper/FloatWrapper.cs","tags":{"FILE_LINE_OF_CODE":"90"}}
{"ts":1745192664185,"action":"FILE_CLOSED","file":"/Library/PackageCache/com.oni_sakana.fries/Fries/Inspector/ValueWrapper/FloatWrapper.cs","tags":{"FILE_LINE_OF_CODE":"90"}}
{"ts":1745192664185,"action":"FILE_OPENED","file":"/Assets/Scripts/Imported/GridObject.cs","tags":{"FILE_LINE_OF_CODE":"108"}}
{"ts":1745192668461,"action":"FILE_CLOSED","file":"/Assets/Scripts/Imported/GridObject.cs","tags":{"FILE_LINE_OF_CODE":"108"}}
{"ts":1745192668461,"action":"FILE_OPENED","file":"/Library/PackageCache/com.oni_sakana.fries/Fries/Inspector/UndoRedoEvent/UndoRedoEvent.cs","tags":{"FILE_LINE_OF_CODE":"113"}}
{"ts":1745192670824,"action":"FILE_CLOSED","file":"/Library/PackageCache/com.oni_sakana.fries/Fries/Inspector/UndoRedoEvent/UndoRedoEvent.cs","tags":{"FILE_LINE_OF_CODE":"113"}}
{"ts":1745192670824,"action":"FILE_OPENED","file":"/Assets/Scripts/Menu/StartScreenConfig.cs","tags":{"FILE_LINE_OF_CODE":"82"}}
{"ts":1745192674186,"action":"IDE_DEACTIVATED"}
{"ts":1745192683463,"action":"IDE_ACTIVATED"}
{"ts":1745192683679,"action":"FILE_CLOSED","file":"/Assets/Scripts/Menu/StartScreenConfig.cs","tags":{"FILE_LINE_OF_CODE":"82"}}
{"ts":1745192683780,"action":"FILE_OPENED","file":"/Library/PackageCache/com.unity.ugui/Editor/TMP/TMP_BaseEditorPanel.cs","tags":{"FILE_LINE_OF_CODE":"1473"}}
{"ts":1745192690436,"action":"IDE_DEACTIVATED"}
{"ts":1745192690900,"action":"IDE_ACTIVATED"}
{"ts":1745192690976,"action":"FILE_CLOSED","file":"/Library/PackageCache/com.unity.ugui/Editor/TMP/TMP_BaseEditorPanel.cs","tags":{"FILE_LINE_OF_CODE":"1473"}}
{"ts":1745192690976,"action":"FILE_OPENED","file":"/Library/PackageCache/com.oni_sakana.fries/Fries/Inspector/ValueWrapper/FloatWrapper.cs","tags":{"FILE_LINE_OF_CODE":"90"}}
{"ts":1745192702765,"action":"IDE_DEACTIVATED"}
{"ts":1745192706256,"action":"IDE_ACTIVATED"}
{"ts":1745192706923,"action":"IDE_DEACTIVATED"}
{"ts":1745192707836,"action":"IDE_ACTIVATED"}
{"ts":1745192714500,"action":"IDE_DEACTIVATED"}
{"ts":1745192714866,"action":"IDE_ACTIVATED"}
{"ts":1745192737332,"action":"IDE_DEACTIVATED"}
{"ts":1745192754652,"action":"IDE_ACTIVATED"}
{"ts":1745192758684,"action":"IDE_DEACTIVATED"}
{"ts":1745192759699,"action":"IDE_ACTIVATED"}
{"ts":1745192801036,"action":"IDE_DEACTIVATED"}
{"ts":1745192806959,"action":"IDE_ACTIVATED"}
{"ts":1745192807719,"action":"IDE_DEACTIVATED"}
{"ts":1745192817339,"action":"IDE_ACTIVATED"}
{"ts":1745192871471,"action":"IDE_DEACTIVATED"}
{"ts":1745192897323,"action":"IDE_ACTIVATED"}
{"ts":1745192897465,"action":"FILE_CLOSED","file":"/Library/PackageCache/com.oni_sakana.fries/Fries/Inspector/ValueWrapper/FloatWrapper.cs","tags":{"FILE_LINE_OF_CODE":"90"}}
{"ts":1745192897545,"action":"FILE_OPENED","file":"/Library/PackageCache/com.unity.ugui/Editor/TMP/TMP_BaseEditorPanel.cs","tags":{"FILE_LINE_OF_CODE":"1473"}}
{"ts":1745192904822,"action":"IDE_DEACTIVATED"}
{"ts":1745192998111,"action":"IDE_ACTIVATED"}
{"ts":1745192998260,"action":"FILE_CLOSED","file":"/Library/PackageCache/com.unity.ugui/Editor/TMP/TMP_BaseEditorPanel.cs","tags":{"FILE_LINE_OF_CODE":"1473"}}
{"ts":1745192998326,"action":"FILE_OPENED","file":"/Library/PackageCache/com.unity.ugui/Editor/TMP/TMP_BaseEditorPanel.cs","tags":{"FILE_LINE_OF_CODE":"1473"}}
{"ts":1745193003080,"action":"FILE_CLOSED","file":"/Library/PackageCache/com.unity.ugui/Editor/TMP/TMP_BaseEditorPanel.cs","tags":{"FILE_LINE_OF_CODE":"1473"}}
{"ts":1745193003080,"action":"FILE_OPENED","file":"/Library/PackageCache/com.oni_sakana.fries/Fries/Inspector/ValueWrapper/FloatWrapper.cs","tags":{"FILE_LINE_OF_CODE":"90"}}
{"ts":1745193005718,"action":"IDE_DEACTIVATED"}
{"ts":1745193008909,"action":"IDE_ACTIVATED"}
{"ts":1745193240092,"action":"IDE_DEACTIVATED"}
{"ts":1745193277272,"action":"IDE_ACTIVATED"}
{"ts":1745193289346,"action":"IDE_DEACTIVATED"}
{"ts":1745193302330,"action":"IDE_ACTIVATED"}
{"ts":1745193323140,"action":"IDE_DEACTIVATED"}
{"ts":1745193332471,"action":"IDE_ACTIVATED"}
{"ts":1745193333217,"action":"IDE_DEACTIVATED"}
{"ts":1745193346463,"action":"IDE_ACTIVATED"}
{"ts":1745193346490,"action":"FILE_CLOSED","file":"/Library/PackageCache/com.oni_sakana.fries/Fries/Inspector/ValueWrapper/FloatWrapper.cs","tags":{"FILE_LINE_OF_CODE":"76"}}
{"ts":1745193346490,"action":"FILE_OPENED","file":"/Assets/Scripts/Menu/StartScreenConfig.cs","tags":{"FILE_LINE_OF_CODE":"82"}}
{"ts":1745193352447,"action":"IDE_DEACTIVATED"}
{"ts":1745193363372,"action":"IDE_ACTIVATED"}
{"ts":1745193363485,"action":"FILE_CLOSED","file":"/Assets/Scripts/Menu/StartScreenConfig.cs","tags":{"FILE_LINE_OF_CODE":"80"}}
{"ts":1745193363650,"action":"FILE_OPENED","file":"/Library/PackageCache/com.unity.ugui/Editor/TMP/TMP_BaseEditorPanel.cs","tags":{"FILE_LINE_OF_CODE":"1473"}}
{"ts":1745193375027,"action":"IDE_DEACTIVATED"}
{"ts":1745193470445,"action":"IDE_ACTIVATED"}
{"ts":1745193486436,"action":"IDE_DEACTIVATED"}
{"ts":1745193488459,"action":"IDE_ACTIVATED"}
{"ts":1745193491829,"action":"FILE_CLOSED","file":"/Library/PackageCache/com.unity.ugui/Editor/TMP/TMP_BaseEditorPanel.cs","tags":{"FILE_LINE_OF_CODE":"1473"}}
{"ts":1745193491829,"action":"FILE_OPENED","file":"/Library/PackageCache/com.oni_sakana.fries/Fries/Inspector/ValueWrapper/FloatWrapper.cs","tags":{"FILE_LINE_OF_CODE":"76"}}
{"ts":1745193493594,"action":"FILE_CLOSED","file":"/Library/PackageCache/com.oni_sakana.fries/Fries/Inspector/ValueWrapper/FloatWrapper.cs","tags":{"FILE_LINE_OF_CODE":"76"}}
{"ts":1745193493594,"action":"FILE_OPENED","file":"/Assets/Scripts/Menu/StartScreenConfig.cs","tags":{"FILE_LINE_OF_CODE":"80"}}
{"ts":1745193499009,"action":"FILE_CLOSED","file":"/Assets/Scripts/Menu/StartScreenConfig.cs","tags":{"FILE_LINE_OF_CODE":"80"}}
{"ts":1745193499009,"action":"FILE_OPENED","file":"/Assets/Scripts/Menu/PauseScreenConfig.cs","tags":{"FILE_LINE_OF_CODE":"96"}}
{"ts":1745193501905,"action":"FILE_CLOSED","file":"/Assets/Scripts/Menu/PauseScreenConfig.cs","tags":{"FILE_LINE_OF_CODE":"96"}}
{"ts":1745193501905,"action":"FILE_OPENED","file":"/Library/PackageCache/com.oni_sakana.fries/Fries/Inspector/ValueWrapper/IntWrapper.cs","tags":{"FILE_LINE_OF_CODE":"77"}}
{"ts":1745193514939,"action":"IDE_DEACTIVATED"}
{"ts":1745193515247,"action":"IDE_ACTIVATED"}
{"ts":1745193522115,"action":"FILE_CLOSED","file":"/Library/PackageCache/com.oni_sakana.fries/Fries/Inspector/ValueWrapper/IntWrapper.cs","tags":{"FILE_LINE_OF_CODE":"77"}}
{"ts":1745193529896,"action":"IDE_DEACTIVATED"}
{"ts":1745193530179,"action":"IDE_ACTIVATED"}
{"ts":1745193530237,"action":"FILE_OPENED","file":"/Library/PackageCache/com.oni_sakana.fries/Fries/Inspector/ValueWrapper/IntWrapper.cs","tags":{"FILE_LINE_OF_CODE":"77"}}
{"ts":1745193535161,"action":"IDE_DEACTIVATED"}
{"ts":1745193585725,"action":"IDE_ACTIVATED"}
{"ts":1745193590128,"action":"IDE_DEACTIVATED"}
{"ts":1745193591231,"action":"IDE_ACTIVATED"}
{"ts":1745193605848,"action":"IDE_DEACTIVATED"}
{"ts":1745193606267,"action":"IDE_ACTIVATED"}
{"ts":1745193612185,"action":"FILE_CLOSED","file":"/Library/PackageCache/com.oni_sakana.fries/Fries/Inspector/ValueWrapper/IntWrapper.cs","tags":{"FILE_LINE_OF_CODE":"77"}}
{"ts":1745193612185,"action":"FILE_OPENED","file":"/Assets/Scripts/Menu/PauseScreenConfig.cs","tags":{"FILE_LINE_OF_CODE":"96"}}
{"ts":1745193618783,"action":"FILE_CLOSED","file":"/Assets/Scripts/Menu/PauseScreenConfig.cs","tags":{"FILE_LINE_OF_CODE":"96"}}
{"ts":1745193618783,"action":"FILE_OPENED","file":"/Library/PackageCache/com.oni_sakana.fries/Fries/Inspector/ValueWrapper/IntWrapper.cs","tags":{"FILE_LINE_OF_CODE":"77"}}
{"ts":1745193650148,"action":"IDE_DEACTIVATED"}
{"ts":1745193650347,"action":"IDE_ACTIVATED"}
{"ts":1745193654471,"action":"IDE_DEACTIVATED"}
{"ts":1745193675109,"action":"IDE_ACTIVATED"}
{"ts":1745193677230,"action":"IDE_DEACTIVATED"}
{"ts":1745193677934,"action":"IDE_ACTIVATED"}
{"ts":1745193685069,"action":"FILE_CLOSED","file":"/Library/PackageCache/com.oni_sakana.fries/Fries/Inspector/ValueWrapper/IntWrapper.cs","tags":{"FILE_LINE_OF_CODE":"77"}}
{"ts":1745193685069,"action":"FILE_OPENED","file":"/Assets/Scripts/Menu/PauseScreenConfig.cs","tags":{"FILE_LINE_OF_CODE":"96"}}
{"ts":1745193700420,"action":"IDE_DEACTIVATED"}
{"ts":1745193713386,"action":"IDE_ACTIVATED"}
{"ts":1745193713482,"action":"FILE_CLOSED","file":"/Assets/Scripts/Menu/PauseScreenConfig.cs","tags":{"FILE_LINE_OF_CODE":"97"}}
{"ts":1745193713571,"action":"FILE_OPENED","file":"/Library/PackageCache/com.unity.ugui/Editor/TMP/TMP_BaseEditorPanel.cs","tags":{"FILE_LINE_OF_CODE":"1473"}}
{"ts":1745193718613,"action":"IDE_DEACTIVATED"}
{"ts":1745193751387,"action":"IDE_ACTIVATED"}
{"ts":1745193753948,"action":"IDE_DEACTIVATED"}
{"ts":1745193755209,"action":"IDE_ACTIVATED"}
{"ts":1745193756413,"action":"IDE_DEACTIVATED"}
{"ts":1745193757080,"action":"IDE_ACTIVATED"}
{"ts":1745193759798,"action":"FILE_CLOSED","file":"/Library/PackageCache/com.unity.ugui/Editor/TMP/TMP_BaseEditorPanel.cs","tags":{"FILE_LINE_OF_CODE":"1473"}}
{"ts":1745193759798,"action":"FILE_OPENED","file":"/Assets/Scripts/Menu/PauseScreenConfig.cs","tags":{"FILE_LINE_OF_CODE":"97"}}
{"ts":1745193765280,"action":"IDE_DEACTIVATED"}
{"ts":1745193773391,"action":"IDE_ACTIVATED"}
{"ts":1745193773530,"action":"FILE_CLOSED","file":"/Assets/Scripts/Menu/PauseScreenConfig.cs","tags":{"FILE_LINE_OF_CODE":"106"}}
{"ts":1745193773623,"action":"FILE_OPENED","file":"/Library/PackageCache/com.unity.ugui/Editor/TMP/TMP_BaseEditorPanel.cs","tags":{"FILE_LINE_OF_CODE":"1473"}}
{"ts":1745193782366,"action":"IDE_DEACTIVATED"}
{"ts":1745193788909,"action":"IDE_ACTIVATED"}
{"ts":1745193794269,"action":"FILE_CLOSED","file":"/Library/PackageCache/com.unity.ugui/Editor/TMP/TMP_BaseEditorPanel.cs","tags":{"FILE_LINE_OF_CODE":"1473"}}
{"ts":1745193794269,"action":"FILE_OPENED","file":"/Assets/Scripts/Menu/PauseScreenConfig.cs","tags":{"FILE_LINE_OF_CODE":"106"}}
{"ts":1745193810680,"action":"IDE_DEACTIVATED"}
{"ts":1745193828526,"action":"IDE_ACTIVATED"}
{"ts":1745193857253,"action":"FILE_CLOSED","file":"/Assets/Scripts/Menu/PauseScreenConfig.cs","tags":{"FILE_LINE_OF_CODE":"99"}}
{"ts":1745193857253,"action":"FILE_OPENED","file":"/Assets/Scripts/Menu/StartScreenConfig.cs","tags":{"FILE_LINE_OF_CODE":"80"}}
{"ts":1745193859860,"action":"FILE_CLOSED","file":"/Assets/Scripts/Menu/StartScreenConfig.cs","tags":{"FILE_LINE_OF_CODE":"80"}}
{"ts":1745193859860,"action":"FILE_OPENED","file":"/Assets/Scripts/Menu/PauseScreenConfig.cs","tags":{"FILE_LINE_OF_CODE":"99"}}
{"ts":1745193862412,"action":"FILE_CLOSED","file":"/Assets/Scripts/Menu/PauseScreenConfig.cs","tags":{"FILE_LINE_OF_CODE":"99"}}
{"ts":1745193862412,"action":"FILE_OPENED","file":"/Assets/Scripts/Menu/StartScreenConfig.cs","tags":{"FILE_LINE_OF_CODE":"80"}}
{"ts":1745193866452,"action":"FILE_CLOSED","file":"/Assets/Scripts/Menu/StartScreenConfig.cs","tags":{"FILE_LINE_OF_CODE":"80"}}
{"ts":1745193866452,"action":"FILE_OPENED","file":"/Assets/Scripts/Menu/PauseScreenConfig.cs","tags":{"FILE_LINE_OF_CODE":"99"}}
{"ts":1745193871036,"action":"IDE_DEACTIVATED"}
{"ts":1745194335761,"action":"IDE_ACTIVATED"}
{"ts":1745194335820,"action":"FILE_CLOSED","file":"/Assets/Scripts/Menu/PauseScreenConfig.cs","tags":{"FILE_LINE_OF_CODE":"99"}}
{"ts":1745194335820,"action":"FILE_OPENED","file":"/Assets/Scripts/Menu/StartScreenConfig.cs","tags":{"FILE_LINE_OF_CODE":"80"}}
{"ts":1745194349548,"action":"IDE_DEACTIVATED"}
{"ts":1745194850883,"action":"IDE_ACTIVATED"}
{"ts":1745194895060,"action":"IDE_DEACTIVATED"}
{"ts":1745194905578,"action":"IDE_ACTIVATED"}
{"ts":1745194931809,"action":"IDE_DEACTIVATED"}
{"ts":1745194938920,"action":"IDE_ACTIVATED"}
{"ts":1745194952958,"action":"IDE_DEACTIVATED"}
{"ts":1745195145453,"action":"IDE_ACTIVATED"}
{"ts":1745195145578,"action":"FILE_CLOSED","file":"/Assets/Scripts/Menu/StartScreenConfig.cs","tags":{"FILE_LINE_OF_CODE":"75"}}
{"ts":1745195145578,"action":"FILE_OPENED","file":"/Assets/Scripts/Menu/LevelWidget.cs","tags":{"FILE_LINE_OF_CODE":"86"}}
{"ts":1745195158331,"action":"FILE_CLOSED","file":"/Assets/Scripts/Menu/LevelWidget.cs","tags":{"FILE_LINE_OF_CODE":"86"}}
{"ts":1745195158331,"action":"FILE_OPENED","file":"/Assets/Scripts/Menu/LevelSelectorController.cs","tags":{"FILE_LINE_OF_CODE":"281"}}
{"ts":1745195197614,"action":"IDE_DEACTIVATED"}
{"ts":1745195341122,"action":"IDE_ACTIVATED"}
{"ts":1745195342621,"action":"IDE_DEACTIVATED"}
{"ts":1745195343338,"action":"IDE_ACTIVATED"}
{"ts":1745195348936,"action":"FILE_CLOSED","file":"/Assets/Scripts/Menu/LevelSelectorController.cs","tags":{"FILE_LINE_OF_CODE":"273"}}
{"ts":1745195348936,"action":"FILE_OPENED","file":"/Assets/Scripts/Menu/DemoSceneManager.cs","tags":{"FILE_LINE_OF_CODE":"56"}}
{"ts":1745195351799,"action":"FILE_CLOSED","file":"/Assets/Scripts/Menu/DemoSceneManager.cs","tags":{"FILE_LINE_OF_CODE":"56"}}
{"ts":1745195351799,"action":"FILE_OPENED","file":"/Assets/Scripts/Menu/LevelSelectorController.cs","tags":{"FILE_LINE_OF_CODE":"273"}}
{"ts":1745195356369,"action":"FILE_CLOSED","file":"/Assets/Scripts/Menu/LevelSelectorController.cs","tags":{"FILE_LINE_OF_CODE":"273"}}
{"ts":1745195356369,"action":"FILE_OPENED","file":"/Assets/Scripts/Menu/LevelWidget.cs","tags":{"FILE_LINE_OF_CODE":"86"}}
{"ts":1745195372473,"action":"IDE_DEACTIVATED"}
{"ts":1745195380795,"action":"IDE_ACTIVATED"}
{"ts":1745195380858,"action":"FILE_CLOSED","file":"/Assets/Scripts/Menu/LevelWidget.cs","tags":{"FILE_LINE_OF_CODE":"66"}}
{"ts":1745195380858,"action":"FILE_OPENED","file":"/Assets/Scripts/Menu/DemoSceneManager.cs","tags":{"FILE_LINE_OF_CODE":"56"}}
{"ts":1745195398433,"action":"IDE_DEACTIVATED"}
{"ts":1745195403580,"action":"IDE_ACTIVATED"}
{"ts":1745195403611,"action":"FILE_CLOSED","file":"/Assets/Scripts/Menu/DemoSceneManager.cs","tags":{"FILE_LINE_OF_CODE":"53"}}
{"ts":1745195403611,"action":"FILE_OPENED","file":"/Assets/Scripts/Menu/LevelSelectorController.cs","tags":{"FILE_LINE_OF_CODE":"273"}}
{"ts":1745195411185,"action":"IDE_DEACTIVATED"}
{"ts":1745195889772,"action":"IDE_ACTIVATED"}
{"ts":1745195939387,"action":"IDE_DEACTIVATED"}
{"ts":1745195942155,"action":"IDE_ACTIVATED"}
{"ts":1745196178500,"action":"IDE_DEACTIVATED"}
{"ts":1745196197550,"action":"IDE_ACTIVATED"}
{"ts":1745196237832,"action":"IDE_DEACTIVATED"}
{"ts":1745196744867,"action":"IDE_ACTIVATED"}
{"ts":1745196752266,"action":"IDE_DEACTIVATED"}
{"ts":1745196835756,"action":"IDE_ACTIVATED"}
{"ts":1745196838754,"action":"IDE_DEACTIVATED"}
{"ts":1745196842175,"action":"IDE_ACTIVATED"}
{"ts":1745196842811,"action":"IDE_DEACTIVATED"}
{"ts":1745196858620,"action":"IDE_ACTIVATED"}
{"ts":1745196867696,"action":"IDE_DEACTIVATED"}
{"ts":1745196891548,"action":"IDE_ACTIVATED"}
{"ts":1745197115254,"action":"FILE_CLOSED","file":"/Assets/Scripts/Menu/LevelSelectorController.cs","tags":{"FILE_LINE_OF_CODE":"250"}}
{"ts":1745197115254,"action":"FILE_OPENED","file":"/Assets/Scripts/Menu/LevelWidget.cs","tags":{"FILE_LINE_OF_CODE":"66"}}
{"ts":1745197120895,"action":"FILE_CLOSED","file":"/Assets/Scripts/Menu/LevelWidget.cs","tags":{"FILE_LINE_OF_CODE":"66"}}
{"ts":1745197120895,"action":"FILE_OPENED","file":"/Assets/Scripts/Menu/LevelSelectorController.cs","tags":{"FILE_LINE_OF_CODE":"250"}}
{"ts":1745197173647,"action":"IDE_DEACTIVATED"}
{"ts":1745197288202,"action":"IDE_ACTIVATED"}
{"ts":1745197304285,"action":"IDE_DEACTIVATED"}
{"ts":1745197402283,"action":"IDE_ACTIVATED"}
{"ts":1745197404478,"action":"FILE_CLOSED","file":"/Assets/Scripts/Menu/LevelSelectorController.cs","tags":{"FILE_LINE_OF_CODE":"251"}}
{"ts":1745197404479,"action":"FILE_OPENED","file":"/Assets/Scripts/Menu/LevelWidget.cs","tags":{"FILE_LINE_OF_CODE":"66"}}
{"ts":1745197410689,"action":"FILE_CLOSED","file":"/Assets/Scripts/Menu/LevelWidget.cs","tags":{"FILE_LINE_OF_CODE":"66"}}
{"ts":1745197410689,"action":"FILE_OPENED","file":"/Assets/Scripts/Menu/StartScreenConfig.cs","tags":{"FILE_LINE_OF_CODE":"75"}}
{"ts":1745197412818,"action":"FILE_CLOSED","file":"/Assets/Scripts/Menu/StartScreenConfig.cs","tags":{"FILE_LINE_OF_CODE":"75"}}
{"ts":1745197412818,"action":"FILE_OPENED","file":"/Assets/Scripts/Menu/LevelWidget.cs","tags":{"FILE_LINE_OF_CODE":"66"}}
{"ts":1745197418213,"action":"FILE_CLOSED","file":"/Assets/Scripts/Menu/LevelWidget.cs","tags":{"FILE_LINE_OF_CODE":"66"}}
{"ts":1745197418213,"action":"FILE_OPENED","file":"/Assets/Scripts/Menu/LevelSelectorController.cs","tags":{"FILE_LINE_OF_CODE":"251"}}
{"ts":1745197525776,"action":"IDE_DEACTIVATED"}
{"ts":1745197825118,"action":"IDE_ACTIVATED"}
{"ts":1745197825169,"action":"FILE_CLOSED","file":"/Assets/Scripts/Menu/LevelSelectorController.cs","tags":{"FILE_LINE_OF_CODE":"255"}}
{"ts":1745197825169,"action":"FILE_OPENED","file":"/Assets/Scripts/Menu/LevelWidget.cs","tags":{"FILE_LINE_OF_CODE":"66"}}
{"ts":1745197877700,"action":"IDE_DEACTIVATED"}
{"ts":1745198117249,"action":"IDE_ACTIVATED"}
{"ts":1745198125906,"action":"FILE_CLOSED","file":"/Assets/Scripts/Menu/LevelWidget.cs","tags":{"FILE_LINE_OF_CODE":"48"}}
{"ts":1745198125906,"action":"FILE_OPENED","file":"/Assets/Scripts/Menu/LevelSelectorControllerEditor.cs","tags":{"FILE_LINE_OF_CODE":"57"}}
{"ts":1745198128502,"action":"FILE_CLOSED","file":"/Assets/Scripts/Menu/LevelSelectorControllerEditor.cs","tags":{"FILE_LINE_OF_CODE":"57"}}
{"ts":1745198128502,"action":"FILE_OPENED","file":"/Assets/Scripts/Menu/LevelWidget.cs","tags":{"FILE_LINE_OF_CODE":"48"}}
{"ts":1745198132550,"action":"FILE_CLOSED","file":"/Assets/Scripts/Menu/LevelWidget.cs","tags":{"FILE_LINE_OF_CODE":"48"}}
{"ts":1745198132550,"action":"FILE_OPENED","file":"/Assets/Scripts/Menu/LevelSelectorController.cs","tags":{"FILE_LINE_OF_CODE":"255"}}
{"ts":1745198148328,"action":"IDE_DEACTIVATED"}
{"ts":1745198436976,"action":"IDE_ACTIVATED"}
{"ts":1745198510337,"action":"IDE_DEACTIVATED"}
{"ts":1745198540352,"action":"IDE_ACTIVATED"}
{"ts":1745198550611,"action":"IDE_DEACTIVATED"}
{"ts":1745198662236,"action":"IDE_ACTIVATED"}
{"ts":1745198700026,"action":"IDE_DEACTIVATED"}
{"ts":1745198745351,"action":"IDE_ACTIVATED"}
{"ts":1745198790485,"action":"IDE_DEACTIVATED"}
{"ts":1745198868358,"action":"IDE_ACTIVATED"}
{"ts":1745198963523,"action":"PROJECT_CLOSED","tags":{"PROJECT_NAME":"MSS_Timeplex"}}
{"ts":1745198995533,"action":"PROJECT_OPENED","tags":{"PROJECT_NAME":"MSS_Timeplex"}}
{"ts":1745199184299,"action":"IDE_DEACTIVATED"}
{"ts":1745199211346,"action":"IDE_ACTIVATED"}
{"ts":1745199252334,"action":"IDE_DEACTIVATED"}
{"ts":1745199280383,"action":"IDE_ACTIVATED"}
{"ts":1745199384774,"action":"IDE_DEACTIVATED"}
{"ts":1745199406781,"action":"IDE_ACTIVATED"}
{"ts":1745199432139,"action":"IDE_DEACTIVATED"}
{"ts":1745199439562,"action":"IDE_ACTIVATED"}
{"ts":1745199445594,"action":"IDE_DEACTIVATED"}
{"ts":1745199449046,"action":"IDE_ACTIVATED"}
{"ts":1745199463979,"action":"FILE_CLOSED","file":"/Assets/Scripts/Menu/LevelSelectorController.cs","tags":{"FILE_LINE_OF_CODE":"262"}}
{"ts":1745199463980,"action":"FILE_OPENED","file":"/Library/PackageCache/com.unity.render-pipelines.core/Runtime/Debugging/DebugUpdater.cs","tags":{"FILE_LINE_OF_CODE":"215"}}
{"ts":1745199466193,"action":"FILE_CLOSED","file":"/Library/PackageCache/com.unity.render-pipelines.core/Runtime/Debugging/DebugUpdater.cs","tags":{"FILE_LINE_OF_CODE":"215"}}
{"ts":1745199466193,"action":"FILE_OPENED","file":"/Assets/Scripts/Menu/LevelSelectorController.cs","tags":{"FILE_LINE_OF_CODE":"262"}}
{"ts":1745199472525,"action":"IDE_DEACTIVATED"}
{"ts":1745199473644,"action":"IDE_ACTIVATED"}
{"ts":1745199483237,"action":"IDE_DEACTIVATED"}
{"ts":1745199485380,"action":"IDE_ACTIVATED"}
{"ts":1745199524651,"action":"IDE_DEACTIVATED"}
{"ts":1745199525953,"action":"IDE_ACTIVATED"}
{"ts":1745199532886,"action":"IDE_DEACTIVATED"}
{"ts":1745199533593,"action":"IDE_ACTIVATED"}
{"ts":1745199672885,"action":"IDE_DEACTIVATED"}
{"ts":1745199673328,"action":"IDE_ACTIVATED"}
{"ts":1745199688400,"action":"FILE_CLOSED","file":"/Assets/Scripts/Menu/LevelSelectorController.cs","tags":{"FILE_LINE_OF_CODE":"262"}}
{"ts":1745199690124,"action":"FILE_OPENED","file":"/Assets/Scripts/Menu/LevelSelectorController.cs","tags":{"FILE_LINE_OF_CODE":"262"}}
{"ts":1745199795650,"action":"IDE_DEACTIVATED"}
{"ts":1745199796016,"action":"IDE_ACTIVATED"}
{"ts":1745199810650,"action":"IDE_DEACTIVATED"}
{"ts":1745199813270,"action":"IDE_ACTIVATED"}
{"ts":1745199819481,"action":"FILE_CLOSED","file":"/Assets/Scripts/Menu/LevelSelectorController.cs","tags":{"FILE_LINE_OF_CODE":"262"}}
{"ts":1745199819567,"action":"FILE_OPENED","file":"/Library/PackageCache/com.unity.ugui/Editor/TMP/TMP_BaseEditorPanel.cs","tags":{"FILE_LINE_OF_CODE":"1473"}}
{"ts":1745199821988,"action":"FILE_CLOSED","file":"/Library/PackageCache/com.unity.ugui/Editor/TMP/TMP_BaseEditorPanel.cs","tags":{"FILE_LINE_OF_CODE":"1473"}}
{"ts":1745199822194,"action":"FILE_OPENED","file":"/Library/PackageCache/com.unity.ugui/Editor/UGUI/UI/SelectableEditor.cs","tags":{"FILE_LINE_OF_CODE":"384"}}
{"ts":1745199824735,"action":"FILE_CLOSED","file":"/Library/PackageCache/com.unity.ugui/Editor/UGUI/UI/SelectableEditor.cs","tags":{"FILE_LINE_OF_CODE":"384"}}
{"ts":1745199824930,"action":"FILE_OPENED","file":"/Library/PackageCache/com.unity.ugui/Editor/UGUI/UI/GraphicEditor.cs","tags":{"FILE_LINE_OF_CODE":"216"}}
{"ts":1745199826448,"action":"FILE_CLOSED","file":"/Library/PackageCache/com.unity.ugui/Editor/UGUI/UI/GraphicEditor.cs","tags":{"FILE_LINE_OF_CODE":"216"}}
{"ts":1745199826477,"action":"FILE_OPENED","file":"/Library/PackageCache/com.unity.ugui/Editor/TMP/TMP_BaseEditorPanel.cs","tags":{"FILE_LINE_OF_CODE":"1473"}}
{"ts":1745199827120,"action":"FILE_CLOSED","file":"/Library/PackageCache/com.unity.ugui/Editor/TMP/TMP_BaseEditorPanel.cs","tags":{"FILE_LINE_OF_CODE":"1473"}}
{"ts":1745199829805,"action":"FILE_OPENED","file":"/Library/PackageCache/com.unity.ugui/Editor/UGUI/UI/SelectableEditor.cs","tags":{"FILE_LINE_OF_CODE":"384"}}
{"ts":1745199860521,"action":"FILE_CLOSED","file":"/Library/PackageCache/com.unity.ugui/Editor/UGUI/UI/SelectableEditor.cs","tags":{"FILE_LINE_OF_CODE":"384"}}
{"ts":1745199860521,"action":"FILE_OPENED","file":"/Assets/Scripts/Menu/LevelSelectorController.cs","tags":{"FILE_LINE_OF_CODE":"262"}}
{"ts":1745199872339,"action":"IDE_DEACTIVATED"}
{"ts":1745199923219,"action":"IDE_ACTIVATED"}
{"ts":1745199988310,"action":"IDE_DEACTIVATED"}
{"ts":1745200020498,"action":"IDE_ACTIVATED"}
{"ts":1745200059181,"action":"IDE_DEACTIVATED"}
{"ts":1745200085136,"action":"IDE_ACTIVATED"}
{"ts":1745200135638,"action":"IDE_DEACTIVATED"}
{"ts":1745200193630,"action":"IDE_ACTIVATED"}
{"ts":1745200394327,"action":"IDE_DEACTIVATED"}
{"ts":1745200426641,"action":"IDE_ACTIVATED"}
{"ts":1745200432469,"action":"IDE_DEACTIVATED"}
{"ts":1745200512071,"action":"IDE_ACTIVATED"}
{"ts":1745200517077,"action":"IDE_DEACTIVATED"}
{"ts":1745201090253,"action":"IDE_ACTIVATED"}
{"ts":1745201096783,"action":"IDE_DEACTIVATED"}
{"ts":1745201410348,"action":"IDE_ACTIVATED"}
{"ts":1745201411935,"action":"IDE_DEACTIVATED"}
{"ts":1745201421829,"action":"IDE_ACTIVATED"}
{"ts":1745201425100,"action":"PROJECT_CLOSED","tags":{"PROJECT_NAME":"MSS_Timeplex"}}
{"ts":1745251190869,"action":"PROJECT_OPENED","tags":{"PROJECT_NAME":"MSS_Timeplex"}}
{"ts":1745251265029,"action":"IDE_DEACTIVATED"}
{"ts":1745251404291,"action":"IDE_ACTIVATED"}
{"ts":1745251447678,"action":"FILE_CLOSED","file":"/Assets/Scripts/DialogueSystem/DialogueDisplayer.cs","tags":{"FILE_LINE_OF_CODE":"146"}}
{"ts":1745251447679,"action":"FILE_OPENED","file":"/Assets/Scripts/DialogueSystem/CharSequenceDisplayer.cs","tags":{"FILE_LINE_OF_CODE":"133"}}
{"ts":1745251451021,"action":"FILE_CLOSED","file":"/Assets/Scripts/DialogueSystem/CharSequenceDisplayer.cs","tags":{"FILE_LINE_OF_CODE":"133"}}
{"ts":1745251451021,"action":"FILE_OPENED","file":"/Assets/Scripts/DialogueSystem/DialogueDisplayer.cs","tags":{"FILE_LINE_OF_CODE":"146"}}
{"ts":1745251976439,"action":"FILE_CLOSED","file":"/Assets/Scripts/DialogueSystem/DialogueDisplayer.cs","tags":{"FILE_LINE_OF_CODE":"164"}}
{"ts":1745251976439,"action":"FILE_OPENED","file":"/Assets/Scripts/Player/scrPlayer.cs","tags":{"FILE_LINE_OF_CODE":"542"}}
{"ts":1745251994715,"action":"FILE_CLOSED","file":"/Assets/Scripts/Player/scrPlayer.cs","tags":{"FILE_LINE_OF_CODE":"542"}}
{"ts":1745251994716,"action":"FILE_OPENED","file":"/Assets/Scripts/Player/scrPlayerFlip.cs","tags":{"FILE_LINE_OF_CODE":"48"}}
{"ts":1745252024594,"action":"FILE_CLOSED","file":"/Assets/Scripts/Player/scrPlayerFlip.cs","tags":{"FILE_LINE_OF_CODE":"48"}}
{"ts":1745252024594,"action":"FILE_OPENED","file":"/Assets/Scripts/Managers/scrMoveInheritanceManager.cs","tags":{"FILE_LINE_OF_CODE":"225"}}
{"ts":1745252089858,"action":"FILE_CLOSED","file":"/Assets/Scripts/Managers/scrMoveInheritanceManager.cs","tags":{"FILE_LINE_OF_CODE":"225"}}
{"ts":1745252089858,"action":"FILE_OPENED","file":"/Assets/Scripts/Player/scrPlayer.cs","tags":{"FILE_LINE_OF_CODE":"542"}}
{"ts":1745252128497,"action":"FILE_CLOSED","file":"/Assets/Scripts/Player/scrPlayer.cs","tags":{"FILE_LINE_OF_CODE":"542"}}
{"ts":1745252128497,"action":"FILE_OPENED","file":"/Assets/Scripts/Managers/scrMoveInheritanceManager.cs","tags":{"FILE_LINE_OF_CODE":"225"}}
{"ts":1745252130279,"action":"FILE_CLOSED","file":"/Assets/Scripts/Managers/scrMoveInheritanceManager.cs","tags":{"FILE_LINE_OF_CODE":"225"}}
{"ts":1745252130280,"action":"FILE_OPENED","file":"/Assets/Scripts/Player/scrPlayer.cs","tags":{"FILE_LINE_OF_CODE":"542"}}
{"ts":1745252134634,"action":"FILE_CLOSED","file":"/Assets/Scripts/Player/scrPlayer.cs","tags":{"FILE_LINE_OF_CODE":"542"}}
{"ts":1745252134634,"action":"FILE_OPENED","file":"/Assets/Scripts/Managers/scrMoveInheritanceManager.cs","tags":{"FILE_LINE_OF_CODE":"225"}}
{"ts":1745252149977,"action":"FILE_CLOSED","file":"/Assets/Scripts/Managers/scrMoveInheritanceManager.cs","tags":{"FILE_LINE_OF_CODE":"225"}}
{"ts":1745252149978,"action":"FILE_OPENED","file":"/Assets/Scripts/Player/scrPlayer.cs","tags":{"FILE_LINE_OF_CODE":"542"}}
{"ts":1745252153247,"action":"FILE_CLOSED","file":"/Assets/Scripts/Player/scrPlayer.cs","tags":{"FILE_LINE_OF_CODE":"542"}}
{"ts":1745252153247,"action":"FILE_OPENED","file":"/Assets/Scripts/Managers/scrMoveInheritanceManager.cs","tags":{"FILE_LINE_OF_CODE":"225"}}
{"ts":1745252194655,"action":"IDE_DEACTIVATED"}
{"ts":1745252205038,"action":"IDE_ACTIVATED"}
{"ts":1745252409284,"action":"IDE_DEACTIVATED"}
{"ts":1745252487375,"action":"IDE_ACTIVATED"}
{"ts":1745252514215,"action":"FILE_CLOSED","file":"/Assets/Scripts/Managers/scrMoveInheritanceManager.cs","tags":{"FILE_LINE_OF_CODE":"236"}}
{"ts":1745252514215,"action":"FILE_OPENED","file":"/Assets/Scripts/DialogueSystem/DialogueDisplayer.cs","tags":{"FILE_LINE_OF_CODE":"164"}}
{"ts":1745252624401,"action":"FILE_CLOSED","file":"/Assets/Scripts/DialogueSystem/DialogueDisplayer.cs","tags":{"FILE_LINE_OF_CODE":"166"}}
{"ts":1745252624401,"action":"FILE_OPENED","file":"/Assets/Scripts/Player/scrPlayer.cs","tags":{"FILE_LINE_OF_CODE":"542"}}
{"ts":1745252630722,"action":"FILE_CLOSED","file":"/Assets/Scripts/Player/scrPlayer.cs","tags":{"FILE_LINE_OF_CODE":"542"}}
{"ts":1745252630723,"action":"FILE_OPENED","file":"/Assets/Scripts/Managers/scrMoveInheritanceManager.cs","tags":{"FILE_LINE_OF_CODE":"236"}}
{"ts":1745252847289,"action":"IDE_DEACTIVATED"}
{"ts":1745252847389,"action":"IDE_ACTIVATED"}
{"ts":1745252849131,"action":"FILE_CLOSED","file":"/Assets/Scripts/Managers/scrMoveInheritanceManager.cs","tags":{"FILE_LINE_OF_CODE":"239"}}
{"ts":1745252849131,"action":"FILE_OPENED","file":"/Assets/Scripts/Player/scrPlayer.cs","tags":{"FILE_LINE_OF_CODE":"542"}}
{"ts":1745252860692,"action":"FILE_CLOSED","file":"/Assets/Scripts/Player/scrPlayer.cs","tags":{"FILE_LINE_OF_CODE":"542"}}
{"ts":1745252860692,"action":"FILE_OPENED","file":"/Assets/Scripts/Managers/scrGridManager.cs","tags":{"FILE_LINE_OF_CODE":"132"}}
{"ts":1745252928662,"action":"FILE_CLOSED","file":"/Assets/Scripts/Managers/scrGridManager.cs","tags":{"FILE_LINE_OF_CODE":"132"}}
{"ts":1745252928662,"action":"FILE_OPENED","file":"/Assets/Scripts/Imported/GridObject.cs","tags":{"FILE_LINE_OF_CODE":"108"}}
{"ts":1745253063517,"action":"IDE_DEACTIVATED"}
{"ts":1745253067471,"action":"IDE_ACTIVATED"}
{"ts":1745253070002,"action":"FILE_CLOSED","file":"/Assets/Scripts/Imported/GridObject.cs","tags":{"FILE_LINE_OF_CODE":"108"}}
{"ts":1745253070002,"action":"FILE_OPENED","file":"/Assets/Scripts/Managers/scrMoveInheritanceManager.cs","tags":{"FILE_LINE_OF_CODE":"239"}}
{"ts":1745253074189,"action":"IDE_DEACTIVATED"}
{"ts":1745253160606,"action":"IDE_ACTIVATED"}
{"ts":1745253197506,"action":"FILE_CLOSED","file":"/Assets/Scripts/Managers/scrMoveInheritanceManager.cs","tags":{"FILE_LINE_OF_CODE":"239"}}
{"ts":1745253197506,"action":"FILE_OPENED","file":"/Assets/Scripts/Imported/GridObject.cs","tags":{"FILE_LINE_OF_CODE":"108"}}
{"ts":1745253378570,"action":"FILE_CLOSED","file":"/Assets/Scripts/Imported/GridObject.cs","tags":{"FILE_LINE_OF_CODE":"119"}}
{"ts":1745253378571,"action":"FILE_OPENED","file":"/Assets/Scripts/Managers/scrMoveInheritanceManager.cs","tags":{"FILE_LINE_OF_CODE":"239"}}
{"ts":1745253441082,"action":"FILE_CLOSED","file":"/Assets/Scripts/Managers/scrMoveInheritanceManager.cs","tags":{"FILE_LINE_OF_CODE":"242"}}
{"ts":1745253441082,"action":"FILE_OPENED","file":"/Assets/Scripts/Imported/GridObject.cs","tags":{"FILE_LINE_OF_CODE":"119"}}
{"ts":1745253527783,"action":"IDE_DEACTIVATED"}
{"ts":1745253641033,"action":"IDE_ACTIVATED"}
{"ts":1745253652111,"action":"IDE_DEACTIVATED"}
{"ts":1745253661550,"action":"IDE_ACTIVATED"}
{"ts":1745253666177,"action":"FILE_CLOSED","file":"/Assets/Scripts/Imported/GridObject.cs","tags":{"FILE_LINE_OF_CODE":"119"}}
{"ts":1745253666177,"action":"FILE_OPENED","file":"/Assets/Scripts/Managers/scrGridManager.cs","tags":{"FILE_LINE_OF_CODE":"132"}}
{"ts":1745253674061,"action":"FILE_CLOSED","file":"/Assets/Scripts/Managers/scrGridManager.cs","tags":{"FILE_LINE_OF_CODE":"132"}}
{"ts":1745253674061,"action":"FILE_OPENED","file":"/Assets/Scripts/Managers/scrMoveInheritanceManager.cs","tags":{"FILE_LINE_OF_CODE":"242"}}
{"ts":1745253693798,"action":"FILE_CLOSED","file":"/Assets/Scripts/Managers/scrMoveInheritanceManager.cs","tags":{"FILE_LINE_OF_CODE":"242"}}
{"ts":1745253693798,"action":"FILE_OPENED","file":"/Assets/Scripts/Imported/GridObject.cs","tags":{"FILE_LINE_OF_CODE":"119"}}
{"ts":1745253707215,"action":"IDE_DEACTIVATED"}
{"ts":1745253713095,"action":"IDE_ACTIVATED"}
{"ts":1745253722237,"action":"IDE_DEACTIVATED"}
{"ts":1745253735834,"action":"IDE_ACTIVATED"}
{"ts":1745253735991,"action":"FILE_CLOSED","file":"/Assets/Scripts/Imported/GridObject.cs","tags":{"FILE_LINE_OF_CODE":"119"}}
{"ts":1745253735991,"action":"FILE_OPENED","file":"/Assets/Scripts/Managers/scrMoveInheritanceManager.cs","tags":{"FILE_LINE_OF_CODE":"242"}}
{"ts":1745253780454,"action":"FILE_CLOSED","file":"/Assets/Scripts/Managers/scrMoveInheritanceManager.cs","tags":{"FILE_LINE_OF_CODE":"242"}}
{"ts":1745253780454,"action":"FILE_OPENED","file":"/Assets/Scripts/Imported/GridObject.cs","tags":{"FILE_LINE_OF_CODE":"119"}}
{"ts":1745253802101,"action":"IDE_DEACTIVATED"}
{"ts":1745253826473,"action":"IDE_ACTIVATED"}
{"ts":1745253829719,"action":"IDE_DEACTIVATED"}
{"ts":1745253832033,"action":"IDE_ACTIVATED"}
{"ts":1745253836169,"action":"FILE_CLOSED","file":"/Assets/Scripts/Imported/GridObject.cs","tags":{"FILE_LINE_OF_CODE":"119"}}
{"ts":1745253836169,"action":"FILE_OPENED","file":"/Assets/Scripts/Managers/scrMoveInheritanceManager.cs","tags":{"FILE_LINE_OF_CODE":"242"}}
{"ts":1745253859284,"action":"IDE_DEACTIVATED"}
{"ts":1745253878121,"action":"IDE_ACTIVATED"}
{"ts":1745253918030,"action":"IDE_DEACTIVATED"}
{"ts":1745253918804,"action":"IDE_ACTIVATED"}
{"ts":1745253926773,"action":"IDE_DEACTIVATED"}
{"ts":1745253927355,"action":"IDE_ACTIVATED"}
{"ts":1745253931539,"action":"IDE_DEACTIVATED"}
{"ts":1745253936371,"action":"IDE_ACTIVATED"}
{"ts":1745253945342,"action":"IDE_DEACTIVATED"}
{"ts":1745253955051,"action":"IDE_ACTIVATED"}
{"ts":1745253959534,"action":"IDE_DEACTIVATED"}
{"ts":1745253962690,"action":"IDE_ACTIVATED"}
{"ts":1745253967911,"action":"IDE_DEACTIVATED"}
{"ts":1745253974242,"action":"IDE_ACTIVATED"}
{"ts":1745253983246,"action":"IDE_DEACTIVATED"}
{"ts":1745253985444,"action":"IDE_ACTIVATED"}
{"ts":1745253993956,"action":"IDE_DEACTIVATED"}
{"ts":1745253994124,"action":"IDE_ACTIVATED"}
{"ts":1745253999461,"action":"IDE_DEACTIVATED"}
{"ts":1745254006459,"action":"IDE_ACTIVATED"}
{"ts":1745254009671,"action":"IDE_DEACTIVATED"}
{"ts":1745254016883,"action":"IDE_ACTIVATED"}
{"ts":1745254018454,"action":"IDE_DEACTIVATED"}
{"ts":1745254058338,"action":"IDE_ACTIVATED"}
{"ts":1745254070609,"action":"IDE_DEACTIVATED"}
{"ts":1745254071569,"action":"IDE_ACTIVATED"}
{"ts":1745254083461,"action":"IDE_DEACTIVATED"}
{"ts":1745254083599,"action":"IDE_ACTIVATED"}
{"ts":1745254090787,"action":"IDE_DEACTIVATED"}
{"ts":1745254102860,"action":"IDE_ACTIVATED"}
{"ts":1745254110264,"action":"IDE_DEACTIVATED"}
{"ts":1745254110498,"action":"IDE_ACTIVATED"}
{"ts":1745254123154,"action":"IDE_DEACTIVATED"}
{"ts":1745254124052,"action":"IDE_ACTIVATED"}
{"ts":1745254134124,"action":"FILE_CLOSED","file":"/Assets/Scripts/Managers/scrMoveInheritanceManager.cs","tags":{"FILE_LINE_OF_CODE":"242"}}
{"ts":1745254134125,"action":"FILE_OPENED","file":"/Assets/Scripts/Imported/GridObject.cs","tags":{"FILE_LINE_OF_CODE":"119"}}
{"ts":1745254142425,"action":"IDE_DEACTIVATED"}
{"ts":1745254155347,"action":"IDE_ACTIVATED"}
{"ts":1745254157784,"action":"FILE_CLOSED","file":"/Assets/Scripts/Imported/GridObject.cs","tags":{"FILE_LINE_OF_CODE":"119"}}
{"ts":1745254157784,"action":"FILE_OPENED","file":"/Assets/Scripts/Managers/scrMoveInheritanceManager.cs","tags":{"FILE_LINE_OF_CODE":"242"}}
{"ts":1745254158538,"action":"FILE_CLOSED","file":"/Assets/Scripts/Managers/scrMoveInheritanceManager.cs","tags":{"FILE_LINE_OF_CODE":"242"}}
{"ts":1745254158538,"action":"FILE_OPENED","file":"/Assets/Scripts/Imported/GridObject.cs","tags":{"FILE_LINE_OF_CODE":"119"}}
{"ts":1745254159469,"action":"FILE_CLOSED","file":"/Assets/Scripts/Imported/GridObject.cs","tags":{"FILE_LINE_OF_CODE":"119"}}
{"ts":1745254159469,"action":"FILE_OPENED","file":"/Assets/Scripts/Managers/scrMoveInheritanceManager.cs","tags":{"FILE_LINE_OF_CODE":"242"}}
{"ts":1745254163865,"action":"IDE_DEACTIVATED"}
{"ts":1745254164775,"action":"IDE_ACTIVATED"}
{"ts":1745254164918,"action":"FILE_CLOSED","file":"/Assets/Scripts/Managers/scrMoveInheritanceManager.cs","tags":{"FILE_LINE_OF_CODE":"242"}}
{"ts":1745254164918,"action":"FILE_OPENED","file":"/Assets/Scripts/Imported/GridObject.cs","tags":{"FILE_LINE_OF_CODE":"119"}}
{"ts":1745254176947,"action":"FILE_CLOSED","file":"/Assets/Scripts/Imported/GridObject.cs","tags":{"FILE_LINE_OF_CODE":"119"}}
{"ts":1745254176947,"action":"FILE_OPENED","file":"/Assets/Scripts/Managers/scrMoveInheritanceManager.cs","tags":{"FILE_LINE_OF_CODE":"242"}}
{"ts":1745254180570,"action":"FILE_CLOSED","file":"/Assets/Scripts/Managers/scrMoveInheritanceManager.cs","tags":{"FILE_LINE_OF_CODE":"242"}}
{"ts":1745254180570,"action":"FILE_OPENED","file":"/Assets/Scripts/Imported/GridObject.cs","tags":{"FILE_LINE_OF_CODE":"119"}}
{"ts":1745254188637,"action":"FILE_CLOSED","file":"/Assets/Scripts/Imported/GridObject.cs","tags":{"FILE_LINE_OF_CODE":"119"}}
{"ts":1745254188637,"action":"FILE_OPENED","file":"/Assets/Scripts/Managers/scrMoveInheritanceManager.cs","tags":{"FILE_LINE_OF_CODE":"242"}}
{"ts":1745254225847,"action":"FILE_CLOSED","file":"/Assets/Scripts/Managers/scrMoveInheritanceManager.cs","tags":{"FILE_LINE_OF_CODE":"242"}}
{"ts":1745254225847,"action":"FILE_OPENED","file":"/Assets/Scripts/Imported/GridObject.cs","tags":{"FILE_LINE_OF_CODE":"119"}}
{"ts":1745254271425,"action":"IDE_DEACTIVATED"}
{"ts":1745254284321,"action":"IDE_ACTIVATED"}
{"ts":1745254297413,"action":"FILE_CLOSED","file":"/Assets/Scripts/Imported/GridObject.cs","tags":{"FILE_LINE_OF_CODE":"119"}}
{"ts":1745254297413,"action":"FILE_OPENED","file":"/Assets/Scripts/Managers/scrMoveInheritanceManager.cs","tags":{"FILE_LINE_OF_CODE":"242"}}
{"ts":1745254298132,"action":"FILE_CLOSED","file":"/Assets/Scripts/Managers/scrMoveInheritanceManager.cs","tags":{"FILE_LINE_OF_CODE":"242"}}
{"ts":1745254298132,"action":"FILE_OPENED","file":"/Assets/Scripts/Imported/GridObject.cs","tags":{"FILE_LINE_OF_CODE":"119"}}
{"ts":1745254299221,"action":"FILE_CLOSED","file":"/Assets/Scripts/Imported/GridObject.cs","tags":{"FILE_LINE_OF_CODE":"119"}}
{"ts":1745254299221,"action":"FILE_OPENED","file":"/Assets/Scripts/Managers/scrMoveInheritanceManager.cs","tags":{"FILE_LINE_OF_CODE":"242"}}
{"ts":1745254309070,"action":"IDE_DEACTIVATED"}
{"ts":1745254310001,"action":"IDE_ACTIVATED"}
{"ts":1745254310143,"action":"FILE_CLOSED","file":"/Assets/Scripts/Managers/scrMoveInheritanceManager.cs","tags":{"FILE_LINE_OF_CODE":"242"}}
{"ts":1745254310143,"action":"FILE_OPENED","file":"/Assets/Scripts/Imported/GridObject.cs","tags":{"FILE_LINE_OF_CODE":"119"}}
{"ts":1745254355322,"action":"FILE_CLOSED","file":"/Assets/Scripts/Imported/GridObject.cs","tags":{"FILE_LINE_OF_CODE":"119"}}
{"ts":1745254355322,"action":"FILE_OPENED","file":"/Assets/Scripts/Managers/scrMoveInheritanceManager.cs","tags":{"FILE_LINE_OF_CODE":"242"}}
{"ts":1745254360297,"action":"FILE_CLOSED","file":"/Assets/Scripts/Managers/scrMoveInheritanceManager.cs","tags":{"FILE_LINE_OF_CODE":"242"}}
{"ts":1745254360297,"action":"FILE_OPENED","file":"/Assets/Scripts/Player/scrPlayerFlip.cs","tags":{"FILE_LINE_OF_CODE":"48"}}
{"ts":1745254361462,"action":"FILE_CLOSED","file":"/Assets/Scripts/Player/scrPlayerFlip.cs","tags":{"FILE_LINE_OF_CODE":"48"}}
{"ts":1745254361462,"action":"FILE_OPENED","file":"/Assets/Scripts/Imported/GridObject.cs","tags":{"FILE_LINE_OF_CODE":"119"}}
{"ts":1745254372225,"action":"IDE_DEACTIVATED"}
{"ts":1745254408124,"action":"IDE_ACTIVATED"}
{"ts":1745254418858,"action":"IDE_DEACTIVATED"}
{"ts":1745254456705,"action":"IDE_ACTIVATED"}
{"ts":1745254461782,"action":"IDE_DEACTIVATED"}
{"ts":1745254502073,"action":"IDE_ACTIVATED"}
{"ts":1745254573370,"action":"IDE_DEACTIVATED"}
{"ts":1745254599847,"action":"IDE_ACTIVATED"}
{"ts":1745254637978,"action":"IDE_DEACTIVATED"}
{"ts":1745254641750,"action":"IDE_ACTIVATED"}
{"ts":1745254656725,"action":"IDE_DEACTIVATED"}
{"ts":1745254669937,"action":"IDE_ACTIVATED"}
{"ts":1745254676303,"action":"FILE_CLOSED","file":"/Assets/Scripts/Imported/GridObject.cs","tags":{"FILE_LINE_OF_CODE":"119"}}
{"ts":1745254676303,"action":"FILE_OPENED","file":"/Assets/Scripts/Managers/scrMoveInheritanceManager.cs","tags":{"FILE_LINE_OF_CODE":"242"}}
{"ts":1745254677038,"action":"FILE_CLOSED","file":"/Assets/Scripts/Managers/scrMoveInheritanceManager.cs","tags":{"FILE_LINE_OF_CODE":"242"}}
{"ts":1745254677039,"action":"FILE_OPENED","file":"/Assets/Scripts/Imported/GridObject.cs","tags":{"FILE_LINE_OF_CODE":"119"}}
{"ts":1745254677961,"action":"FILE_CLOSED","file":"/Assets/Scripts/Imported/GridObject.cs","tags":{"FILE_LINE_OF_CODE":"119"}}
{"ts":1745254677961,"action":"FILE_OPENED","file":"/Assets/Scripts/Managers/scrMoveInheritanceManager.cs","tags":{"FILE_LINE_OF_CODE":"242"}}
{"ts":1745254684952,"action":"IDE_DEACTIVATED"}
{"ts":1745254685940,"action":"IDE_ACTIVATED"}
{"ts":1745254686051,"action":"FILE_CLOSED","file":"/Assets/Scripts/Managers/scrMoveInheritanceManager.cs","tags":{"FILE_LINE_OF_CODE":"242"}}
{"ts":1745254686051,"action":"FILE_OPENED","file":"/Assets/Scripts/Imported/GridObject.cs","tags":{"FILE_LINE_OF_CODE":"119"}}
{"ts":1745254776300,"action":"IDE_DEACTIVATED"}
{"ts":1745254780853,"action":"IDE_ACTIVATED"}
{"ts":1745254794712,"action":"IDE_DEACTIVATED"}
{"ts":1745254807619,"action":"IDE_ACTIVATED"}
{"ts":1745254816610,"action":"IDE_DEACTIVATED"}
{"ts":1745254817513,"action":"IDE_ACTIVATED"}
{"ts":1745254861776,"action":"IDE_DEACTIVATED"}
{"ts":1745254880069,"action":"IDE_ACTIVATED"}
{"ts":1745254936927,"action":"IDE_DEACTIVATED"}
{"ts":1745254951641,"action":"IDE_ACTIVATED"}
{"ts":1745254953426,"action":"IDE_DEACTIVATED"}
{"ts":1745255029909,"action":"IDE_ACTIVATED"}
{"ts":1745255073348,"action":"IDE_DEACTIVATED"}
{"ts":1745255382733,"action":"IDE_ACTIVATED"}
{"ts":1745255397140,"action":"IDE_DEACTIVATED"}
{"ts":1745264317927,"action":"IDE_ACTIVATED"}
{"ts":1745264352495,"action":"IDE_DEACTIVATED"}
{"ts":1745264829930,"action":"IDE_ACTIVATED"}
{"ts":1745264835378,"action":"IDE_DEACTIVATED"}
{"ts":1745264958328,"action":"IDE_ACTIVATED"}
{"ts":1745265042658,"action":"IDE_DEACTIVATED"}
{"ts":1745269936664,"action":"IDE_ACTIVATED"}
{"ts":1745269948156,"action":"PROJECT_CLOSED","tags":{"PROJECT_NAME":"MSS_Timeplex"}}
{"ts":1745422210206,"action":"PROJECT_OPENED","tags":{"PROJECT_NAME":"MSS_Timeplex"}}
{"ts":1745422241385,"action":"IDE_DEACTIVATED"}
{"ts":1745422269309,"action":"IDE_ACTIVATED"}
{"ts":1745422361069,"action":"IDE_DEACTIVATED"}
{"ts":1745422438989,"action":"IDE_ACTIVATED"}
{"ts":1745422670032,"action":"FILE_CLOSED","file":"/Assets/Scripts/Menu/LevelSelectorController.cs","tags":{"FILE_LINE_OF_CODE":"248"}}
{"ts":1745422670032,"action":"FILE_OPENED","file":"/Assets/Scripts/Menu/LevelWidget.cs","tags":{"FILE_LINE_OF_CODE":"48"}}
{"ts":1745422717699,"action":"FILE_CLOSED","file":"/Assets/Scripts/Menu/LevelWidget.cs","tags":{"FILE_LINE_OF_CODE":"50"}}
{"ts":1745422717699,"action":"FILE_OPENED","file":"/Assets/Scripts/Menu/LevelSelectorController.cs","tags":{"FILE_LINE_OF_CODE":"248"}}
{"ts":1745422767983,"action":"IDE_DEACTIVATED"}
{"ts":1745422902159,"action":"IDE_ACTIVATED"}
{"ts":1745422912438,"action":"FILE_CLOSED","file":"/Assets/Scripts/Menu/LevelSelectorController.cs","tags":{"FILE_LINE_OF_CODE":"249"}}
{"ts":1745422912438,"action":"FILE_OPENED","file":"/Assets/Scripts/Menu/LevelWidget.cs","tags":{"FILE_LINE_OF_CODE":"50"}}
{"ts":1745422937443,"action":"FILE_CLOSED","file":"/Assets/Scripts/Menu/LevelWidget.cs","tags":{"FILE_LINE_OF_CODE":"53"}}
{"ts":1745422937443,"action":"FILE_OPENED","file":"/Assets/Scripts/Menu/LevelSelectorController.cs","tags":{"FILE_LINE_OF_CODE":"249"}}
{"ts":1745422963378,"action":"IDE_DEACTIVATED"}
{"ts":1745423052392,"action":"IDE_ACTIVATED"}
{"ts":1745423088347,"action":"IDE_DEACTIVATED"}
{"ts":1745423205235,"action":"IDE_ACTIVATED"}
{"ts":1745423217669,"action":"IDE_DEACTIVATED"}
{"ts":1745423230690,"action":"IDE_ACTIVATED"}
{"ts":1745423284207,"action":"IDE_DEACTIVATED"}
{"ts":1745423399835,"action":"IDE_ACTIVATED"}
{"ts":1745423423790,"action":"IDE_DEACTIVATED"}
{"ts":1745423654597,"action":"IDE_ACTIVATED"}
{"ts":1745423690508,"action":"IDE_DEACTIVATED"}
{"ts":1745424375247,"action":"IDE_ACTIVATED"}
{"ts":1745424425134,"action":"FILE_CLOSED","file":"/Assets/Scripts/Menu/LevelSelectorController.cs","tags":{"FILE_LINE_OF_CODE":"260"}}
{"ts":1745424425135,"action":"FILE_OPENED","file":"/Assets/Scripts/DialogueSystem/DialogueDisplayer.cs","tags":{"FILE_LINE_OF_CODE":"166"}}
{"ts":1745424544665,"action":"FILE_CLOSED","file":"/Assets/Scripts/DialogueSystem/DialogueDisplayer.cs","tags":{"FILE_LINE_OF_CODE":"169"}}
{"ts":1745424544665,"action":"FILE_OPENED","file":"/Assets/Scripts/DialogueSystem/CharSequenceDisplayer.cs","tags":{"FILE_LINE_OF_CODE":"133"}}
{"ts":1745424585354,"action":"FILE_CLOSED","file":"/Assets/Scripts/DialogueSystem/CharSequenceDisplayer.cs","tags":{"FILE_LINE_OF_CODE":"133"}}
{"ts":1745424585354,"action":"FILE_OPENED","file":"/Assets/Scripts/DialogueSystem/Option.cs","tags":{"FILE_LINE_OF_CODE":"13"}}
{"ts":1745424587733,"action":"FILE_CLOSED","file":"/Assets/Scripts/DialogueSystem/Option.cs","tags":{"FILE_LINE_OF_CODE":"13"}}
{"ts":1745424587733,"action":"FILE_OPENED","file":"/Assets/Scripts/DialogueSystem/CommandManager.cs","tags":{"FILE_LINE_OF_CODE":"89"}}
{"ts":1745424593503,"action":"IDE_DEACTIVATED"}
{"ts":1745424692739,"action":"FILE_CLOSED","file":"/Assets/Scripts/DialogueSystem/CommandManager.cs","tags":{"FILE_LINE_OF_CODE":"89"}}
{"ts":1745424692739,"action":"FILE_OPENED","file":"/Assets/Scripts/DialogueSystem/Option.cs","tags":{"FILE_LINE_OF_CODE":"13"}}
{"ts":1745424692768,"action":"IDE_ACTIVATED"}
{"ts":1745424699384,"action":"IDE_DEACTIVATED"}
{"ts":1745424708982,"action":"IDE_ACTIVATED"}
{"ts":1745424721806,"action":"FILE_CLOSED","file":"/Assets/Scripts/DialogueSystem/Option.cs","tags":{"FILE_LINE_OF_CODE":"13"}}
{"ts":1745424721806,"action":"FILE_OPENED","file":"/Assets/Scripts/DialogueSystem/CharSequenceDisplayer.cs","tags":{"FILE_LINE_OF_CODE":"133"}}
{"ts":1745424738448,"action":"FILE_CLOSED","file":"/Assets/Scripts/DialogueSystem/CharSequenceDisplayer.cs","tags":{"FILE_LINE_OF_CODE":"133"}}
{"ts":1745424738449,"action":"FILE_OPENED","file":"/Assets/Scripts/DialogueSystem/Option.cs","tags":{"FILE_LINE_OF_CODE":"13"}}
{"ts":1745424741406,"action":"FILE_CLOSED","file":"/Assets/Scripts/DialogueSystem/Option.cs","tags":{"FILE_LINE_OF_CODE":"13"}}
{"ts":1745424741406,"action":"FILE_OPENED","file":"/Assets/Scripts/DialogueSystem/DialogueDisplayer.cs","tags":{"FILE_LINE_OF_CODE":"169"}}
{"ts":1745424982216,"action":"FILE_CLOSED","file":"/Assets/Scripts/DialogueSystem/DialogueDisplayer.cs","tags":{"FILE_LINE_OF_CODE":"182"}}
{"ts":1745424982216,"action":"FILE_OPENED","file":"/Assets/Scripts/DialogueSystem/Structures.cs","tags":{"FILE_LINE_OF_CODE":"89"}}
{"ts":1745424994750,"action":"FILE_CLOSED","file":"/Assets/Scripts/DialogueSystem/Structures.cs","tags":{"FILE_LINE_OF_CODE":"89"}}
{"ts":1745424994750,"action":"FILE_OPENED","file":"/Assets/Scripts/DialogueSystem/DialogueDisplayer.cs","tags":{"FILE_LINE_OF_CODE":"182"}}
{"ts":1745424998547,"action":"FILE_CLOSED","file":"/Assets/Scripts/DialogueSystem/DialogueDisplayer.cs","tags":{"FILE_LINE_OF_CODE":"182"}}
{"ts":1745424998547,"action":"FILE_OPENED","file":"/Assets/Scripts/DialogueSystem/Structures.cs","tags":{"FILE_LINE_OF_CODE":"89"}}
{"ts":1745425007490,"action":"FILE_CLOSED","file":"/Assets/Scripts/DialogueSystem/Structures.cs","tags":{"FILE_LINE_OF_CODE":"89"}}
{"ts":1745425007490,"action":"FILE_OPENED","file":"/Assets/Scripts/DialogueSystem/DialogueDisplayer.cs","tags":{"FILE_LINE_OF_CODE":"182"}}
{"ts":1745425015501,"action":"FILE_CLOSED","file":"/Assets/Scripts/DialogueSystem/DialogueDisplayer.cs","tags":{"FILE_LINE_OF_CODE":"182"}}
{"ts":1745425015501,"action":"FILE_OPENED","file":"/Assets/Scripts/DialogueSystem/StaticDialogue.cs","tags":{"FILE_LINE_OF_CODE":"29"}}
{"ts":1745425018559,"action":"FILE_CLOSED","file":"/Assets/Scripts/DialogueSystem/StaticDialogue.cs","tags":{"FILE_LINE_OF_CODE":"29"}}
{"ts":1745425018560,"action":"FILE_OPENED","file":"/Assets/Scripts/DialogueSystem/StaticDialogueStructures.cs","tags":{"FILE_LINE_OF_CODE":"97"}}
{"ts":1745425048448,"action":"FILE_CLOSED","file":"/Assets/Scripts/DialogueSystem/StaticDialogueStructures.cs","tags":{"FILE_LINE_OF_CODE":"101"}}
{"ts":1745425048448,"action":"FILE_OPENED","file":"/Assets/Scripts/DialogueSystem/DialogueDisplayer.cs","tags":{"FILE_LINE_OF_CODE":"182"}}
{"ts":1745425054091,"action":"FILE_CLOSED","file":"/Assets/Scripts/DialogueSystem/DialogueDisplayer.cs","tags":{"FILE_LINE_OF_CODE":"182"}}
{"ts":1745425054091,"action":"FILE_OPENED","file":"/Assets/Scripts/DialogueSystem/StaticDialogueStructures.cs","tags":{"FILE_LINE_OF_CODE":"101"}}
{"ts":1745425060484,"action":"FILE_CLOSED","file":"/Assets/Scripts/DialogueSystem/StaticDialogueStructures.cs","tags":{"FILE_LINE_OF_CODE":"101"}}
{"ts":1745425060484,"action":"FILE_OPENED","file":"/Assets/Scripts/DialogueSystem/Structures.cs","tags":{"FILE_LINE_OF_CODE":"89"}}
{"ts":1745425066165,"action":"FILE_CLOSED","file":"/Assets/Scripts/DialogueSystem/Structures.cs","tags":{"FILE_LINE_OF_CODE":"89"}}
{"ts":1745425066166,"action":"FILE_OPENED","file":"/Assets/Scripts/DialogueSystem/StaticDialogueStructures.cs","tags":{"FILE_LINE_OF_CODE":"101"}}
{"ts":1745425125783,"action":"FILE_CLOSED","file":"/Assets/Scripts/DialogueSystem/StaticDialogueStructures.cs","tags":{"FILE_LINE_OF_CODE":"104"}}
{"ts":1745425125784,"action":"FILE_OPENED","file":"/Assets/Scripts/DialogueSystem/ComplexStaticDialogueStructures.cs","tags":{"FILE_LINE_OF_CODE":"125"}}
{"ts":1745425195645,"action":"FILE_CLOSED","file":"/Assets/Scripts/DialogueSystem/ComplexStaticDialogueStructures.cs","tags":{"FILE_LINE_OF_CODE":"133"}}
{"ts":1745425195645,"action":"FILE_OPENED","file":"/Assets/Scripts/DialogueSystem/DialogueDisplayer.cs","tags":{"FILE_LINE_OF_CODE":"182"}}
{"ts":1745425203697,"action":"FILE_CLOSED","file":"/Assets/Scripts/DialogueSystem/DialogueDisplayer.cs","tags":{"FILE_LINE_OF_CODE":"182"}}
{"ts":1745425203697,"action":"FILE_OPENED","file":"/Assets/Scripts/DialogueSystem/Structures.cs","tags":{"FILE_LINE_OF_CODE":"89"}}
{"ts":1745425268938,"action":"FILE_CLOSED","file":"/Assets/Scripts/DialogueSystem/Structures.cs","tags":{"FILE_LINE_OF_CODE":"90"}}
{"ts":1745425268938,"action":"FILE_OPENED","file":"/Assets/Scripts/DialogueSystem/ComplexStaticDialogueStructures.cs","tags":{"FILE_LINE_OF_CODE":"133"}}
{"ts":1745425331502,"action":"FILE_CLOSED","file":"/Assets/Scripts/DialogueSystem/ComplexStaticDialogueStructures.cs","tags":{"FILE_LINE_OF_CODE":"143"}}
{"ts":1745425331502,"action":"FILE_OPENED","file":"/Assets/Scripts/DialogueSystem/StaticDialogueStructures.cs","tags":{"FILE_LINE_OF_CODE":"104"}}
{"ts":1745425338446,"action":"FILE_CLOSED","file":"/Assets/Scripts/DialogueSystem/StaticDialogueStructures.cs","tags":{"FILE_LINE_OF_CODE":"113"}}
{"ts":1745425338446,"action":"FILE_OPENED","file":"/Assets/Scripts/DialogueSystem/ComplexStaticDialogueStructures.cs","tags":{"FILE_LINE_OF_CODE":"143"}}
{"ts":1745425347457,"action":"FILE_CLOSED","file":"/Assets/Scripts/DialogueSystem/ComplexStaticDialogueStructures.cs","tags":{"FILE_LINE_OF_CODE":"143"}}
{"ts":1745425347457,"action":"FILE_OPENED","file":"/Assets/Scripts/DialogueSystem/Structures.cs","tags":{"FILE_LINE_OF_CODE":"90"}}
{"ts":1745425362474,"action":"IDE_DEACTIVATED"}
{"ts":1745425380052,"action":"IDE_ACTIVATED"}
{"ts":1745425384222,"action":"FILE_CLOSED","file":"/Assets/Scripts/DialogueSystem/Structures.cs","tags":{"FILE_LINE_OF_CODE":"94"}}
{"ts":1745425384222,"action":"FILE_OPENED","file":"/Assets/Scripts/DialogueSystem/DialogueDisplayer.cs","tags":{"FILE_LINE_OF_CODE":"182"}}
{"ts":1745425385249,"action":"FILE_CLOSED","file":"/Assets/Scripts/DialogueSystem/DialogueDisplayer.cs","tags":{"FILE_LINE_OF_CODE":"182"}}
{"ts":1745425385249,"action":"FILE_OPENED","file":"/Assets/Scripts/DialogueSystem/StaticDialogueStructures.cs","tags":{"FILE_LINE_OF_CODE":"113"}}
{"ts":1745425430701,"action":"FILE_CLOSED","file":"/Assets/Scripts/DialogueSystem/StaticDialogueStructures.cs","tags":{"FILE_LINE_OF_CODE":"113"}}
{"ts":1745425430701,"action":"FILE_OPENED","file":"/Assets/Scripts/DialogueSystem/DialogueDisplayer.cs","tags":{"FILE_LINE_OF_CODE":"182"}}
{"ts":1745425756013,"action":"FILE_CLOSED","file":"/Assets/Scripts/DialogueSystem/DialogueDisplayer.cs","tags":{"FILE_LINE_OF_CODE":"182"}}
{"ts":1745425756013,"action":"FILE_OPENED","file":"/Library/PackageCache/com.oni_sakana.fries/Fries/TaskPerformer/TaskPerformer.cs","tags":{"FILE_LINE_OF_CODE":"159"}}
{"ts":1745426846609,"action":"IDE_DEACTIVATED"}
{"ts":1745442971840,"action":"IDE_ACTIVATED"}
{"ts":1745442983823,"action":"PROJECT_CLOSED","tags":{"PROJECT_NAME":"MSS_Timeplex"}}
{"ts":1745979100501,"action":"PROJECT_OPENED","tags":{"PROJECT_NAME":"MSS_Timeplex"}}
{"ts":1745979138608,"action":"IDE_DEACTIVATED"}
{"ts":1745979750454,"action":"IDE_ACTIVATED"}
{"ts":1745979754967,"action":"PROJECT_CLOSED","tags":{"PROJECT_NAME":"MSS_Timeplex"}}
{"ts":1746026546841,"action":"PROJECT_OPENED","tags":{"PROJECT_NAME":"MSS_Timeplex"}}
{"ts":1746026594472,"action":"IDE_DEACTIVATED"}
{"ts":1746026603103,"action":"IDE_ACTIVATED"}
{"ts":1746026620661,"action":"IDE_DEACTIVATED"}
{"ts":1746026750491,"action":"IDE_ACTIVATED"}
{"ts":1746026756819,"action":"FILE_CLOSED","file":"/Assets/Scripts/DialogueSystem/StaticDialogueStructures.cs","tags":{"FILE_LINE_OF_CODE":"113"}}
{"ts":1746026756819,"action":"FILE_OPENED","file":"/Assets/Scripts/DialogueSystem/DialogueDisplayer.cs","tags":{"FILE_LINE_OF_CODE":"183"}}
{"ts":1746027086648,"action":"IDE_DEACTIVATED"}
{"ts":1746027093170,"action":"IDE_ACTIVATED"}
{"ts":1746027108471,"action":"IDE_DEACTIVATED"}
{"ts":1746027134296,"action":"IDE_ACTIVATED"}
{"ts":1746027164709,"action":"IDE_DEACTIVATED"}
{"ts":1746027215904,"action":"IDE_ACTIVATED"}
{"ts":1746027241050,"action":"IDE_DEACTIVATED"}
{"ts":1746027250494,"action":"IDE_ACTIVATED"}
{"ts":1746027263649,"action":"IDE_DEACTIVATED"}
{"ts":1746027308549,"action":"IDE_ACTIVATED"}
{"ts":1746027326605,"action":"IDE_DEACTIVATED"}
{"ts":1746027380291,"action":"IDE_ACTIVATED"}
{"ts":1746027397149,"action":"FILE_CLOSED","file":"/Assets/Scripts/DialogueSystem/DialogueDisplayer.cs","tags":{"FILE_LINE_OF_CODE":"186"}}
{"ts":1746027397149,"action":"FILE_OPENED","file":"/Assets/Scripts/DialogueSystem/Structures.cs","tags":{"FILE_LINE_OF_CODE":"94"}}
{"ts":1746027401193,"action":"FILE_CLOSED","file":"/Assets/Scripts/DialogueSystem/Structures.cs","tags":{"FILE_LINE_OF_CODE":"94"}}
{"ts":1746027401193,"action":"FILE_OPENED","file":"/Assets/Scripts/DialogueSystem/DialogueDisplayer.cs","tags":{"FILE_LINE_OF_CODE":"186"}}
{"ts":1746027405436,"action":"FILE_CLOSED","file":"/Assets/Scripts/DialogueSystem/DialogueDisplayer.cs","tags":{"FILE_LINE_OF_CODE":"186"}}
{"ts":1746027405436,"action":"FILE_OPENED","file":"/Assets/Scripts/DialogueSystem/Structures.cs","tags":{"FILE_LINE_OF_CODE":"94"}}
{"ts":1746027410949,"action":"FILE_CLOSED","file":"/Assets/Scripts/DialogueSystem/Structures.cs","tags":{"FILE_LINE_OF_CODE":"94"}}
{"ts":1746027410949,"action":"FILE_OPENED","file":"/Assets/Scripts/DialogueSystem/DialogueDisplayer.cs","tags":{"FILE_LINE_OF_CODE":"186"}}
{"ts":1746027416546,"action":"IDE_DEACTIVATED"}
{"ts":1746027418907,"action":"IDE_ACTIVATED"}
{"ts":1746027421047,"action":"IDE_DEACTIVATED"}
{"ts":1746027587045,"action":"IDE_ACTIVATED"}
{"ts":1746027625971,"action":"IDE_DEACTIVATED"}
{"ts":1746027666206,"action":"IDE_ACTIVATED"}
{"ts":1746027666619,"action":"FILE_CLOSED","file":"/Assets/Scripts/DialogueSystem/DialogueDisplayer.cs","tags":{"FILE_LINE_OF_CODE":"187"}}
{"ts":1746027666619,"action":"FILE_OPENED","file":"/Assets/Scripts/Managers/scrMoveInheritanceManager.cs","tags":{"FILE_LINE_OF_CODE":"242"}}
{"ts":1746027674235,"action":"IDE_DEACTIVATED"}
{"ts":1746027698665,"action":"IDE_ACTIVATED"}
{"ts":1746027704071,"action":"FILE_CLOSED","file":"/Assets/Scripts/Managers/scrMoveInheritanceManager.cs","tags":{"FILE_LINE_OF_CODE":"242"}}
{"ts":1746027704071,"action":"FILE_OPENED","file":"/Assets/Scripts/DialogueSystem/DialogueDisplayer.cs","tags":{"FILE_LINE_OF_CODE":"187"}}
{"ts":1746027721621,"action":"IDE_DEACTIVATED"}
{"ts":1746027767502,"action":"IDE_ACTIVATED"}
{"ts":1746027767673,"action":"FILE_CLOSED","file":"/Assets/Scripts/DialogueSystem/DialogueDisplayer.cs","tags":{"FILE_LINE_OF_CODE":"185"}}
{"ts":1746027767674,"action":"FILE_OPENED","file":"/Assets/Scripts/Managers/scrMoveInheritanceManager.cs","tags":{"FILE_LINE_OF_CODE":"242"}}
{"ts":1746027773066,"action":"IDE_DEACTIVATED"}
{"ts":1746027774506,"action":"IDE_ACTIVATED"}
{"ts":1746027781788,"action":"IDE_DEACTIVATED"}
{"ts":1746027789640,"action":"IDE_ACTIVATED"}
{"ts":1746027794464,"action":"IDE_DEACTIVATED"}
{"ts":1746027795547,"action":"IDE_ACTIVATED"}
{"ts":1746027801520,"action":"IDE_DEACTIVATED"}
{"ts":1746027801676,"action":"IDE_ACTIVATED"}
{"ts":1746027829054,"action":"FILE_CLOSED","file":"/Assets/Scripts/Managers/scrMoveInheritanceManager.cs","tags":{"FILE_LINE_OF_CODE":"242"}}
{"ts":1746027829054,"action":"FILE_OPENED","file":"/Assets/Scripts/DialogueSystem/DialogueDisplayer.cs","tags":{"FILE_LINE_OF_CODE":"185"}}
{"ts":1746027840753,"action":"IDE_DEACTIVATED"}
{"ts":1746027849686,"action":"IDE_ACTIVATED"}
{"ts":1746027857193,"action":"FILE_CLOSED","file":"/Assets/Scripts/DialogueSystem/DialogueDisplayer.cs","tags":{"FILE_LINE_OF_CODE":"185"}}
{"ts":1746027857193,"action":"FILE_OPENED","file":"/Assets/Scripts/Managers/scrMoveInheritanceManager.cs","tags":{"FILE_LINE_OF_CODE":"242"}}
{"ts":1746027861789,"action":"IDE_DEACTIVATED"}
{"ts":1746027862816,"action":"IDE_ACTIVATED"}
{"ts":1746027876257,"action":"IDE_DEACTIVATED"}
{"ts":1746027876493,"action":"IDE_ACTIVATED"}
{"ts":1746027885262,"action":"FILE_CLOSED","file":"/Assets/Scripts/Managers/scrMoveInheritanceManager.cs","tags":{"FILE_LINE_OF_CODE":"242"}}
{"ts":1746027885262,"action":"FILE_OPENED","file":"/Assets/Scripts/DialogueSystem/DialogueDisplayer.cs","tags":{"FILE_LINE_OF_CODE":"185"}}
{"ts":1746027887869,"action":"FILE_CLOSED","file":"/Assets/Scripts/DialogueSystem/DialogueDisplayer.cs","tags":{"FILE_LINE_OF_CODE":"185"}}
{"ts":1746027887869,"action":"FILE_OPENED","file":"/Assets/Scripts/Managers/scrMoveInheritanceManager.cs","tags":{"FILE_LINE_OF_CODE":"242"}}
{"ts":1746027890593,"action":"FILE_CLOSED","file":"/Assets/Scripts/Managers/scrMoveInheritanceManager.cs","tags":{"FILE_LINE_OF_CODE":"242"}}
{"ts":1746027890593,"action":"FILE_OPENED","file":"/Assets/Scripts/DialogueSystem/DialogueDisplayer.cs","tags":{"FILE_LINE_OF_CODE":"185"}}
{"ts":1746027914684,"action":"IDE_DEACTIVATED"}
{"ts":1746027916219,"action":"IDE_ACTIVATED"}
{"ts":1746027916399,"action":"FILE_CLOSED","file":"/Assets/Scripts/DialogueSystem/DialogueDisplayer.cs","tags":{"FILE_LINE_OF_CODE":"178"}}
{"ts":1746027916399,"action":"FILE_OPENED","file":"/Assets/Scripts/Managers/scrMoveInheritanceManager.cs","tags":{"FILE_LINE_OF_CODE":"242"}}
{"ts":1746027916619,"action":"IDE_DEACTIVATED"}
{"ts":1746027920151,"action":"IDE_ACTIVATED"}
{"ts":1746027925801,"action":"IDE_DEACTIVATED"}
{"ts":1746027984767,"action":"IDE_ACTIVATED"}
{"ts":1746027984911,"action":"FILE_CLOSED","file":"/Assets/Scripts/Managers/scrMoveInheritanceManager.cs","tags":{"FILE_LINE_OF_CODE":"242"}}
{"ts":1746027984911,"action":"FILE_OPENED","file":"/Assets/Scripts/DialogueSystem/DialogueDisplayer.cs","tags":{"FILE_LINE_OF_CODE":"178"}}
{"ts":1746027994554,"action":"IDE_DEACTIVATED"}
{"ts":1746028002023,"action":"IDE_ACTIVATED"}
{"ts":1746028006574,"action":"FILE_CLOSED","file":"/Assets/Scripts/DialogueSystem/DialogueDisplayer.cs","tags":{"FILE_LINE_OF_CODE":"178"}}
{"ts":1746028006574,"action":"FILE_OPENED","file":"/Assets/Scripts/Managers/scrMoveInheritanceManager.cs","tags":{"FILE_LINE_OF_CODE":"242"}}
{"ts":1746028014297,"action":"IDE_DEACTIVATED"}
{"ts":1746028014925,"action":"IDE_ACTIVATED"}
{"ts":1746028028291,"action":"FILE_CLOSED","file":"/Assets/Scripts/Managers/scrMoveInheritanceManager.cs","tags":{"FILE_LINE_OF_CODE":"242"}}
{"ts":1746028028291,"action":"FILE_OPENED","file":"/Assets/Scripts/DialogueSystem/DialogueDisplayer.cs","tags":{"FILE_LINE_OF_CODE":"178"}}
{"ts":1746028032370,"action":"IDE_DEACTIVATED"}
{"ts":1746028033107,"action":"IDE_ACTIVATED"}
{"ts":1746028043362,"action":"IDE_DEACTIVATED"}
{"ts":1746028078931,"action":"IDE_ACTIVATED"}
{"ts":1746028083613,"action":"FILE_CLOSED","file":"/Assets/Scripts/DialogueSystem/DialogueDisplayer.cs","tags":{"FILE_LINE_OF_CODE":"178"}}
{"ts":1746028083613,"action":"FILE_OPENED","file":"/Assets/Scripts/Managers/scrMoveInheritanceManager.cs","tags":{"FILE_LINE_OF_CODE":"242"}}
{"ts":1746028091793,"action":"FILE_CLOSED","file":"/Assets/Scripts/Managers/scrMoveInheritanceManager.cs","tags":{"FILE_LINE_OF_CODE":"242"}}
{"ts":1746028091793,"action":"FILE_OPENED","file":"/Assets/Scripts/Imported/GridObject.cs","tags":{"FILE_LINE_OF_CODE":"119"}}
{"ts":1746028106409,"action":"IDE_DEACTIVATED"}
{"ts":1746028427397,"action":"IDE_ACTIVATED"}
{"ts":1746028427451,"action":"FILE_CLOSED","file":"/Assets/Scripts/Imported/GridObject.cs","tags":{"FILE_LINE_OF_CODE":"178"}}
{"ts":1746028427451,"action":"FILE_OPENED","file":"/Library/PackageCache/com.oni_sakana.fries/Fries/TestMonoBehaviour.cs","tags":{"FILE_LINE_OF_CODE":"13"}}
{"ts":1746028437757,"action":"IDE_DEACTIVATED"}
{"ts":1746028498774,"action":"IDE_ACTIVATED"}
{"ts":1746028534824,"action":"FILE_CLOSED","file":"/Library/PackageCache/com.oni_sakana.fries/Fries/TestMonoBehaviour.cs","tags":{"FILE_LINE_OF_CODE":"13"}}
{"ts":1746028534824,"action":"FILE_OPENED","file":"/Assets/Scripts/Imported/GridObject.cs","tags":{"FILE_LINE_OF_CODE":"178"}}
{"ts":1746028541840,"action":"IDE_DEACTIVATED"}
{"ts":1746028684944,"action":"IDE_ACTIVATED"}
{"ts":1746028695159,"action":"FILE_CLOSED","file":"/Assets/Scripts/Imported/GridObject.cs","tags":{"FILE_LINE_OF_CODE":"178"}}
{"ts":1746028695159,"action":"FILE_OPENED","file":"/Assets/Scripts/DialogueSystem/StaticDialogueStructures.cs","tags":{"FILE_LINE_OF_CODE":"113"}}
{"ts":1746028700439,"action":"FILE_CLOSED","file":"/Assets/Scripts/DialogueSystem/StaticDialogueStructures.cs","tags":{"FILE_LINE_OF_CODE":"113"}}
{"ts":1746028700439,"action":"FILE_OPENED","file":"/Assets/Scripts/DialogueSystem/LocalizedDialogue.cs","tags":{"FILE_LINE_OF_CODE":"29"}}
{"ts":1746028728301,"action":"FILE_CLOSED","file":"/Assets/Scripts/DialogueSystem/LocalizedDialogue.cs","tags":{"FILE_LINE_OF_CODE":"29"}}
{"ts":1746028728301,"action":"FILE_OPENED","file":"/Assets/Scripts/Menu/LevelSelectorControllerEditor.cs","tags":{"FILE_LINE_OF_CODE":"57"}}
{"ts":1746028735202,"action":"FILE_OPENED","file":"/Assets/Scripts/DialogueSystem/LocalizedDialogue.cs","tags":{"FILE_LINE_OF_CODE":"29"}}
{"ts":1746028735330,"action":"FILE_CLOSED","file":"/Assets/Scripts/DialogueSystem/LocalizedDialogue.cs","tags":{"FILE_LINE_OF_CODE":"29"}}
{"ts":1746028735330,"action":"FILE_OPENED","file":"/Assets/Scripts/Menu/LevelSelectorController.cs","tags":{"FILE_LINE_OF_CODE":"260"}}
{"ts":1746028770194,"action":"IDE_DEACTIVATED"}
{"ts":1746028773872,"action":"IDE_ACTIVATED"}
{"ts":1746028819782,"action":"IDE_DEACTIVATED"}
{"ts":1746028823931,"action":"IDE_ACTIVATED"}
{"ts":1746028830160,"action":"IDE_DEACTIVATED"}
{"ts":1746028837817,"action":"IDE_ACTIVATED"}
{"ts":1746028844270,"action":"IDE_DEACTIVATED"}
{"ts":1746028886352,"action":"IDE_ACTIVATED"}
{"ts":1746028889842,"action":"IDE_DEACTIVATED"}
{"ts":1746028900515,"action":"IDE_ACTIVATED"}
{"ts":1746028930257,"action":"IDE_DEACTIVATED"}
{"ts":1746029148538,"action":"IDE_ACTIVATED"}
{"ts":1746029150260,"action":"IDE_DEACTIVATED"}
{"ts":1746029156026,"action":"IDE_ACTIVATED"}
{"ts":1746029619503,"action":"IDE_DEACTIVATED"}
{"ts":1746029764924,"action":"IDE_ACTIVATED"}
{"ts":1746030825417,"action":"IDE_DEACTIVATED"}
{"ts":1746030862586,"action":"IDE_ACTIVATED"}
{"ts":1746030873218,"action":"IDE_DEACTIVATED"}
{"ts":1746030874847,"action":"IDE_ACTIVATED"}
{"ts":1746030885048,"action":"IDE_DEACTIVATED"}
{"ts":1746030911163,"action":"IDE_ACTIVATED"}
{"ts":1746030961055,"action":"IDE_DEACTIVATED"}
{"ts":1746031018297,"action":"IDE_ACTIVATED"}
{"ts":1746031025260,"action":"IDE_DEACTIVATED"}
{"ts":1746031026984,"action":"IDE_ACTIVATED"}
{"ts":1746031033172,"action":"IDE_DEACTIVATED"}
{"ts":1746031037379,"action":"IDE_ACTIVATED"}
{"ts":1746031042701,"action":"IDE_DEACTIVATED"}
{"ts":1746031142963,"action":"IDE_ACTIVATED"}
{"ts":1746031147044,"action":"IDE_DEACTIVATED"}
{"ts":1746031161742,"action":"IDE_ACTIVATED"}
{"ts":1746031177500,"action":"IDE_DEACTIVATED"}
{"ts":1746031185094,"action":"IDE_ACTIVATED"}
{"ts":1746031186282,"action":"IDE_DEACTIVATED"}
{"ts":1746031263321,"action":"IDE_ACTIVATED"}
{"ts":1746031605456,"action":"FILE_CLOSED","file":"/Assets/Scripts/Menu/LevelSelectorController.cs","tags":{"FILE_LINE_OF_CODE":"267"}}
{"ts":1746031605456,"action":"FILE_OPENED","file":"/Assets/Scripts/Menu/LevelWidget.cs","tags":{"FILE_LINE_OF_CODE":"53"}}
{"ts":1746031663997,"action":"FILE_CLOSED","file":"/Assets/Scripts/Menu/LevelWidget.cs","tags":{"FILE_LINE_OF_CODE":"59"}}
{"ts":1746031663997,"action":"FILE_OPENED","file":"/Assets/Scripts/Menu/LevelSelectorController.cs","tags":{"FILE_LINE_OF_CODE":"267"}}
{"ts":1746031696090,"action":"IDE_DEACTIVATED"}
{"ts":1746056535099,"action":"FILE_CLOSED","file":"/Assets/Scripts/Menu/LevelSelectorController.cs","tags":{"FILE_LINE_OF_CODE":"268"}}
{"ts":1746056535099,"action":"FILE_OPENED","file":"/Assets/Scripts/Menu/LevelWidget.cs","tags":{"FILE_LINE_OF_CODE":"59"}}
{"ts":1746056535164,"action":"IDE_ACTIVATED"}
{"ts":1746056817254,"action":"IDE_DEACTIVATED"}
{"ts":1746056907772,"action":"IDE_ACTIVATED"}
{"ts":1746056923520,"action":"FILE_CLOSED","file":"/Assets/Scripts/Menu/LevelWidget.cs","tags":{"FILE_LINE_OF_CODE":"71"}}
{"ts":1746056923520,"action":"FILE_OPENED","file":"/Assets/Scripts/Menu/LevelSelectorController.cs","tags":{"FILE_LINE_OF_CODE":"268"}}
{"ts":1746056958110,"action":"FILE_CLOSED","file":"/Assets/Scripts/Menu/LevelSelectorController.cs","tags":{"FILE_LINE_OF_CODE":"270"}}
{"ts":1746056958110,"action":"FILE_OPENED","file":"/Assets/Scripts/Menu/LevelWidget.cs","tags":{"FILE_LINE_OF_CODE":"71"}}
{"ts":1746056963488,"action":"IDE_DEACTIVATED"}
{"ts":1746057209256,"action":"IDE_ACTIVATED"}
{"ts":1746057212923,"action":"IDE_DEACTIVATED"}
{"ts":1746057254915,"action":"IDE_ACTIVATED"}
{"ts":1746057273075,"action":"FILE_CLOSED","file":"/Assets/Scripts/Menu/LevelWidget.cs","tags":{"FILE_LINE_OF_CODE":"71"}}
{"ts":1746057273075,"action":"FILE_OPENED","file":"/Assets/Scripts/Menu/BlackScreenEffect.cs","tags":{"FILE_LINE_OF_CODE":"5"}}
{"ts":1746057314751,"action":"IDE_DEACTIVATED"}
{"ts":1746057322595,"action":"IDE_ACTIVATED"}
{"ts":1746057337733,"action":"IDE_DEACTIVATED"}
{"ts":1746057342858,"action":"IDE_ACTIVATED"}
{"ts":1746057446900,"action":"FILE_CLOSED","file":"/Assets/Scripts/Menu/BlackScreenEffect.cs","tags":{"FILE_LINE_OF_CODE":"19"}}
{"ts":1746057446900,"action":"FILE_OPENED","file":"/Assets/Scripts/Menu/LevelWidget.cs","tags":{"FILE_LINE_OF_CODE":"71"}}
{"ts":1746057457465,"action":"FILE_CLOSED","file":"/Assets/Scripts/Menu/LevelWidget.cs","tags":{"FILE_LINE_OF_CODE":"66"}}
{"ts":1746057457465,"action":"FILE_OPENED","file":"/Assets/Scripts/Menu/BlackScreenEffect.cs","tags":{"FILE_LINE_OF_CODE":"19"}}
{"ts":1746057522916,"action":"IDE_DEACTIVATED"}
{"ts":1746057538996,"action":"IDE_ACTIVATED"}
{"ts":1746057637898,"action":"IDE_DEACTIVATED"}
{"ts":1746057693785,"action":"IDE_ACTIVATED"}
{"ts":1746057693848,"action":"FILE_CLOSED","file":"/Assets/Scripts/Menu/BlackScreenEffect.cs","tags":{"FILE_LINE_OF_CODE":"33"}}
{"ts":1746057693848,"action":"FILE_OPENED","file":"/Assets/Scripts/Menu/LevelSelectorController.cs","tags":{"FILE_LINE_OF_CODE":"270"}}
{"ts":1746057717982,"action":"FILE_CLOSED","file":"/Assets/Scripts/Menu/LevelSelectorController.cs","tags":{"FILE_LINE_OF_CODE":"271"}}
{"ts":1746057717982,"action":"FILE_OPENED","file":"/Assets/Scripts/Menu/LevelWidget.cs","tags":{"FILE_LINE_OF_CODE":"66"}}
{"ts":1746057760031,"action":"FILE_CLOSED","file":"/Assets/Scripts/Menu/LevelWidget.cs","tags":{"FILE_LINE_OF_CODE":"68"}}
{"ts":1746057760031,"action":"FILE_OPENED","file":"/Assets/Scripts/Menu/BlackScreenEffect.cs","tags":{"FILE_LINE_OF_CODE":"33"}}
{"ts":1746057831527,"action":"IDE_DEACTIVATED"}
{"ts":1746058180241,"action":"IDE_ACTIVATED"}
{"ts":1746058196734,"action":"FILE_CLOSED","file":"/Assets/Scripts/Menu/BlackScreenEffect.cs","tags":{"FILE_LINE_OF_CODE":"41"}}
{"ts":1746058196734,"action":"FILE_OPENED","file":"/Assets/Scripts/Menu/SceneScreenshotCamera.cs","tags":{"FILE_LINE_OF_CODE":"5"}}
{"ts":1746058231088,"action":"IDE_DEACTIVATED"}
{"ts":1746058237881,"action":"IDE_ACTIVATED"}
{"ts":1746058284912,"action":"IDE_DEACTIVATED"}
{"ts":1746058370960,"action":"IDE_ACTIVATED"}
{"ts":1746058401587,"action":"IDE_DEACTIVATED"}
{"ts":1746058408440,"action":"IDE_ACTIVATED"}
{"ts":1746058419785,"action":"IDE_DEACTIVATED"}
{"ts":1746059547913,"action":"IDE_ACTIVATED"}
{"ts":1746059556661,"action":"IDE_DEACTIVATED"}
{"ts":1746059569511,"action":"IDE_ACTIVATED"}
{"ts":1746059571804,"action":"IDE_DEACTIVATED"}
{"ts":1746059636467,"action":"IDE_ACTIVATED"}
{"ts":1746059656733,"action":"IDE_DEACTIVATED"}
{"ts":1746059776170,"action":"IDE_ACTIVATED"}
{"ts":1746059788815,"action":"IDE_DEACTIVATED"}
{"ts":1746059788935,"action":"IDE_ACTIVATED"}
{"ts":1746059788985,"action":"IDE_DEACTIVATED"}
{"ts":1746059799445,"action":"IDE_ACTIVATED"}
{"ts":1746059810403,"action":"IDE_DEACTIVATED"}
{"ts":1746059811541,"action":"IDE_ACTIVATED"}
{"ts":1746059815178,"action":"IDE_DEACTIVATED"}
{"ts":1746059820357,"action":"IDE_ACTIVATED"}
{"ts":1746059821603,"action":"IDE_DEACTIVATED"}
{"ts":1746059828381,"action":"IDE_ACTIVATED"}
{"ts":1746059833037,"action":"IDE_DEACTIVATED"}
{"ts":1746059886862,"action":"IDE_ACTIVATED"}
{"ts":1746059985629,"action":"IDE_DEACTIVATED"}
{"ts":1746060042974,"action":"IDE_ACTIVATED"}
{"ts":1746060045213,"action":"IDE_DEACTIVATED"}
{"ts":1746060110355,"action":"IDE_ACTIVATED"}
{"ts":1746060155277,"action":"IDE_DEACTIVATED"}
{"ts":1746060217315,"action":"IDE_ACTIVATED"}
{"ts":1746060263525,"action":"IDE_DEACTIVATED"}
{"ts":1746060279035,"action":"IDE_ACTIVATED"}
{"ts":1746060373059,"action":"IDE_DEACTIVATED"}
{"ts":1746060406002,"action":"IDE_ACTIVATED"}
{"ts":1746060407291,"action":"IDE_DEACTIVATED"}
{"ts":1746060407979,"action":"IDE_ACTIVATED"}
{"ts":1746060435625,"action":"IDE_DEACTIVATED"}
{"ts":1746060516677,"action":"IDE_ACTIVATED"}
{"ts":1746060523786,"action":"IDE_DEACTIVATED"}
{"ts":1746060607509,"action":"IDE_ACTIVATED"}
{"ts":1746060678611,"action":"IDE_DEACTIVATED"}
{"ts":1746060736135,"action":"IDE_ACTIVATED"}
{"ts":1746060822987,"action":"IDE_DEACTIVATED"}
{"ts":1746060852062,"action":"IDE_ACTIVATED"}
{"ts":1746060854291,"action":"IDE_DEACTIVATED"}
{"ts":1746060855048,"action":"IDE_ACTIVATED"}
{"ts":1746060874909,"action":"IDE_DEACTIVATED"}
{"ts":1746060895827,"action":"IDE_ACTIVATED"}
{"ts":1746060899207,"action":"IDE_DEACTIVATED"}
{"ts":1746060899945,"action":"IDE_ACTIVATED"}
{"ts":1746060919895,"action":"IDE_DEACTIVATED"}
{"ts":1746060946439,"action":"IDE_ACTIVATED"}
{"ts":1746060948995,"action":"IDE_DEACTIVATED"}
{"ts":1746061011309,"action":"IDE_ACTIVATED"}
{"ts":1746061079893,"action":"IDE_DEACTIVATED"}
{"ts":1746061120071,"action":"IDE_ACTIVATED"}
{"ts":1746061130742,"action":"IDE_DEACTIVATED"}
{"ts":1746061445369,"action":"IDE_ACTIVATED"}
{"ts":1746061501459,"action":"IDE_DEACTIVATED"}
{"ts":1746061503362,"action":"IDE_ACTIVATED"}
{"ts":1746061526995,"action":"IDE_DEACTIVATED"}
{"ts":1746061539823,"action":"IDE_ACTIVATED"}
{"ts":1746061546235,"action":"IDE_DEACTIVATED"}
{"ts":1746061565753,"action":"IDE_ACTIVATED"}
{"ts":1746061599740,"action":"IDE_DEACTIVATED"}
{"ts":1746061636192,"action":"IDE_ACTIVATED"}
{"ts":1746061671096,"action":"IDE_DEACTIVATED"}
{"ts":1746061693613,"action":"IDE_ACTIVATED"}
{"ts":1746061701563,"action":"IDE_DEACTIVATED"}
{"ts":1746061704576,"action":"IDE_ACTIVATED"}
{"ts":1746061815714,"action":"IDE_DEACTIVATED"}
{"ts":1746061947130,"action":"IDE_ACTIVATED"}
{"ts":1746061950381,"action":"IDE_DEACTIVATED"}
{"ts":1746061951028,"action":"IDE_ACTIVATED"}
{"ts":1746061953183,"action":"IDE_DEACTIVATED"}
{"ts":1746061953778,"action":"IDE_ACTIVATED"}
{"ts":1746061973656,"action":"IDE_DEACTIVATED"}
{"ts":1746061982528,"action":"IDE_ACTIVATED"}
{"ts":1746062014511,"action":"IDE_DEACTIVATED"}
{"ts":1746062036882,"action":"IDE_ACTIVATED"}
{"ts":1746062050095,"action":"IDE_DEACTIVATED"}
{"ts":1746062079827,"action":"IDE_ACTIVATED"}
{"ts":1746062084327,"action":"IDE_DEACTIVATED"}
{"ts":1746062112486,"action":"IDE_ACTIVATED"}
{"ts":1746062113252,"action":"IDE_DEACTIVATED"}
{"ts":1746062120918,"action":"IDE_ACTIVATED"}
{"ts":1746062134721,"action":"IDE_DEACTIVATED"}
{"ts":1746062136146,"action":"IDE_ACTIVATED"}
{"ts":1746062144244,"action":"IDE_DEACTIVATED"}
{"ts":1746062148788,"action":"IDE_ACTIVATED"}
{"ts":1746062150126,"action":"IDE_DEACTIVATED"}
{"ts":1746062150635,"action":"IDE_ACTIVATED"}
{"ts":1746062156611,"action":"IDE_DEACTIVATED"}
{"ts":1746062157582,"action":"IDE_ACTIVATED"}
{"ts":1746062170783,"action":"IDE_DEACTIVATED"}
{"ts":1746062174536,"action":"IDE_ACTIVATED"}
{"ts":1746062175362,"action":"IDE_DEACTIVATED"}
{"ts":1746062256192,"action":"IDE_ACTIVATED"}
{"ts":1746062258841,"action":"IDE_DEACTIVATED"}
{"ts":1746062259570,"action":"IDE_ACTIVATED"}
{"ts":1746062263410,"action":"IDE_DEACTIVATED"}
{"ts":1746062276186,"action":"IDE_ACTIVATED"}
{"ts":1746062279891,"action":"IDE_DEACTIVATED"}
{"ts":1746062290627,"action":"IDE_ACTIVATED"}
{"ts":1746062306361,"action":"IDE_DEACTIVATED"}
{"ts":1746062450593,"action":"IDE_ACTIVATED"}
{"ts":1746062458700,"action":"IDE_DEACTIVATED"}
{"ts":1746062810593,"action":"IDE_ACTIVATED"}
{"ts":1746062997027,"action":"IDE_DEACTIVATED"}
{"ts":1746063007117,"action":"IDE_ACTIVATED"}
{"ts":1746063147031,"action":"IDE_DEACTIVATED"}
{"ts":1746063156045,"action":"IDE_ACTIVATED"}
{"ts":1746063160658,"action":"IDE_DEACTIVATED"}
{"ts":1746063162239,"action":"IDE_ACTIVATED"}
{"ts":1746063165943,"action":"IDE_DEACTIVATED"}
{"ts":1746063166160,"action":"IDE_ACTIVATED"}
{"ts":1746063295156,"action":"IDE_DEACTIVATED"}
{"ts":1746063335979,"action":"IDE_ACTIVATED"}
{"ts":1746063355711,"action":"IDE_DEACTIVATED"}
{"ts":1746063650059,"action":"IDE_ACTIVATED"}
{"ts":1746063658943,"action":"IDE_DEACTIVATED"}
{"ts":1746063672177,"action":"IDE_ACTIVATED"}
{"ts":1746063686480,"action":"IDE_DEACTIVATED"}
{"ts":1746063706934,"action":"IDE_ACTIVATED"}
{"ts":1746063738688,"action":"IDE_DEACTIVATED"}
{"ts":1746063784726,"action":"IDE_ACTIVATED"}
{"ts":1746063795297,"action":"IDE_DEACTIVATED"}
{"ts":1746063847971,"action":"IDE_ACTIVATED"}
{"ts":1746063860649,"action":"IDE_DEACTIVATED"}
{"ts":1746063903754,"action":"IDE_ACTIVATED"}
{"ts":1746063906870,"action":"IDE_DEACTIVATED"}
{"ts":1746063907513,"action":"IDE_ACTIVATED"}
{"ts":1746063929016,"action":"IDE_DEACTIVATED"}
{"ts":1746063932886,"action":"IDE_ACTIVATED"}
{"ts":1746063940265,"action":"IDE_DEACTIVATED"}
{"ts":1746063953239,"action":"IDE_ACTIVATED"}
{"ts":1746063959060,"action":"IDE_DEACTIVATED"}
{"ts":1746063960749,"action":"IDE_ACTIVATED"}
{"ts":1746063961904,"action":"IDE_DEACTIVATED"}
{"ts":1746063962483,"action":"IDE_ACTIVATED"}
{"ts":1746063967082,"action":"IDE_DEACTIVATED"}
{"ts":1746064151433,"action":"IDE_ACTIVATED"}
{"ts":1746064157147,"action":"IDE_DEACTIVATED"}
{"ts":1746064164424,"action":"IDE_ACTIVATED"}
{"ts":1746064234589,"action":"IDE_DEACTIVATED"}
{"ts":1746064254156,"action":"IDE_ACTIVATED"}
{"ts":1746064303963,"action":"IDE_DEACTIVATED"}
{"ts":1746064349038,"action":"IDE_ACTIVATED"}
{"ts":1746064387288,"action":"IDE_DEACTIVATED"}
{"ts":1746064459204,"action":"IDE_ACTIVATED"}
{"ts":1746064503417,"action":"IDE_DEACTIVATED"}
{"ts":1746064507030,"action":"IDE_ACTIVATED"}
{"ts":1746064514928,"action":"IDE_DEACTIVATED"}
{"ts":1746064539072,"action":"IDE_ACTIVATED"}
{"ts":1746064583838,"action":"IDE_DEACTIVATED"}
{"ts":1746064615823,"action":"IDE_ACTIVATED"}
{"ts":1746064850495,"action":"IDE_DEACTIVATED"}
{"ts":1746067873273,"action":"IDE_ACTIVATED"}
{"ts":1746067920679,"action":"IDE_DEACTIVATED"}
{"ts":1746067975018,"action":"IDE_ACTIVATED"}
{"ts":1746068042409,"action":"IDE_DEACTIVATED"}
{"ts":1746068055212,"action":"IDE_ACTIVATED"}
{"ts":1746068083383,"action":"IDE_DEACTIVATED"}
{"ts":1746068098450,"action":"IDE_ACTIVATED"}
{"ts":1746068109379,"action":"PROJECT_CLOSED","tags":{"PROJECT_NAME":"MSS_Timeplex"}}
{"ts":1746081550857,"action":"PROJECT_OPENED","tags":{"PROJECT_NAME":"MSS_Timeplex"}}
{"ts":1746081569930,"action":"IDE_DEACTIVATED"}
{"ts":1746081666003,"action":"IDE_ACTIVATED"}
{"ts":1746081693131,"action":"IDE_DEACTIVATED"}
{"ts":1746081715050,"action":"IDE_ACTIVATED"}
{"ts":1746081717419,"action":"IDE_DEACTIVATED"}
{"ts":1746081917090,"action":"IDE_ACTIVATED"}
{"ts":1746081945143,"action":"FILE_CLOSED","file":"/Assets/Scripts/Menu/SceneScreenshotCamera.cs","tags":{"FILE_LINE_OF_CODE":"18"}}
{"ts":1746081945144,"action":"FILE_OPENED","file":"/Assets/Scripts/Menu/NotLevelMarker.cs","tags":{"FILE_LINE_OF_CODE":"5"}}
{"ts":1746081962253,"action":"IDE_DEACTIVATED"}
{"ts":1746082117615,"action":"IDE_ACTIVATED"}
{"ts":1746082135867,"action":"IDE_DEACTIVATED"}
{"ts":1746082324046,"action":"IDE_ACTIVATED"}
{"ts":1746082354053,"action":"IDE_DEACTIVATED"}
{"ts":1746082381041,"action":"IDE_ACTIVATED"}
{"ts":1746082394997,"action":"IDE_DEACTIVATED"}
{"ts":1746082438275,"action":"IDE_ACTIVATED"}
{"ts":1746082501525,"action":"IDE_DEACTIVATED"}
{"ts":1746082526042,"action":"IDE_ACTIVATED"}
{"ts":1746082545490,"action":"IDE_DEACTIVATED"}
{"ts":1746082632060,"action":"IDE_ACTIVATED"}
{"ts":1746082651648,"action":"IDE_DEACTIVATED"}
{"ts":1746082660580,"action":"IDE_ACTIVATED"}
{"ts":1746082662045,"action":"IDE_DEACTIVATED"}
{"ts":1746082687485,"action":"IDE_ACTIVATED"}
{"ts":1746082696981,"action":"IDE_DEACTIVATED"}
{"ts":1746082715777,"action":"IDE_ACTIVATED"}
{"ts":1746082725295,"action":"IDE_DEACTIVATED"}
{"ts":1746082758883,"action":"IDE_ACTIVATED"}
{"ts":1746082779962,"action":"IDE_DEACTIVATED"}
{"ts":1746082794060,"action":"IDE_ACTIVATED"}
{"ts":1746082826179,"action":"IDE_DEACTIVATED"}
{"ts":1746082853955,"action":"IDE_ACTIVATED"}
{"ts":1746082860477,"action":"IDE_DEACTIVATED"}
{"ts":1746082882937,"action":"IDE_ACTIVATED"}
{"ts":1746082894392,"action":"IDE_DEACTIVATED"}
{"ts":1746082903345,"action":"IDE_ACTIVATED"}
{"ts":1746082908039,"action":"IDE_DEACTIVATED"}
{"ts":1746082908433,"action":"IDE_ACTIVATED"}
{"ts":1746082931010,"action":"IDE_DEACTIVATED"}
{"ts":1746082933235,"action":"IDE_ACTIVATED"}
{"ts":1746082939041,"action":"IDE_DEACTIVATED"}
{"ts":1746082952298,"action":"IDE_ACTIVATED"}
{"ts":1746082963961,"action":"IDE_DEACTIVATED"}
{"ts":1746083072098,"action":"IDE_ACTIVATED"}
{"ts":1746083089411,"action":"IDE_DEACTIVATED"}
{"ts":1746083100274,"action":"IDE_ACTIVATED"}
{"ts":1746083102394,"action":"IDE_DEACTIVATED"}
{"ts":1746083125544,"action":"IDE_ACTIVATED"}
{"ts":1746083147564,"action":"IDE_DEACTIVATED"}
{"ts":1746083157447,"action":"IDE_ACTIVATED"}
{"ts":1746083164148,"action":"IDE_DEACTIVATED"}
{"ts":1746083185209,"action":"IDE_ACTIVATED"}
{"ts":1746083185889,"action":"IDE_DEACTIVATED"}
{"ts":1746083186560,"action":"IDE_ACTIVATED"}
{"ts":1746083195604,"action":"IDE_DEACTIVATED"}
{"ts":1746083234520,"action":"IDE_ACTIVATED"}
{"ts":1746083256518,"action":"IDE_DEACTIVATED"}
{"ts":1746083285305,"action":"IDE_ACTIVATED"}
{"ts":1746083286617,"action":"IDE_DEACTIVATED"}
{"ts":1746083294656,"action":"IDE_ACTIVATED"}
{"ts":1746083320981,"action":"IDE_DEACTIVATED"}
{"ts":1746083330787,"action":"IDE_ACTIVATED"}
{"ts":1746083351956,"action":"IDE_DEACTIVATED"}
{"ts":1746083360767,"action":"IDE_ACTIVATED"}
{"ts":1746083372794,"action":"IDE_DEACTIVATED"}
{"ts":1746083376763,"action":"IDE_ACTIVATED"}
{"ts":1746083438679,"action":"IDE_DEACTIVATED"}
{"ts":1746083440610,"action":"IDE_ACTIVATED"}
{"ts":1746083446815,"action":"IDE_DEACTIVATED"}
{"ts":1746083457301,"action":"IDE_ACTIVATED"}
{"ts":1746083464320,"action":"IDE_DEACTIVATED"}
{"ts":1746083500381,"action":"IDE_ACTIVATED"}
{"ts":1746083506948,"action":"IDE_DEACTIVATED"}
{"ts":1746083530772,"action":"IDE_ACTIVATED"}
{"ts":1746083621397,"action":"IDE_DEACTIVATED"}
{"ts":1746083638829,"action":"IDE_ACTIVATED"}
{"ts":1746083699766,"action":"IDE_DEACTIVATED"}
{"ts":1746083790966,"action":"IDE_ACTIVATED"}
{"ts":1746083805082,"action":"IDE_DEACTIVATED"}
{"ts":1746083838841,"action":"IDE_ACTIVATED"}
{"ts":1746083853250,"action":"IDE_DEACTIVATED"}
{"ts":1746083877389,"action":"IDE_ACTIVATED"}
{"ts":1746083882956,"action":"IDE_DEACTIVATED"}
{"ts":1746083909011,"action":"IDE_ACTIVATED"}
{"ts":1746083915204,"action":"IDE_DEACTIVATED"}
{"ts":1746083938503,"action":"IDE_ACTIVATED"}
{"ts":1746083953999,"action":"IDE_DEACTIVATED"}
{"ts":1746084001058,"action":"IDE_ACTIVATED"}
{"ts":1746084024553,"action":"IDE_DEACTIVATED"}
{"ts":1746084077754,"action":"IDE_ACTIVATED"}
{"ts":1746084084945,"action":"IDE_DEACTIVATED"}
{"ts":1746084111114,"action":"IDE_ACTIVATED"}
{"ts":1746084118226,"action":"IDE_DEACTIVATED"}
{"ts":1746084142218,"action":"IDE_ACTIVATED"}
{"ts":1746084153863,"action":"IDE_DEACTIVATED"}
{"ts":1746084240551,"action":"IDE_ACTIVATED"}
{"ts":1746084254734,"action":"IDE_DEACTIVATED"}
{"ts":1746084258037,"action":"IDE_ACTIVATED"}
{"ts":1746084265384,"action":"IDE_DEACTIVATED"}
{"ts":1746084302595,"action":"IDE_ACTIVATED"}
{"ts":1746084321465,"action":"IDE_DEACTIVATED"}
{"ts":1746084343277,"action":"IDE_ACTIVATED"}
{"ts":1746084358418,"action":"IDE_DEACTIVATED"}
{"ts":1746084372868,"action":"IDE_ACTIVATED"}
{"ts":1746084383461,"action":"IDE_DEACTIVATED"}
{"ts":1746084397670,"action":"IDE_ACTIVATED"}
{"ts":1746084456596,"action":"IDE_DEACTIVATED"}
{"ts":1746084511463,"action":"IDE_ACTIVATED"}
{"ts":1746084546371,"action":"IDE_DEACTIVATED"}
{"ts":1746084674025,"action":"IDE_ACTIVATED"}
{"ts":1746084700813,"action":"IDE_DEACTIVATED"}
{"ts":1746084715678,"action":"IDE_ACTIVATED"}
{"ts":1746084732090,"action":"IDE_DEACTIVATED"}
{"ts":1746084743986,"action":"IDE_ACTIVATED"}
{"ts":1746084750659,"action":"IDE_DEACTIVATED"}
{"ts":1746084781554,"action":"IDE_ACTIVATED"}
{"ts":1746084785013,"action":"IDE_DEACTIVATED"}
{"ts":1746084843813,"action":"IDE_ACTIVATED"}
{"ts":1746084850644,"action":"IDE_DEACTIVATED"}
{"ts":1746084925622,"action":"IDE_ACTIVATED"}
{"ts":1746084995278,"action":"IDE_DEACTIVATED"}
{"ts":1746085006327,"action":"IDE_ACTIVATED"}
{"ts":1746085158908,"action":"IDE_DEACTIVATED"}
{"ts":1746085160258,"action":"IDE_ACTIVATED"}
{"ts":1746085173779,"action":"IDE_DEACTIVATED"}
{"ts":1746085185034,"action":"IDE_ACTIVATED"}
{"ts":1746085229950,"action":"IDE_DEACTIVATED"}
{"ts":1746085240128,"action":"IDE_ACTIVATED"}
{"ts":1746085252627,"action":"IDE_DEACTIVATED"}
{"ts":1746085263236,"action":"IDE_ACTIVATED"}
{"ts":1746085283267,"action":"IDE_DEACTIVATED"}
{"ts":1746085296284,"action":"IDE_ACTIVATED"}
{"ts":1746085322426,"action":"IDE_DEACTIVATED"}
{"ts":1746085327926,"action":"IDE_ACTIVATED"}
{"ts":1746085336807,"action":"IDE_DEACTIVATED"}
{"ts":1746085347760,"action":"IDE_ACTIVATED"}
{"ts":1746085362720,"action":"IDE_DEACTIVATED"}
{"ts":1746085372617,"action":"IDE_ACTIVATED"}
{"ts":1746085460552,"action":"IDE_DEACTIVATED"}
{"ts":1746085471768,"action":"IDE_ACTIVATED"}
{"ts":1746085489923,"action":"IDE_DEACTIVATED"}
{"ts":1746085501583,"action":"IDE_ACTIVATED"}
{"ts":1746085508665,"action":"IDE_DEACTIVATED"}
{"ts":1746085549099,"action":"IDE_ACTIVATED"}
{"ts":1746085567880,"action":"IDE_DEACTIVATED"}
{"ts":1746085600220,"action":"IDE_ACTIVATED"}
{"ts":1746085669164,"action":"IDE_DEACTIVATED"}
{"ts":1746085959858,"action":"IDE_ACTIVATED"}
{"ts":1746086015459,"action":"IDE_DEACTIVATED"}
{"ts":1746086116653,"action":"IDE_ACTIVATED"}
{"ts":1746086198242,"action":"IDE_DEACTIVATED"}
{"ts":1746086245325,"action":"IDE_ACTIVATED"}
{"ts":1746086278761,"action":"IDE_DEACTIVATED"}
{"ts":1746086307253,"action":"IDE_ACTIVATED"}
{"ts":1746086326638,"action":"IDE_DEACTIVATED"}
{"ts":1746086360720,"action":"IDE_ACTIVATED"}
{"ts":1746086374704,"action":"IDE_DEACTIVATED"}
{"ts":1746086400757,"action":"IDE_ACTIVATED"}
{"ts":1746086425351,"action":"IDE_DEACTIVATED"}
{"ts":1746086448755,"action":"IDE_ACTIVATED"}
{"ts":1746086469072,"action":"IDE_DEACTIVATED"}
{"ts":1746086498754,"action":"IDE_ACTIVATED"}
{"ts":1746086579780,"action":"IDE_DEACTIVATED"}
{"ts":1746086690180,"action":"IDE_ACTIVATED"}
{"ts":1746086754471,"action":"IDE_DEACTIVATED"}
{"ts":1746086784022,"action":"IDE_ACTIVATED"}
{"ts":1746086799157,"action":"IDE_DEACTIVATED"}
{"ts":1746086809759,"action":"IDE_ACTIVATED"}
{"ts":1746086834508,"action":"IDE_DEACTIVATED"}
{"ts":1746086844320,"action":"IDE_ACTIVATED"}
{"ts":1746086862175,"action":"IDE_DEACTIVATED"}
{"ts":1746086868023,"action":"IDE_ACTIVATED"}
{"ts":1746086875260,"action":"IDE_DEACTIVATED"}
{"ts":1746086885957,"action":"IDE_ACTIVATED"}
{"ts":1746086917949,"action":"IDE_DEACTIVATED"}
{"ts":1746086946908,"action":"IDE_ACTIVATED"}
{"ts":1746087072716,"action":"IDE_DEACTIVATED"}
{"ts":1746087095916,"action":"IDE_ACTIVATED"}
{"ts":1746087105027,"action":"IDE_DEACTIVATED"}
{"ts":1746087118643,"action":"IDE_ACTIVATED"}
{"ts":1746087128788,"action":"IDE_DEACTIVATED"}
{"ts":1746087170654,"action":"IDE_ACTIVATED"}
{"ts":1746087183545,"action":"IDE_DEACTIVATED"}
{"ts":1746087281661,"action":"IDE_ACTIVATED"}
{"ts":1746087294305,"action":"IDE_DEACTIVATED"}
{"ts":1746087347396,"action":"IDE_ACTIVATED"}
{"ts":1746087395573,"action":"IDE_DEACTIVATED"}
{"ts":1746087413845,"action":"IDE_ACTIVATED"}
{"ts":1746087483638,"action":"IDE_DEACTIVATED"}
{"ts":1746087568056,"action":"IDE_ACTIVATED"}
{"ts":1746087594210,"action":"IDE_DEACTIVATED"}
{"ts":1746087613881,"action":"IDE_ACTIVATED"}
{"ts":1746087622795,"action":"IDE_DEACTIVATED"}
{"ts":1746087624295,"action":"IDE_ACTIVATED"}
{"ts":1746087637864,"action":"IDE_DEACTIVATED"}
{"ts":1746087643215,"action":"IDE_ACTIVATED"}
{"ts":1746087664781,"action":"IDE_DEACTIVATED"}
{"ts":1746087669121,"action":"IDE_ACTIVATED"}
{"ts":1746087677434,"action":"IDE_DEACTIVATED"}
{"ts":1746087728033,"action":"IDE_ACTIVATED"}
{"ts":1746087733687,"action":"IDE_DEACTIVATED"}
{"ts":1746087745114,"action":"IDE_ACTIVATED"}
{"ts":1746087794145,"action":"IDE_DEACTIVATED"}
{"ts":1746087809137,"action":"IDE_ACTIVATED"}
{"ts":1746087898408,"action":"IDE_DEACTIVATED"}
{"ts":1746087929233,"action":"IDE_ACTIVATED"}
{"ts":1746087950689,"action":"IDE_DEACTIVATED"}
{"ts":1746087957005,"action":"IDE_ACTIVATED"}
{"ts":1746087984096,"action":"IDE_DEACTIVATED"}
{"ts":1746088028395,"action":"IDE_ACTIVATED"}
{"ts":1746088060995,"action":"IDE_DEACTIVATED"}
{"ts":1746088092487,"action":"IDE_ACTIVATED"}
{"ts":1746088104424,"action":"IDE_DEACTIVATED"}
{"ts":1746088184504,"action":"IDE_ACTIVATED"}
{"ts":1746088192022,"action":"IDE_DEACTIVATED"}
{"ts":1746088301109,"action":"IDE_ACTIVATED"}
{"ts":1746088314313,"action":"IDE_DEACTIVATED"}
{"ts":1746088347398,"action":"IDE_ACTIVATED"}
{"ts":1746088352754,"action":"IDE_DEACTIVATED"}
{"ts":1746088407731,"action":"IDE_ACTIVATED"}
{"ts":1746088427697,"action":"IDE_DEACTIVATED"}
{"ts":1746088462543,"action":"IDE_ACTIVATED"}
{"ts":1746088464284,"action":"IDE_DEACTIVATED"}
{"ts":1746088466173,"action":"IDE_ACTIVATED"}
{"ts":1746088615298,"action":"IDE_DEACTIVATED"}
{"ts":1746088652347,"action":"IDE_ACTIVATED"}
{"ts":1746088659997,"action":"IDE_DEACTIVATED"}
{"ts":1746088762209,"action":"IDE_ACTIVATED"}
{"ts":1746088766758,"action":"IDE_DEACTIVATED"}
{"ts":1746088777800,"action":"IDE_ACTIVATED"}
{"ts":1746088777902,"action":"FILE_CLOSED","file":"/Assets/Scripts/Menu/NotLevelMarker.cs","tags":{"FILE_LINE_OF_CODE":"7"}}
{"ts":1746088777902,"action":"FILE_OPENED","file":"/Library/PackageCache/com.oni_sakana.fries/Fries/Inspector/SceneBehaviours/SceneProxy.cs","tags":{"FILE_LINE_OF_CODE":"139"}}
{"ts":1746088790071,"action":"FILE_CLOSED","file":"/Library/PackageCache/com.oni_sakana.fries/Fries/Inspector/SceneBehaviours/SceneProxy.cs","tags":{"FILE_LINE_OF_CODE":"139"}}
{"ts":1746088790071,"action":"FILE_OPENED","file":"/Library/PackageCache/com.oni_sakana.fries/Fries/Inspector/SceneBehaviours/InspectorUtil.cs","tags":{"FILE_LINE_OF_CODE":"59"}}
{"ts":1746088809459,"action":"IDE_DEACTIVATED"}
{"ts":1746088811370,"action":"IDE_ACTIVATED"}
{"ts":1746088827557,"action":"IDE_DEACTIVATED"}
{"ts":1746088845014,"action":"IDE_ACTIVATED"}
{"ts":1746088845834,"action":"IDE_DEACTIVATED"}
{"ts":1746088920113,"action":"IDE_ACTIVATED"}
{"ts":1746089026425,"action":"IDE_DEACTIVATED"}
{"ts":1746089074948,"action":"IDE_ACTIVATED"}
{"ts":1746089076334,"action":"IDE_DEACTIVATED"}
{"ts":1746089095220,"action":"IDE_ACTIVATED"}
{"ts":1746089098143,"action":"IDE_DEACTIVATED"}
{"ts":1746089099516,"action":"IDE_ACTIVATED"}
{"ts":1746089286465,"action":"IDE_DEACTIVATED"}
{"ts":1746089345468,"action":"IDE_ACTIVATED"}
{"ts":1746089409207,"action":"IDE_DEACTIVATED"}
{"ts":1746089431693,"action":"IDE_ACTIVATED"}
{"ts":1746089447941,"action":"IDE_DEACTIVATED"}
{"ts":1746089457218,"action":"IDE_ACTIVATED"}
{"ts":1746089465669,"action":"IDE_DEACTIVATED"}
{"ts":1746089497101,"action":"IDE_ACTIVATED"}
{"ts":1746089521870,"action":"IDE_DEACTIVATED"}
{"ts":1746089565844,"action":"IDE_ACTIVATED"}
{"ts":1746089609423,"action":"IDE_DEACTIVATED"}
{"ts":1746089660841,"action":"IDE_ACTIVATED"}
{"ts":1746089667237,"action":"IDE_DEACTIVATED"}
{"ts":1746089672829,"action":"IDE_ACTIVATED"}
{"ts":1746089673769,"action":"IDE_DEACTIVATED"}
{"ts":1746089705896,"action":"IDE_ACTIVATED"}
{"ts":1746089706238,"action":"FILE_CLOSED","file":"/Library/PackageCache/com.oni_sakana.fries/Fries/Inspector/SceneBehaviours/InspectorUtil.cs","tags":{"FILE_LINE_OF_CODE":"72"}}
{"ts":1746089706464,"action":"FILE_OPENED","file":"/Library/PackageCache/com.oni_sakana.fries/Fries/Inspector/SceneBehaviours/InspectorUtil.cs","tags":{"FILE_LINE_OF_CODE":"72"}}
{"ts":1746089713227,"action":"IDE_DEACTIVATED"}
{"ts":1746089715284,"action":"IDE_ACTIVATED"}
{"ts":1746089715712,"action":"FILE_CLOSED","file":"/Library/PackageCache/com.oni_sakana.fries/Fries/Inspector/SceneBehaviours/InspectorUtil.cs","tags":{"FILE_LINE_OF_CODE":"72"}}
{"ts":1746089715823,"action":"FILE_OPENED","file":"/Library/PackageCache/com.oni_sakana.fries/Fries/Inspector/SceneBehaviours/ProjectWindowHelper.cs","tags":{"FILE_LINE_OF_CODE":"50"}}
{"ts":1746089722896,"action":"IDE_DEACTIVATED"}
{"ts":1746089727530,"action":"IDE_ACTIVATED"}
{"ts":1746089727637,"action":"FILE_CLOSED","file":"/Library/PackageCache/com.oni_sakana.fries/Fries/Inspector/SceneBehaviours/ProjectWindowHelper.cs","tags":{"FILE_LINE_OF_CODE":"50"}}
{"ts":1746089727683,"action":"FILE_OPENED","file":"/Library/PackageCache/com.oni_sakana.fries/Fries/Inspector/SceneBehaviours/ProjectWindowHelper.cs","tags":{"FILE_LINE_OF_CODE":"50"}}
{"ts":1746089737346,"action":"IDE_DEACTIVATED"}
{"ts":1746089740492,"action":"IDE_ACTIVATED"}
{"ts":1746089740632,"action":"FILE_CLOSED","file":"/Library/PackageCache/com.oni_sakana.fries/Fries/Inspector/SceneBehaviours/ProjectWindowHelper.cs","tags":{"FILE_LINE_OF_CODE":"50"}}
{"ts":1746089740693,"action":"FILE_OPENED","file":"/Library/PackageCache/com.oni_sakana.fries/Fries/Inspector/SceneBehaviours/ProjectWindowHelper.cs","tags":{"FILE_LINE_OF_CODE":"50"}}
{"ts":1746089751423,"action":"FILE_CLOSED","file":"/Library/PackageCache/com.oni_sakana.fries/Fries/Inspector/SceneBehaviours/ProjectWindowHelper.cs","tags":{"FILE_LINE_OF_CODE":"50"}}
{"ts":1746089751423,"action":"FILE_OPENED","file":"/Library/PackageCache/com.oni_sakana.fries/Fries/Inspector/SceneBehaviours/SceneSelectCatcher.cs","tags":{"FILE_LINE_OF_CODE":"97"}}
{"ts":1746089759047,"action":"IDE_DEACTIVATED"}
{"ts":1746089760966,"action":"IDE_ACTIVATED"}
{"ts":1746089776090,"action":"IDE_DEACTIVATED"}
{"ts":1746089784638,"action":"IDE_ACTIVATED"}
{"ts":1746089809401,"action":"IDE_DEACTIVATED"}
{"ts":1746089888382,"action":"IDE_ACTIVATED"}
{"ts":1746089894248,"action":"IDE_DEACTIVATED"}
{"ts":1746089894460,"action":"IDE_ACTIVATED"}
{"ts":1746089896453,"action":"IDE_DEACTIVATED"}
{"ts":1746089960793,"action":"IDE_ACTIVATED"}
{"ts":1746089964956,"action":"IDE_DEACTIVATED"}
{"ts":1746089996339,"action":"IDE_ACTIVATED"}
{"ts":1746089997942,"action":"IDE_DEACTIVATED"}
{"ts":1746090042815,"action":"IDE_ACTIVATED"}
{"ts":1746090050133,"action":"IDE_DEACTIVATED"}
{"ts":1746090051403,"action":"IDE_ACTIVATED"}
{"ts":1746090056887,"action":"IDE_DEACTIVATED"}
{"ts":1746090149040,"action":"IDE_ACTIVATED"}
{"ts":1746090165038,"action":"IDE_DEACTIVATED"}
{"ts":1746090207228,"action":"IDE_ACTIVATED"}
{"ts":1746090207325,"action":"FILE_OPENED","file":"/Library/PackageCache/com.oni_sakana.fries/Fries/Inspector/SceneBehaviours/SceneProxy.cs","tags":{"FILE_LINE_OF_CODE":"139"}}
{"ts":1746090216032,"action":"IDE_DEACTIVATED"}
{"ts":1746090226736,"action":"IDE_ACTIVATED"}
{"ts":1746090508376,"action":"IDE_DEACTIVATED"}
{"ts":1746090518000,"action":"IDE_ACTIVATED"}
{"ts":1746090519765,"action":"IDE_DEACTIVATED"}
{"ts":1746090527211,"action":"IDE_ACTIVATED"}
{"ts":1746090551435,"action":"IDE_DEACTIVATED"}
{"ts":1746090599645,"action":"IDE_ACTIVATED"}
{"ts":1746090621798,"action":"FILE_CLOSED","file":"/Library/PackageCache/com.oni_sakana.fries/Fries/Inspector/SceneBehaviours/SceneProxy.cs","tags":{"FILE_LINE_OF_CODE":"142"}}
{"ts":1746090621798,"action":"FILE_OPENED","file":"/Assets/Scripts/Menu/SceneScreenshotCamera.cs","tags":{"FILE_LINE_OF_CODE":"18"}}
{"ts":1746090652947,"action":"IDE_DEACTIVATED"}
{"ts":1746090659633,"action":"IDE_ACTIVATED"}
{"ts":1746090675119,"action":"IDE_DEACTIVATED"}
{"ts":1746090772783,"action":"FILE_CLOSED","file":"/Assets/Scripts/Menu/SceneScreenshotCamera.cs","tags":{"FILE_LINE_OF_CODE":"22"}}
{"ts":1746090772783,"action":"FILE_OPENED","file":"/Library/PackageCache/com.oni_sakana.fries/Fries/Inspector/SceneBehaviours/SceneProxy.cs","tags":{"FILE_LINE_OF_CODE":"142"}}
{"ts":1746090772819,"action":"IDE_ACTIVATED"}
{"ts":1746090788471,"action":"IDE_DEACTIVATED"}
{"ts":1746090791210,"action":"IDE_ACTIVATED"}
{"ts":1746090821466,"action":"IDE_DEACTIVATED"}
{"ts":1746090864393,"action":"IDE_ACTIVATED"}
{"ts":1746090884672,"action":"IDE_DEACTIVATED"}
{"ts":1746090889303,"action":"IDE_ACTIVATED"}
{"ts":1746090892683,"action":"IDE_DEACTIVATED"}
{"ts":1746090896943,"action":"IDE_ACTIVATED"}
{"ts":1746090899376,"action":"IDE_DEACTIVATED"}
{"ts":1746091100521,"action":"IDE_ACTIVATED"}
{"ts":1746091126283,"action":"IDE_DEACTIVATED"}
{"ts":1746091174363,"action":"IDE_ACTIVATED"}
{"ts":1746091212557,"action":"IDE_DEACTIVATED"}
{"ts":1746091349869,"action":"IDE_ACTIVATED"}
{"ts":1746091369771,"action":"IDE_DEACTIVATED"}
{"ts":1746091385347,"action":"IDE_ACTIVATED"}
{"ts":1746091392260,"action":"IDE_DEACTIVATED"}
{"ts":1746091483504,"action":"IDE_ACTIVATED"}
{"ts":1746091498003,"action":"IDE_DEACTIVATED"}
{"ts":1746091513823,"action":"IDE_ACTIVATED"}
{"ts":1746091524999,"action":"IDE_DEACTIVATED"}
{"ts":1746091571572,"action":"IDE_ACTIVATED"}
{"ts":1746091695258,"action":"IDE_DEACTIVATED"}
{"ts":1746091850365,"action":"IDE_ACTIVATED"}
{"ts":1746091896407,"action":"IDE_DEACTIVATED"}
{"ts":1746091900678,"action":"IDE_ACTIVATED"}
{"ts":1746091908411,"action":"IDE_DEACTIVATED"}
{"ts":1746091912831,"action":"IDE_ACTIVATED"}
{"ts":1746091924289,"action":"IDE_DEACTIVATED"}
{"ts":1746091938759,"action":"IDE_ACTIVATED"}
{"ts":1746091944482,"action":"IDE_DEACTIVATED"}
{"ts":1746091945358,"action":"IDE_ACTIVATED"}
{"ts":1746092024339,"action":"IDE_DEACTIVATED"}
{"ts":1746092040741,"action":"IDE_ACTIVATED"}
{"ts":1746092063675,"action":"IDE_DEACTIVATED"}
{"ts":1746092074147,"action":"IDE_ACTIVATED"}
{"ts":1746092088619,"action":"IDE_DEACTIVATED"}
{"ts":1746092111954,"action":"IDE_ACTIVATED"}
{"ts":1746092148902,"action":"IDE_DEACTIVATED"}
{"ts":1746092201281,"action":"IDE_ACTIVATED"}
{"ts":1746092209767,"action":"IDE_DEACTIVATED"}
{"ts":1746092213467,"action":"IDE_ACTIVATED"}
{"ts":1746092219675,"action":"IDE_DEACTIVATED"}
{"ts":1746092242710,"action":"IDE_ACTIVATED"}
{"ts":1746092290055,"action":"IDE_DEACTIVATED"}
{"ts":1746092401069,"action":"IDE_ACTIVATED"}
{"ts":1746092458871,"action":"IDE_DEACTIVATED"}
{"ts":1746092465785,"action":"IDE_ACTIVATED"}
{"ts":1746092536660,"action":"IDE_DEACTIVATED"}
{"ts":1746092579176,"action":"IDE_ACTIVATED"}
{"ts":1746092686907,"action":"IDE_DEACTIVATED"}
{"ts":1746092788369,"action":"IDE_ACTIVATED"}
{"ts":1746092811077,"action":"IDE_DEACTIVATED"}
{"ts":1746092866429,"action":"IDE_ACTIVATED"}
{"ts":1746092890413,"action":"IDE_DEACTIVATED"}
{"ts":1746092909440,"action":"IDE_ACTIVATED"}
{"ts":1746092926428,"action":"IDE_DEACTIVATED"}
{"ts":1746092954372,"action":"IDE_ACTIVATED"}
{"ts":1746092955568,"action":"IDE_DEACTIVATED"}
{"ts":1746093012678,"action":"IDE_ACTIVATED"}
{"ts":1746093039049,"action":"IDE_DEACTIVATED"}
{"ts":1746093167058,"action":"IDE_ACTIVATED"}
{"ts":1746093171392,"action":"IDE_DEACTIVATED"}
{"ts":1746152513387,"action":"IDE_ACTIVATED"}
{"ts":1746152513851,"action":"IDE_DEACTIVATED"}
{"ts":1746152520948,"action":"IDE_ACTIVATED"}
{"ts":1746152527307,"action":"IDE_DEACTIVATED"}
{"ts":1746152694891,"action":"IDE_ACTIVATED"}
{"ts":1746152699320,"action":"IDE_DEACTIVATED"}
{"ts":1746153232520,"action":"IDE_ACTIVATED"}
{"ts":1746153241679,"action":"FILE_CLOSED","file":"/Library/PackageCache/com.oni_sakana.fries/Fries/Inspector/SceneBehaviours/SceneProxy.cs","tags":{"FILE_LINE_OF_CODE":"151"}}
{"ts":1746153241679,"action":"FILE_OPENED","file":"/Assets/Scripts/Menu/PauseScreenConfig.cs","tags":{"FILE_LINE_OF_CODE":"99"}}
{"ts":1746153242607,"action":"FILE_CLOSED","file":"/Assets/Scripts/Menu/PauseScreenConfig.cs","tags":{"FILE_LINE_OF_CODE":"99"}}
{"ts":1746153242608,"action":"FILE_OPENED","file":"/Assets/Scripts/Menu/NotLevelMarker.cs","tags":{"FILE_LINE_OF_CODE":"7"}}
{"ts":1746153253861,"action":"FILE_CLOSED","file":"/Assets/Scripts/Menu/NotLevelMarker.cs","tags":{"FILE_LINE_OF_CODE":"7"}}
{"ts":1746153253861,"action":"FILE_OPENED","file":"/Assets/Scripts/Menu/SceneJumper.cs","tags":{"FILE_LINE_OF_CODE":"13"}}
{"ts":1746153256107,"action":"FILE_CLOSED","file":"/Assets/Scripts/Menu/SceneJumper.cs","tags":{"FILE_LINE_OF_CODE":"13"}}
{"ts":1746153256107,"action":"FILE_OPENED","file":"/Assets/Scripts/Menu/SceneScreenshotCamera.cs","tags":{"FILE_LINE_OF_CODE":"22"}}
{"ts":1746153282917,"action":"FILE_OPENED","file":"/Assets/Scripts/Menu/BlackScreenEffect.cs","tags":{"FILE_LINE_OF_CODE":"41"}}
{"ts":1746153282960,"action":"FILE_CLOSED","file":"/Assets/Scripts/Menu/BlackScreenEffect.cs","tags":{"FILE_LINE_OF_CODE":"41"}}
{"ts":1746153282960,"action":"FILE_OPENED","file":"/Assets/Scripts/Menu/SceneScreenshotTaker.cs","tags":{"FILE_LINE_OF_CODE":"5"}}
{"ts":1746153295334,"action":"IDE_DEACTIVATED"}
{"ts":1746153297385,"action":"IDE_ACTIVATED"}
{"ts":1746153484195,"action":"IDE_DEACTIVATED"}
{"ts":1746153641490,"action":"IDE_ACTIVATED"}
{"ts":1746153708484,"action":"IDE_DEACTIVATED"}
{"ts":1746153709130,"action":"IDE_ACTIVATED"}
{"ts":1746153738690,"action":"IDE_DEACTIVATED"}
{"ts":1746153802737,"action":"IDE_ACTIVATED"}
{"ts":1746153871693,"action":"IDE_DEACTIVATED"}
{"ts":1746157223625,"action":"IDE_ACTIVATED"}
{"ts":1746157300782,"action":"IDE_DEACTIVATED"}
{"ts":1746157340778,"action":"IDE_ACTIVATED"}
{"ts":1746157344877,"action":"IDE_DEACTIVATED"}
{"ts":1746157351772,"action":"IDE_ACTIVATED"}
{"ts":1746157355648,"action":"IDE_DEACTIVATED"}
{"ts":1746157373164,"action":"IDE_ACTIVATED"}
{"ts":1746157374217,"action":"IDE_DEACTIVATED"}
{"ts":1746157385854,"action":"IDE_ACTIVATED"}
{"ts":1746157413870,"action":"IDE_DEACTIVATED"}
{"ts":1746157418721,"action":"IDE_ACTIVATED"}
{"ts":1746157594250,"action":"IDE_DEACTIVATED"}
{"ts":1746157666623,"action":"IDE_ACTIVATED"}
{"ts":1746157792665,"action":"IDE_DEACTIVATED"}
{"ts":1746157803757,"action":"IDE_ACTIVATED"}
{"ts":1746157805421,"action":"IDE_DEACTIVATED"}
{"ts":1746157819366,"action":"IDE_ACTIVATED"}
{"ts":1746157822797,"action":"IDE_DEACTIVATED"}
{"ts":1746157848125,"action":"IDE_ACTIVATED"}
{"ts":1746157849145,"action":"IDE_DEACTIVATED"}
{"ts":1746158807957,"action":"IDE_ACTIVATED"}
{"ts":1746158812466,"action":"IDE_DEACTIVATED"}
{"ts":1746158932981,"action":"IDE_ACTIVATED"}
{"ts":1746158935784,"action":"IDE_DEACTIVATED"}
{"ts":1746158991322,"action":"IDE_ACTIVATED"}
{"ts":1746159009317,"action":"FILE_CLOSED","file":"/Assets/Scripts/Menu/SceneScreenshotTaker.cs","tags":{"FILE_LINE_OF_CODE":"20"}}
{"ts":1746159009317,"action":"FILE_OPENED","file":"/Library/PackageCache/com.oni_sakana.fries/Fries/Inspector/SceneBehaviours/SceneExtensions.cs","tags":{"FILE_LINE_OF_CODE":"30"}}
{"ts":1746159016601,"action":"FILE_CLOSED","file":"/Library/PackageCache/com.oni_sakana.fries/Fries/Inspector/SceneBehaviours/SceneExtensions.cs","tags":{"FILE_LINE_OF_CODE":"30"}}
{"ts":1746159016601,"action":"FILE_OPENED","file":"/Library/PackageCache/com.oni_sakana.fries/Fries/Inspector/SceneBehaviours/SceneSelectCatcher.cs","tags":{"FILE_LINE_OF_CODE":"122"}}
{"ts":1746159019868,"action":"IDE_DEACTIVATED"}
{"ts":1746159023394,"action":"IDE_ACTIVATED"}
{"ts":1746159200089,"action":"IDE_DEACTIVATED"}
{"ts":1746159538058,"action":"IDE_ACTIVATED"}
{"ts":1746159540747,"action":"IDE_DEACTIVATED"}
{"ts":1746159545014,"action":"IDE_ACTIVATED"}
{"ts":1746159549450,"action":"IDE_DEACTIVATED"}
{"ts":1746159646444,"action":"IDE_ACTIVATED"}
{"ts":1746159651286,"action":"FILE_CLOSED","file":"/Library/PackageCache/com.oni_sakana.fries/Fries/Inspector/SceneBehaviours/SceneSelectCatcher.cs","tags":{"FILE_LINE_OF_CODE":"122"}}
{"ts":1746159651286,"action":"FILE_OPENED","file":"/Assets/Scripts/Menu/SceneScreenshotTaker.cs","tags":{"FILE_LINE_OF_CODE":"20"}}
{"ts":1746159659468,"action":"IDE_DEACTIVATED"}
{"ts":1746159675218,"action":"IDE_ACTIVATED"}
{"ts":1746160285659,"action":"IDE_DEACTIVATED"}
{"ts":1746160329328,"action":"IDE_ACTIVATED"}
{"ts":1746160341584,"action":"IDE_DEACTIVATED"}
{"ts":1746160374831,"action":"IDE_ACTIVATED"}
{"ts":1746160490450,"action":"IDE_DEACTIVATED"}
{"ts":1746160562575,"action":"IDE_ACTIVATED"}
{"ts":1746160572541,"action":"IDE_DEACTIVATED"}
{"ts":1746160656381,"action":"IDE_ACTIVATED"}
{"ts":1746160728005,"action":"IDE_DEACTIVATED"}
{"ts":1746160857544,"action":"IDE_ACTIVATED"}
{"ts":1746160857617,"action":"FILE_CLOSED","file":"/Assets/Scripts/Menu/SceneScreenshotTaker.cs","tags":{"FILE_LINE_OF_CODE":"53"}}
{"ts":1746160857617,"action":"FILE_OPENED","file":"/Assets/Scripts/Menu/BlackScreenEffect.cs","tags":{"FILE_LINE_OF_CODE":"41"}}
{"ts":1746160874374,"action":"IDE_DEACTIVATED"}
{"ts":1746160894192,"action":"IDE_ACTIVATED"}
{"ts":1746160896675,"action":"IDE_DEACTIVATED"}
{"ts":1746160902355,"action":"IDE_ACTIVATED"}
{"ts":1746160912821,"action":"IDE_DEACTIVATED"}
{"ts":1746161117018,"action":"IDE_ACTIVATED"}
{"ts":1746161120805,"action":"IDE_DEACTIVATED"}
{"ts":1746161288085,"action":"FILE_CLOSED","file":"/Assets/Scripts/Menu/BlackScreenEffect.cs","tags":{"FILE_LINE_OF_CODE":"42"}}
{"ts":1746161288088,"action":"FILE_OPENED","file":"/Assets/Scripts/Menu/SceneScreenshotTaker.cs","tags":{"FILE_LINE_OF_CODE":"53"}}
{"ts":1746161288111,"action":"IDE_ACTIVATED"}
{"ts":1746161300582,"action":"IDE_ACTIVATED"}
{"ts":1746161300795,"action":"FILE_CLOSED","file":"/Assets/Scripts/Menu/SceneScreenshotTaker.cs","tags":{"FILE_LINE_OF_CODE":"53"}}
{"ts":1746161300795,"action":"FILE_OPENED","file":"/Library/PackageCache/com.oni_sakana.fries/Fries/Inspector/SceneBehaviours/SceneExtensions.cs","tags":{"FILE_LINE_OF_CODE":"30"}}
{"ts":1746161307394,"action":"IDE_DEACTIVATED"}
{"ts":1746161383701,"action":"IDE_ACTIVATED"}
{"ts":1746161383712,"action":"FILE_CLOSED","file":"/Library/PackageCache/com.oni_sakana.fries/Fries/Inspector/SceneBehaviours/SceneExtensions.cs","tags":{"FILE_LINE_OF_CODE":"41"}}
{"ts":1746161383712,"action":"FILE_OPENED","file":"/Assets/Scripts/Menu/SceneScreenshotTaker.cs","tags":{"FILE_LINE_OF_CODE":"53"}}
{"ts":1746161395450,"action":"FILE_CLOSED","file":"/Assets/Scripts/Menu/SceneScreenshotTaker.cs","tags":{"FILE_LINE_OF_CODE":"53"}}
{"ts":1746161395450,"action":"FILE_OPENED","file":"/Library/PackageCache/com.oni_sakana.fries/Fries/Inspector/SceneBehaviours/SceneExtensions.cs","tags":{"FILE_LINE_OF_CODE":"41"}}
{"ts":1746161398647,"action":"IDE_DEACTIVATED"}
{"ts":1746161485799,"action":"IDE_ACTIVATED"}
{"ts":1746161488856,"action":"FILE_CLOSED","file":"/Library/PackageCache/com.oni_sakana.fries/Fries/Inspector/SceneBehaviours/SceneExtensions.cs","tags":{"FILE_LINE_OF_CODE":"41"}}
{"ts":1746161488856,"action":"FILE_OPENED","file":"/Assets/Scripts/Menu/SceneScreenshotTaker.cs","tags":{"FILE_LINE_OF_CODE":"53"}}
{"ts":1746161512677,"action":"IDE_DEACTIVATED"}
{"ts":1746161515558,"action":"IDE_ACTIVATED"}
{"ts":1746161516199,"action":"IDE_DEACTIVATED"}
{"ts":1746161517084,"action":"IDE_ACTIVATED"}
{"ts":1746161520766,"action":"IDE_DEACTIVATED"}
{"ts":1746161526734,"action":"IDE_ACTIVATED"}
{"ts":1746161527185,"action":"FILE_CLOSED","file":"/Assets/Scripts/Menu/SceneScreenshotTaker.cs","tags":{"FILE_LINE_OF_CODE":"53"}}
{"ts":1746161528029,"action":"FILE_OPENED","file":"/Library/PackageCache/com.unity.ugui/Editor/UGUI/UI/SelectableEditor.cs","tags":{"FILE_LINE_OF_CODE":"384"}}
{"ts":1746161531475,"action":"FILE_CLOSED","file":"/Library/PackageCache/com.unity.ugui/Editor/UGUI/UI/SelectableEditor.cs","tags":{"FILE_LINE_OF_CODE":"384"}}
{"ts":1746161534318,"action":"FILE_OPENED","file":"/Assets/Scripts/Menu/LevelSelectorController.cs","tags":{"FILE_LINE_OF_CODE":"271"}}
{"ts":1746161536346,"action":"IDE_DEACTIVATED"}
{"ts":1746161537779,"action":"IDE_ACTIVATED"}
{"ts":1746161545432,"action":"IDE_DEACTIVATED"}
{"ts":1746161551671,"action":"IDE_ACTIVATED"}
{"ts":1746161551813,"action":"FILE_CLOSED","file":"/Assets/Scripts/Menu/LevelSelectorController.cs","tags":{"FILE_LINE_OF_CODE":"271"}}
{"ts":1746161551813,"action":"FILE_OPENED","file":"/Assets/Scripts/Menu/SceneScreenshotTaker.cs","tags":{"FILE_LINE_OF_CODE":"53"}}
{"ts":1746161566584,"action":"IDE_DEACTIVATED"}
{"ts":1746161576697,"action":"IDE_ACTIVATED"}
{"ts":1746161576990,"action":"FILE_CLOSED","file":"/Assets/Scripts/Menu/SceneScreenshotTaker.cs","tags":{"FILE_LINE_OF_CODE":"53"}}
{"ts":1746161577024,"action":"FILE_OPENED","file":"/Library/PackageCache/com.unity.ugui/Editor/UGUI/UI/SelectableEditor.cs","tags":{"FILE_LINE_OF_CODE":"384"}}
{"ts":1746161598315,"action":"FILE_CLOSED","file":"/Library/PackageCache/com.unity.ugui/Editor/UGUI/UI/SelectableEditor.cs","tags":{"FILE_LINE_OF_CODE":"384"}}
{"ts":1746161606693,"action":"IDE_DEACTIVATED"}
{"ts":1746161611308,"action":"IDE_ACTIVATED"}
{"ts":1746161611476,"action":"FILE_OPENED","file":"/Library/PackageCache/com.unity.ugui/Editor/UGUI/UI/SelectableEditor.cs","tags":{"FILE_LINE_OF_CODE":"384"}}
{"ts":1746161614180,"action":"FILE_CLOSED","file":"/Library/PackageCache/com.unity.ugui/Editor/UGUI/UI/SelectableEditor.cs","tags":{"FILE_LINE_OF_CODE":"384"}}
{"ts":1746161616356,"action":"IDE_DEACTIVATED"}
{"ts":1746161617058,"action":"IDE_ACTIVATED"}
{"ts":1746161617158,"action":"FILE_OPENED","file":"/Assets/Scripts/Menu/LevelSelectorController.cs","tags":{"FILE_LINE_OF_CODE":"271"}}
{"ts":1746161621584,"action":"IDE_DEACTIVATED"}
{"ts":1746161629391,"action":"IDE_ACTIVATED"}
{"ts":1746161629493,"action":"FILE_CLOSED","file":"/Assets/Scripts/Menu/LevelSelectorController.cs","tags":{"FILE_LINE_OF_CODE":"271"}}
{"ts":1746161629493,"action":"FILE_OPENED","file":"/Assets/Scripts/Menu/SceneScreenshotTaker.cs","tags":{"FILE_LINE_OF_CODE":"53"}}
{"ts":1746161636154,"action":"FILE_CLOSED","file":"/Assets/Scripts/Menu/SceneScreenshotTaker.cs","tags":{"FILE_LINE_OF_CODE":"53"}}
{"ts":1746161636155,"action":"FILE_OPENED","file":"/Assets/Scripts/Menu/BlackScreenEffect.cs","tags":{"FILE_LINE_OF_CODE":"42"}}
{"ts":1746161641406,"action":"FILE_CLOSED","file":"/Assets/Scripts/Menu/BlackScreenEffect.cs","tags":{"FILE_LINE_OF_CODE":"42"}}
{"ts":1746161641406,"action":"FILE_OPENED","file":"/Assets/Scripts/Menu/SceneScreenshotTaker.cs","tags":{"FILE_LINE_OF_CODE":"53"}}
{"ts":1746161646825,"action":"IDE_DEACTIVATED"}
{"ts":1746161665233,"action":"IDE_ACTIVATED"}
{"ts":1746161701102,"action":"FILE_CLOSED","file":"/Assets/Scripts/Menu/SceneScreenshotTaker.cs","tags":{"FILE_LINE_OF_CODE":"54"}}
{"ts":1746161701102,"action":"FILE_OPENED","file":"/Assets/Scripts/Menu/BlackScreenEffect.cs","tags":{"FILE_LINE_OF_CODE":"42"}}
{"ts":1746161703675,"action":"FILE_CLOSED","file":"/Assets/Scripts/Menu/BlackScreenEffect.cs","tags":{"FILE_LINE_OF_CODE":"42"}}
{"ts":1746161703675,"action":"FILE_OPENED","file":"/Assets/Scripts/Menu/LevelSelectorController.cs","tags":{"FILE_LINE_OF_CODE":"271"}}
{"ts":1746161709147,"action":"FILE_CLOSED","file":"/Assets/Scripts/Menu/LevelSelectorController.cs","tags":{"FILE_LINE_OF_CODE":"271"}}
{"ts":1746161709147,"action":"FILE_OPENED","file":"/Library/PackageCache/com.unity.ugui/Editor/UGUI/UI/SelectableEditor.cs","tags":{"FILE_LINE_OF_CODE":"384"}}
{"ts":1746161710383,"action":"FILE_CLOSED","file":"/Library/PackageCache/com.unity.ugui/Editor/UGUI/UI/SelectableEditor.cs","tags":{"FILE_LINE_OF_CODE":"384"}}
{"ts":1746161710383,"action":"FILE_OPENED","file":"/Library/PackageCache/com.oni_sakana.fries/Fries/Inspector/SceneBehaviours/SceneExtensions.cs","tags":{"FILE_LINE_OF_CODE":"41"}}
{"ts":1746161716718,"action":"FILE_CLOSED","file":"/Library/PackageCache/com.oni_sakana.fries/Fries/Inspector/SceneBehaviours/SceneExtensions.cs","tags":{"FILE_LINE_OF_CODE":"41"}}
{"ts":1746161716718,"action":"FILE_OPENED","file":"/Assets/Scripts/Menu/SceneScreenshotTaker.cs","tags":{"FILE_LINE_OF_CODE":"54"}}
{"ts":1746161730423,"action":"IDE_DEACTIVATED"}
{"ts":1746161730663,"action":"IDE_ACTIVATED"}
{"ts":1746161733508,"action":"IDE_DEACTIVATED"}
{"ts":1746161788336,"action":"IDE_ACTIVATED"}
{"ts":1746161794948,"action":"IDE_DEACTIVATED"}
{"ts":1746161803284,"action":"IDE_ACTIVATED"}
{"ts":1746161804368,"action":"IDE_DEACTIVATED"}
{"ts":1746161805308,"action":"IDE_ACTIVATED"}
{"ts":1746161812226,"action":"IDE_DEACTIVATED"}
{"ts":1746161822625,"action":"IDE_ACTIVATED"}
{"ts":1746161846293,"action":"IDE_DEACTIVATED"}
{"ts":1746161862070,"action":"IDE_ACTIVATED"}
{"ts":1746161883129,"action":"IDE_DEACTIVATED"}
{"ts":1746161891950,"action":"IDE_ACTIVATED"}
{"ts":1746161894677,"action":"FILE_CLOSED","file":"/Assets/Scripts/Menu/SceneScreenshotTaker.cs","tags":{"FILE_LINE_OF_CODE":"49"}}
{"ts":1746161894677,"action":"FILE_OPENED","file":"/Assets/Scripts/Menu/LevelSelectorController.cs","tags":{"FILE_LINE_OF_CODE":"271"}}
{"ts":1746161944541,"action":"FILE_CLOSED","file":"/Assets/Scripts/Menu/LevelSelectorController.cs","tags":{"FILE_LINE_OF_CODE":"271"}}
{"ts":1746161944541,"action":"FILE_OPENED","file":"/Assets/Scripts/Menu/SceneScreenshotTaker.cs","tags":{"FILE_LINE_OF_CODE":"49"}}
{"ts":1746161977476,"action":"FILE_CLOSED","file":"/Assets/Scripts/Menu/SceneScreenshotTaker.cs","tags":{"FILE_LINE_OF_CODE":"51"}}
{"ts":1746161977476,"action":"FILE_OPENED","file":"/Assets/Scripts/Menu/LevelSelectorController.cs","tags":{"FILE_LINE_OF_CODE":"271"}}
{"ts":1746162008092,"action":"IDE_DEACTIVATED"}
{"ts":1746162073637,"action":"IDE_ACTIVATED"}
{"ts":1746162095345,"action":"IDE_DEACTIVATED"}
{"ts":1746162169308,"action":"IDE_ACTIVATED"}
{"ts":1746162178596,"action":"IDE_DEACTIVATED"}
{"ts":1746162211573,"action":"IDE_ACTIVATED"}
{"ts":1746162220502,"action":"IDE_DEACTIVATED"}
{"ts":1746162230778,"action":"IDE_ACTIVATED"}
{"ts":1746162231135,"action":"FILE_CLOSED","file":"/Assets/Scripts/Menu/LevelSelectorController.cs","tags":{"FILE_LINE_OF_CODE":"271"}}
{"ts":1746162231256,"action":"FILE_OPENED","file":"/Library/PackageCache/com.unity.ugui/Editor/UGUI/UI/SelectableEditor.cs","tags":{"FILE_LINE_OF_CODE":"384"}}
{"ts":1746162235207,"action":"FILE_CLOSED","file":"/Library/PackageCache/com.unity.ugui/Editor/UGUI/UI/SelectableEditor.cs","tags":{"FILE_LINE_OF_CODE":"384"}}
{"ts":1746162237267,"action":"IDE_DEACTIVATED"}
{"ts":1746162238132,"action":"IDE_ACTIVATED"}
{"ts":1746162238194,"action":"FILE_OPENED","file":"/Assets/Scripts/Menu/LevelSelectorController.cs","tags":{"FILE_LINE_OF_CODE":"271"}}
{"ts":1746162255055,"action":"IDE_DEACTIVATED"}
{"ts":1746162267485,"action":"IDE_ACTIVATED"}
{"ts":1746162267625,"action":"FILE_CLOSED","file":"/Assets/Scripts/Menu/LevelSelectorController.cs","tags":{"FILE_LINE_OF_CODE":"270"}}
{"ts":1746162267726,"action":"FILE_OPENED","file":"/Library/PackageCache/com.unity.ugui/Editor/UGUI/UI/SelectableEditor.cs","tags":{"FILE_LINE_OF_CODE":"384"}}
{"ts":1746162271463,"action":"FILE_CLOSED","file":"/Library/PackageCache/com.unity.ugui/Editor/UGUI/UI/SelectableEditor.cs","tags":{"FILE_LINE_OF_CODE":"384"}}
{"ts":1746162282411,"action":"IDE_DEACTIVATED"}
{"ts":1746163068042,"action":"IDE_ACTIVATED"}
{"ts":1746163071952,"action":"IDE_DEACTIVATED"}
{"ts":1746163085796,"action":"IDE_ACTIVATED"}
{"ts":1746163085904,"action":"FILE_OPENED","file":"/Library/PackageCache/com.unity.ugui/Editor/UGUI/UI/SelectableEditor.cs","tags":{"FILE_LINE_OF_CODE":"384"}}
{"ts":1746163089387,"action":"FILE_CLOSED","file":"/Library/PackageCache/com.unity.ugui/Editor/UGUI/UI/SelectableEditor.cs","tags":{"FILE_LINE_OF_CODE":"384"}}
{"ts":1746163091717,"action":"IDE_DEACTIVATED"}
{"ts":1746163119134,"action":"FILE_OPENED","file":"/Assets/Scripts/Menu/LevelSelectorController.cs","tags":{"FILE_LINE_OF_CODE":"270"}}
{"ts":1746163119163,"action":"IDE_ACTIVATED"}
{"ts":1746163123082,"action":"FILE_CLOSED","file":"/Assets/Scripts/Menu/LevelSelectorController.cs","tags":{"FILE_LINE_OF_CODE":"270"}}
{"ts":1746163123082,"action":"FILE_OPENED","file":"/Assets/Scripts/Menu/SceneScreenshotTaker.cs","tags":{"FILE_LINE_OF_CODE":"51"}}
{"ts":1746163124290,"action":"FILE_CLOSED","file":"/Assets/Scripts/Menu/SceneScreenshotTaker.cs","tags":{"FILE_LINE_OF_CODE":"51"}}
{"ts":1746163124290,"action":"FILE_OPENED","file":"/Assets/Scripts/Menu/LevelSelectorController.cs","tags":{"FILE_LINE_OF_CODE":"270"}}
{"ts":1746163130265,"action":"IDE_DEACTIVATED"}
{"ts":1746163134610,"action":"IDE_ACTIVATED"}
{"ts":1746163135305,"action":"FILE_CLOSED","file":"/Assets/Scripts/Menu/LevelSelectorController.cs","tags":{"FILE_LINE_OF_CODE":"270"}}
{"ts":1746163135323,"action":"FILE_OPENED","file":"/Library/PackageCache/com.unity.ugui/Editor/UGUI/UI/SelectableEditor.cs","tags":{"FILE_LINE_OF_CODE":"384"}}
{"ts":1746163138002,"action":"FILE_CLOSED","file":"/Library/PackageCache/com.unity.ugui/Editor/UGUI/UI/SelectableEditor.cs","tags":{"FILE_LINE_OF_CODE":"384"}}
{"ts":1746163138002,"action":"FILE_OPENED","file":"/Assets/Scripts/Menu/LevelSelectorController.cs","tags":{"FILE_LINE_OF_CODE":"270"}}
{"ts":1746163141979,"action":"FILE_CLOSED","file":"/Assets/Scripts/Menu/LevelSelectorController.cs","tags":{"FILE_LINE_OF_CODE":"270"}}
{"ts":1746163145175,"action":"FILE_OPENED","file":"/Assets/Scripts/Menu/LevelSelectorController.cs","tags":{"FILE_LINE_OF_CODE":"270"}}
{"ts":1746163151353,"action":"FILE_CLOSED","file":"/Assets/Scripts/Menu/LevelSelectorController.cs","tags":{"FILE_LINE_OF_CODE":"270"}}
{"ts":1746163151353,"action":"FILE_OPENED","file":"/Library/PackageCache/com.oni_sakana.fries/Fries/Data/StringList.cs","tags":{"FILE_LINE_OF_CODE":"88"}}
{"ts":1746163163462,"action":"FILE_CLOSED","file":"/Library/PackageCache/com.oni_sakana.fries/Fries/Data/StringList.cs","tags":{"FILE_LINE_OF_CODE":"88"}}
{"ts":1746163163462,"action":"FILE_OPENED","file":"/Assets/Scripts/Menu/LevelSelectorController.cs","tags":{"FILE_LINE_OF_CODE":"270"}}
{"ts":1746163169769,"action":"FILE_CLOSED","file":"/Assets/Scripts/Menu/LevelSelectorController.cs","tags":{"FILE_LINE_OF_CODE":"270"}}
{"ts":1746163169769,"action":"FILE_OPENED","file":"/Assets/Scripts/Menu/SceneScreenshotTaker.cs","tags":{"FILE_LINE_OF_CODE":"51"}}
{"ts":1746163174851,"action":"FILE_CLOSED","file":"/Assets/Scripts/Menu/SceneScreenshotTaker.cs","tags":{"FILE_LINE_OF_CODE":"51"}}
{"ts":1746163174851,"action":"FILE_OPENED","file":"/Assets/Scripts/Menu/LevelSelectorController.cs","tags":{"FILE_LINE_OF_CODE":"270"}}
{"ts":1746163186845,"action":"FILE_CLOSED","file":"/Assets/Scripts/Menu/LevelSelectorController.cs","tags":{"FILE_LINE_OF_CODE":"270"}}
{"ts":1746163186845,"action":"FILE_OPENED","file":"/Assets/Scripts/Menu/SceneScreenshotTaker.cs","tags":{"FILE_LINE_OF_CODE":"51"}}
{"ts":1746163191976,"action":"IDE_DEACTIVATED"}
{"ts":1746163205657,"action":"IDE_ACTIVATED"}
{"ts":1746163205794,"action":"FILE_CLOSED","file":"/Assets/Scripts/Menu/SceneScreenshotTaker.cs","tags":{"FILE_LINE_OF_CODE":"51"}}
{"ts":1746163205889,"action":"FILE_OPENED","file":"/Library/PackageCache/com.unity.ugui/Editor/UGUI/UI/SelectableEditor.cs","tags":{"FILE_LINE_OF_CODE":"384"}}
{"ts":1746163208726,"action":"FILE_CLOSED","file":"/Library/PackageCache/com.unity.ugui/Editor/UGUI/UI/SelectableEditor.cs","tags":{"FILE_LINE_OF_CODE":"384"}}
{"ts":1746163211731,"action":"IDE_DEACTIVATED"}
{"ts":1746163212471,"action":"IDE_ACTIVATED"}
{"ts":1746163212613,"action":"FILE_OPENED","file":"/Assets/Scripts/Menu/LevelSelectorController.cs","tags":{"FILE_LINE_OF_CODE":"270"}}
{"ts":1746163218417,"action":"IDE_DEACTIVATED"}
{"ts":1746163223775,"action":"IDE_ACTIVATED"}
{"ts":1746163223893,"action":"FILE_CLOSED","file":"/Assets/Scripts/Menu/LevelSelectorController.cs","tags":{"FILE_LINE_OF_CODE":"270"}}
{"ts":1746163223893,"action":"FILE_OPENED","file":"/Assets/Scripts/Menu/SceneScreenshotTaker.cs","tags":{"FILE_LINE_OF_CODE":"51"}}
{"ts":1746163233757,"action":"IDE_DEACTIVATED"}
{"ts":1746163245794,"action":"IDE_ACTIVATED"}
{"ts":1746163245926,"action":"FILE_CLOSED","file":"/Assets/Scripts/Menu/SceneScreenshotTaker.cs","tags":{"FILE_LINE_OF_CODE":"51"}}
{"ts":1746163245997,"action":"FILE_OPENED","file":"/Library/PackageCache/com.unity.ugui/Editor/UGUI/UI/SelectableEditor.cs","tags":{"FILE_LINE_OF_CODE":"384"}}
{"ts":1746163249267,"action":"FILE_CLOSED","file":"/Library/PackageCache/com.unity.ugui/Editor/UGUI/UI/SelectableEditor.cs","tags":{"FILE_LINE_OF_CODE":"384"}}
{"ts":1746163251730,"action":"IDE_DEACTIVATED"}
{"ts":1746163262005,"action":"IDE_ACTIVATED"}
{"ts":1746163263385,"action":"IDE_DEACTIVATED"}
{"ts":1746163264106,"action":"IDE_ACTIVATED"}
{"ts":1746163264232,"action":"FILE_OPENED","file":"/Assets/Scripts/Menu/LevelSelectorController.cs","tags":{"FILE_LINE_OF_CODE":"270"}}
{"ts":1746163279374,"action":"IDE_DEACTIVATED"}
{"ts":1746163286088,"action":"IDE_ACTIVATED"}
{"ts":1746163286188,"action":"FILE_CLOSED","file":"/Assets/Scripts/Menu/LevelSelectorController.cs","tags":{"FILE_LINE_OF_CODE":"270"}}
{"ts":1746163286307,"action":"FILE_OPENED","file":"/Library/PackageCache/com.unity.ugui/Editor/UGUI/UI/SelectableEditor.cs","tags":{"FILE_LINE_OF_CODE":"384"}}
{"ts":1746163288809,"action":"FILE_CLOSED","file":"/Library/PackageCache/com.unity.ugui/Editor/UGUI/UI/SelectableEditor.cs","tags":{"FILE_LINE_OF_CODE":"384"}}
{"ts":1746163290684,"action":"IDE_DEACTIVATED"}
{"ts":1746163291410,"action":"IDE_ACTIVATED"}
{"ts":1746163291527,"action":"FILE_OPENED","file":"/Assets/Scripts/Menu/LevelSelectorController.cs","tags":{"FILE_LINE_OF_CODE":"270"}}
{"ts":1746163294676,"action":"FILE_CLOSED","file":"/Assets/Scripts/Menu/LevelSelectorController.cs","tags":{"FILE_LINE_OF_CODE":"270"}}
{"ts":1746163294676,"action":"FILE_OPENED","file":"/Library/PackageCache/com.oni_sakana.fries/Fries/Data/StringList.cs","tags":{"FILE_LINE_OF_CODE":"88"}}
{"ts":1746163340928,"action":"FILE_CLOSED","file":"/Library/PackageCache/com.oni_sakana.fries/Fries/Data/StringList.cs","tags":{"FILE_LINE_OF_CODE":"88"}}
{"ts":1746163340928,"action":"FILE_OPENED","file":"/Assets/Scripts/Menu/LevelSelectorController.cs","tags":{"FILE_LINE_OF_CODE":"270"}}
{"ts":1746163349216,"action":"IDE_DEACTIVATED"}
{"ts":1746163350890,"action":"IDE_ACTIVATED"}
{"ts":1746163476181,"action":"IDE_DEACTIVATED"}
{"ts":1746163490190,"action":"IDE_ACTIVATED"}
{"ts":1746163490959,"action":"IDE_DEACTIVATED"}
{"ts":1746163527924,"action":"IDE_ACTIVATED"}
{"ts":1746163528132,"action":"FILE_CLOSED","file":"/Assets/Scripts/Menu/LevelSelectorController.cs","tags":{"FILE_LINE_OF_CODE":"270"}}
{"ts":1746163528265,"action":"FILE_OPENED","file":"/Library/PackageCache/com.unity.ugui/Editor/UGUI/UI/SelectableEditor.cs","tags":{"FILE_LINE_OF_CODE":"384"}}
{"ts":1746163533377,"action":"FILE_CLOSED","file":"/Library/PackageCache/com.unity.ugui/Editor/UGUI/UI/SelectableEditor.cs","tags":{"FILE_LINE_OF_CODE":"384"}}
{"ts":1746163630871,"action":"IDE_DEACTIVATED"}
{"ts":1746163669148,"action":"IDE_ACTIVATED"}
{"ts":1746163669297,"action":"FILE_OPENED","file":"/Library/PackageCache/com.unity.ugui/Editor/UGUI/UI/SelectableEditor.cs","tags":{"FILE_LINE_OF_CODE":"384"}}
{"ts":1746163675947,"action":"IDE_DEACTIVATED"}
{"ts":1746163686679,"action":"IDE_ACTIVATED"}
{"ts":1746163689950,"action":"FILE_CLOSED","file":"/Library/PackageCache/com.unity.ugui/Editor/UGUI/UI/SelectableEditor.cs","tags":{"FILE_LINE_OF_CODE":"384"}}
{"ts":1746163689950,"action":"FILE_OPENED","file":"/Assets/Scripts/Menu/LevelSelectorController.cs","tags":{"FILE_LINE_OF_CODE":"270"}}
{"ts":1746163727636,"action":"IDE_DEACTIVATED"}
{"ts":1746163730061,"action":"IDE_ACTIVATED"}
{"ts":1746163772290,"action":"IDE_DEACTIVATED"}
{"ts":1746163806544,"action":"IDE_ACTIVATED"}
{"ts":1746163807605,"action":"IDE_DEACTIVATED"}
{"ts":1746163808305,"action":"IDE_ACTIVATED"}
{"ts":1746163814109,"action":"FILE_CLOSED","file":"/Assets/Scripts/Menu/LevelSelectorController.cs","tags":{"FILE_LINE_OF_CODE":"270"}}
{"ts":1746163814109,"action":"FILE_OPENED","file":"/Assets/Scripts/Menu/LevelWidget.cs","tags":{"FILE_LINE_OF_CODE":"68"}}
{"ts":1746163829308,"action":"IDE_DEACTIVATED"}
{"ts":1746164019105,"action":"IDE_ACTIVATED"}
{"ts":1746164023302,"action":"IDE_DEACTIVATED"}
{"ts":1746164030344,"action":"IDE_ACTIVATED"}
{"ts":1746164033405,"action":"IDE_DEACTIVATED"}
{"ts":1746164033630,"action":"IDE_ACTIVATED"}
{"ts":1746164059723,"action":"IDE_DEACTIVATED"}
{"ts":1746164077504,"action":"IDE_ACTIVATED"}
{"ts":1746164086583,"action":"IDE_DEACTIVATED"}
{"ts":1746164087154,"action":"IDE_ACTIVATED"}
{"ts":1746164094785,"action":"IDE_DEACTIVATED"}
{"ts":1746164104509,"action":"IDE_ACTIVATED"}
{"ts":1746164104630,"action":"FILE_CLOSED","file":"/Assets/Scripts/Menu/LevelWidget.cs","tags":{"FILE_LINE_OF_CODE":"69"}}
{"ts":1746164104762,"action":"FILE_OPENED","file":"/Library/PackageCache/com.unity.ugui/Editor/UGUI/UI/SelectableEditor.cs","tags":{"FILE_LINE_OF_CODE":"384"}}
{"ts":1746164107457,"action":"FILE_CLOSED","file":"/Library/PackageCache/com.unity.ugui/Editor/UGUI/UI/SelectableEditor.cs","tags":{"FILE_LINE_OF_CODE":"384"}}
{"ts":1746164109823,"action":"IDE_DEACTIVATED"}
{"ts":1746164110777,"action":"IDE_ACTIVATED"}
{"ts":1746164110936,"action":"FILE_OPENED","file":"/Assets/Scripts/Menu/LevelSelectorController.cs","tags":{"FILE_LINE_OF_CODE":"270"}}
{"ts":1746164115431,"action":"FILE_CLOSED","file":"/Assets/Scripts/Menu/LevelSelectorController.cs","tags":{"FILE_LINE_OF_CODE":"270"}}
{"ts":1746164115431,"action":"FILE_OPENED","file":"/Assets/Scripts/Menu/LevelWidget.cs","tags":{"FILE_LINE_OF_CODE":"69"}}
{"ts":1746164120364,"action":"FILE_CLOSED","file":"/Assets/Scripts/Menu/LevelWidget.cs","tags":{"FILE_LINE_OF_CODE":"69"}}
{"ts":1746164120364,"action":"FILE_OPENED","file":"/Assets/Scripts/Menu/LevelSelectorController.cs","tags":{"FILE_LINE_OF_CODE":"270"}}
{"ts":1746164127511,"action":"IDE_DEACTIVATED"}
{"ts":1746164128917,"action":"IDE_ACTIVATED"}
{"ts":1746164132322,"action":"IDE_DEACTIVATED"}
{"ts":1746164153976,"action":"IDE_ACTIVATED"}
{"ts":1746164154133,"action":"FILE_CLOSED","file":"/Assets/Scripts/Menu/LevelSelectorController.cs","tags":{"FILE_LINE_OF_CODE":"270"}}
{"ts":1746164154227,"action":"FILE_OPENED","file":"/Library/PackageCache/com.unity.ugui/Editor/UGUI/UI/SelectableEditor.cs","tags":{"FILE_LINE_OF_CODE":"384"}}
{"ts":1746164157097,"action":"FILE_CLOSED","file":"/Library/PackageCache/com.unity.ugui/Editor/UGUI/UI/SelectableEditor.cs","tags":{"FILE_LINE_OF_CODE":"384"}}
{"ts":1746164159276,"action":"IDE_DEACTIVATED"}
{"ts":1746164160436,"action":"IDE_ACTIVATED"}
{"ts":1746164160495,"action":"FILE_OPENED","file":"/Assets/Scripts/Menu/LevelWidget.cs","tags":{"FILE_LINE_OF_CODE":"69"}}
{"ts":1746164173404,"action":"IDE_DEACTIVATED"}
{"ts":1746164173590,"action":"IDE_ACTIVATED"}
{"ts":1746164179471,"action":"IDE_DEACTIVATED"}
{"ts":1746164182783,"action":"IDE_ACTIVATED"}
{"ts":1746164182820,"action":"FILE_CLOSED","file":"/Assets/Scripts/Menu/LevelWidget.cs","tags":{"FILE_LINE_OF_CODE":"69"}}
{"ts":1746164182820,"action":"FILE_OPENED","file":"/Assets/Scripts/Menu/BlackScreenEffect.cs","tags":{"FILE_LINE_OF_CODE":"42"}}
{"ts":1746164188746,"action":"IDE_DEACTIVATED"}
{"ts":1746164202185,"action":"IDE_ACTIVATED"}
{"ts":1746164202289,"action":"FILE_CLOSED","file":"/Assets/Scripts/Menu/BlackScreenEffect.cs","tags":{"FILE_LINE_OF_CODE":"42"}}
{"ts":1746164202404,"action":"FILE_OPENED","file":"/Library/PackageCache/com.unity.ugui/Editor/UGUI/UI/SelectableEditor.cs","tags":{"FILE_LINE_OF_CODE":"384"}}
{"ts":1746164203891,"action":"FILE_CLOSED","file":"/Library/PackageCache/com.unity.ugui/Editor/UGUI/UI/SelectableEditor.cs","tags":{"FILE_LINE_OF_CODE":"384"}}
{"ts":1746164206093,"action":"IDE_DEACTIVATED"}
{"ts":1746164215005,"action":"FILE_OPENED","file":"/Assets/Scripts/Menu/BlackScreenEffect.cs","tags":{"FILE_LINE_OF_CODE":"42"}}
{"ts":1746164215035,"action":"IDE_ACTIVATED"}
{"ts":1746164227810,"action":"FILE_CLOSED","file":"/Assets/Scripts/Menu/BlackScreenEffect.cs","tags":{"FILE_LINE_OF_CODE":"43"}}
{"ts":1746164227810,"action":"FILE_OPENED","file":"/Assets/Scripts/Menu/SceneScreenshotTaker.cs","tags":{"FILE_LINE_OF_CODE":"51"}}
{"ts":1746164230520,"action":"FILE_CLOSED","file":"/Assets/Scripts/Menu/SceneScreenshotTaker.cs","tags":{"FILE_LINE_OF_CODE":"51"}}
{"ts":1746164230520,"action":"FILE_OPENED","file":"/Assets/Scripts/Menu/LevelSelectorController.cs","tags":{"FILE_LINE_OF_CODE":"270"}}
{"ts":1746164234148,"action":"FILE_CLOSED","file":"/Assets/Scripts/Menu/LevelSelectorController.cs","tags":{"FILE_LINE_OF_CODE":"270"}}
{"ts":1746164234148,"action":"FILE_OPENED","file":"/Assets/Scripts/Menu/LevelWidget.cs","tags":{"FILE_LINE_OF_CODE":"69"}}
{"ts":1746164244755,"action":"FILE_CLOSED","file":"/Assets/Scripts/Menu/LevelWidget.cs","tags":{"FILE_LINE_OF_CODE":"69"}}
{"ts":1746164244755,"action":"FILE_OPENED","file":"/Assets/Scripts/Menu/BlackScreenEffect.cs","tags":{"FILE_LINE_OF_CODE":"43"}}
{"ts":1746164262551,"action":"IDE_DEACTIVATED"}
{"ts":1746164277586,"action":"IDE_ACTIVATED"}
{"ts":1746164277790,"action":"FILE_CLOSED","file":"/Assets/Scripts/Menu/BlackScreenEffect.cs","tags":{"FILE_LINE_OF_CODE":"43"}}
{"ts":1746164278194,"action":"FILE_OPENED","file":"/Library/PackageCache/com.unity.ugui/Editor/UGUI/UI/SelectableEditor.cs","tags":{"FILE_LINE_OF_CODE":"384"}}
{"ts":1746164280607,"action":"FILE_CLOSED","file":"/Library/PackageCache/com.unity.ugui/Editor/UGUI/UI/SelectableEditor.cs","tags":{"FILE_LINE_OF_CODE":"384"}}
{"ts":1746164285856,"action":"IDE_DEACTIVATED"}
{"ts":1746164323350,"action":"IDE_ACTIVATED"}
{"ts":1746164326554,"action":"IDE_DEACTIVATED"}
{"ts":1746164332997,"action":"IDE_ACTIVATED"}
{"ts":1746164333264,"action":"FILE_OPENED","file":"/Library/PackageCache/com.unity.ugui/Editor/UGUI/UI/SelectableEditor.cs","tags":{"FILE_LINE_OF_CODE":"384"}}
{"ts":1746164334744,"action":"FILE_CLOSED","file":"/Library/PackageCache/com.unity.ugui/Editor/UGUI/UI/SelectableEditor.cs","tags":{"FILE_LINE_OF_CODE":"384"}}
{"ts":1746164336297,"action":"IDE_DEACTIVATED"}
{"ts":1746164338716,"action":"IDE_ACTIVATED"}
{"ts":1746164339994,"action":"IDE_DEACTIVATED"}
{"ts":1746164347196,"action":"IDE_ACTIVATED"}
{"ts":1746164347297,"action":"FILE_OPENED","file":"/Assets/Scripts/Menu/SceneScreenshotTaker.cs","tags":{"FILE_LINE_OF_CODE":"51"}}
{"ts":1746164357455,"action":"IDE_DEACTIVATED"}
{"ts":1746164361481,"action":"IDE_ACTIVATED"}
{"ts":1746164364783,"action":"IDE_DEACTIVATED"}
{"ts":1746164409214,"action":"IDE_ACTIVATED"}
{"ts":1746164416107,"action":"FILE_CLOSED","file":"/Assets/Scripts/Menu/SceneScreenshotTaker.cs","tags":{"FILE_LINE_OF_CODE":"51"}}
{"ts":1746164416107,"action":"FILE_OPENED","file":"/Assets/Scripts/Menu/BlackScreenEffect.cs","tags":{"FILE_LINE_OF_CODE":"43"}}
{"ts":1746164427515,"action":"IDE_DEACTIVATED"}
{"ts":1746164495864,"action":"IDE_ACTIVATED"}
{"ts":1746164521461,"action":"IDE_DEACTIVATED"}
{"ts":1746164630529,"action":"IDE_ACTIVATED"}
{"ts":1746164671572,"action":"IDE_DEACTIVATED"}
